system,row_id,entity_type,start,end,predicted_text,category,overlapping_original_labels,context
presidio_de_core_news_lg,0,PRIVATE_URL,109,120,outlook.com,overlaps_other_reference_label,EMAIL,"zu gewährleisten, bitten wir Sie, Ihre aktuellen Kontaktdaten zu bestätigen: E‑Mail M1976@outlook.com und Telefon 01 64-18.80-87. Bitte senden Sie die Informationen bis zum 25/02/2019 an die "
presidio_de_core_news_lg,2,PRIVATE_URL,318,327,yahoo.com,overlaps_other_reference_label,EMAIL,"inhaltet. Bitte bestätigen Sie Ihre Teilnahme bis zum 1976-09-23T00:00:00 per E‑Mail an B@yahoo.com oder telefonisch unter +0985459.6866, damit wir die nötigen Vorbereitungen treffen können"
presidio_de_core_news_lg,3,PRIVATE_URL,543,552,gmail.com,overlaps_other_reference_label,EMAIL,30939995848 bei der telefonischen Bestätigung an; bei Fragen kontaktieren Sie uns unter H@gmail.com oder +335-463 514.2656.
presidio_de_core_news_lg,4,PRIVATE_URL,209,218,gmail.com,overlaps_other_reference_label,EMAIL,"oir‑Set erhält. Er notiert das Shooting‑Datum: 05/01/1965 und sendet die Bestätigung an K@gmail.com. Sein Alter von 30 Jahren verleiht ihm die nötige Erfahrung, doch das Rätsel um das versc"
presidio_de_core_news_lg,6,PRIVATE_URL,386,397,outlook.com,overlaps_other_reference_label,EMAIL,0er‑Jahre. Bitte bestätigen Sie Ihre Teilnahme bis spätestens 08/08/1970 per E‑Mail an ZB@outlook.com oder telefonisch unter 0043 317286399. Für die Reservierung des Zimmers ist eine Anzahlun
presidio_de_core_news_lg,7,PRIVATE_URL,342,351,gmail.com,overlaps_other_reference_label,EMAIL," Geschlecht: Männlich – Geschlechtliche Identität: Nicht-binär
E‑Mail‑Adresse: fakkhnifer@gmail.com
Telefonnummer (mobil): +72.461463177
Adresse: Grillhofweg 429, 9020 Innsbruck
Personalaus"
presidio_de_core_news_lg,8,PRIVATE_URL,838,849,outlook.com,overlaps_other_reference_label,EMAIL,"n Sie unser Team rund um die Uhr unter der Nummer 0195.66-254 4199 oder per E‑Mail an SHA@outlook.com.
Wir freuen uns darauf, gemeinsam mit Ihnen in die goldene Ära der 60er‑ und 70er‑Jahre e"
presidio_de_core_news_lg,9,PRIVATE_URL,317,324,aol.com,overlaps_other_reference_label,EMAIL,"epass‑Nr.: Z8643660\nAdresse: Fandorf 3, 6080 Salzburg\nTelefon: 067-287.6516\nE‑Mail: NG@aol.com\nKreditkarte (letzte 4 Ziffern): 5038873201684922525"
presidio_de_core_news_lg,10,PRIVATE_URL,330,341,outlook.com,overlaps_other_reference_label,EMAIL,"echt: Weiblich / Geschlechtsidentität: Nicht spezifiziert
2. Kontaktdaten
   • E‑Mail: DP@outlook.com
   • Telefon: +43.91.235.4323
   • Anschrift: Rennweg 8, 4060 Graz Gries Gries
3. Identit"
presidio_de_core_news_lg,10,PRIVATE_URL,974,983,gmail.com,overlaps_other_reference_label,EMAIL,"sprecher):
Bitte senden Sie das ausgefüllte Formular bis spätestens April 13., 2025 an PR@gmail.com oder per Post an: Doblerweg 21, 9020 Salzburg. Wir freuen uns auf Ihre Teilnahme!"
presidio_de_core_news_lg,12,PRIVATE_URL,402,413,outlook.com,overlaps_other_reference_label,EMAIL,"liche Kontrolle des Blutdrucks; die Kontaktdaten des Patienten sind +4313938.8295 und S54@outlook.com.
3. Dokumentation: Bitte führen Sie ein Trainingsprotokoll und legen Sie Ihren aktuellen "
presidio_de_core_news_lg,14,PRIVATE_URL,330,339,gmail.com,overlaps_other_reference_label,EMAIL, 77 % zugenommen hat. Für weitere Informationen kontaktieren Sie bitte unser Team unter S@gmail.com oder +43585 949.5998.
presidio_de_core_news_lg,15,PRIVATE_URL,162,173,hotmail.com,overlaps_other_reference_label,EMAIL,hr Alter (68) und Ihr Geschlecht (Geschlechterqueer) an. Senden Sie Ihre Antworten an V11@hotmail.com bis zum 16/10/1987.
presidio_de_core_news_lg,16,PRIVATE_URL,272,279,aol.com,overlaps_other_reference_label,EMAIL," Liebenau Liebenau statt, Postleitzahl 4020. Für Medienanfragen kontaktieren Sie bitte SB@aol.com oder rufen Sie +4355-813.5779 an."
presidio_de_core_news_lg,18,PRIVATE_URL,366,378,tutanota.com,overlaps_other_reference_label,EMAIL,"meldebestätigung sowie eine Kopie Ihres 93521945 bis spätestens 30/04/1954 an artjookubit@tutanota.com. Sollten Sie spezielle Nahrungs‑ oder Medikamentenunverträglichkeiten haben, teilen Sie u"
presidio_de_core_news_lg,20,PRIVATE_URL,428,437,gmail.com,overlaps_other_reference_label,EMAIL,"42), Geschlecht (O), Geschlechtsidentität (Männlich), und die angegebenen Kontaktdaten (G@gmail.com, +032.209.903.2563).
Die finanzielle Abwicklung erfolgt über die hinterlegte Kreditkarte "
presidio_de_core_news_lg,22,PRIVATE_URL,129,138,gmail.com,overlaps_other_reference_label,EMAIL,"ess‑Challenge zu erstellen, benötigt Fr Thaleia Repnik die Kontaktdaten von teobalbenkhal@gmail.com sowie die Telefonnummer 011239229-9981; die monatlichen Kosten werden auf das Konto mit d"
presidio_de_core_news_lg,24,PRIVATE_URL,493,507,protonmail.com,overlaps_other_reference_label,EMAIL,"rialien.
Bitte bestätigen Sie Ihre Teilnahme bis zum Januar 16., 1965 per E‑Mail an 31VPS@protonmail.com oder telefonisch unter +45 82 861.3489.
Mit freundlichen Grüßen,
Hr Thilaxsan Alipur"
presidio_de_core_news_lg,25,PRIVATE_URL,186,197,hotmail.com,overlaps_other_reference_label,EMAIL,"ik
Alter: 47
Geschlecht: Männlich / Bigender
Geburtsdatum: 1945-07-11T00:00:00
E‑Mail: FM@hotmail.com
Telefon: +43.56 975 2576
Anschrift: Klimschgasse 1859, 1120 Klagenfurt am Wörthersee Vikt"
presidio_de_core_news_lg,27,PRIVATE_URL,440,451,hotmail.com,overlaps_other_reference_label,EMAIL,en Sie die beigefügten Daten und senden Sie Ihre Anmerkungen bis zum 30. Januar 1937 an T@hotmail.com.
presidio_de_core_news_lg,28,PRIVATE_URL,322,333,outlook.com,overlaps_other_reference_label,EMAIL,"genfurt am Wörthersee Völkermarkter Vorstadt; Kontakt: Telefon +43-563585872, E‑Mail 10FL@outlook.com; Steuernummer: 30-0485661."
presidio_de_core_news_lg,34,PRIVATE_URL,267,278,outlook.com,overlaps_other_reference_label,EMAIL,"ober 1940 anmelden sollten, da die Plätze begrenzt sind. Schreib mir bitte eine Mail an D@outlook.com oder ruf an unter +43759.209.1150, wenn du Fragen hast. Übrigens, das Event ist offen für"
presidio_de_core_news_lg,36,PRIVATE_URL,342,353,outlook.com,overlaps_other_reference_label,EMAIL," weitere Fragen haben, erreichen Sie mich unter +43.067.981.0106 oder per E‑Mail an 1967M@outlook.com."
presidio_de_core_news_lg,38,PRIVATE_URL,243,254,hotmail.com,overlaps_other_reference_label,EMAIL,"Bitte bestätigen Sie Ihre Teilnahme, indem Sie Ihre Kontaktdaten per E‑Mail an jiaxilampl@hotmail.com oder telefonisch unter 0143 65-411-6499 übermitteln. Der Veranstaltungsort befindet sich "
presidio_de_core_news_lg,40,PRIVATE_URL,274,285,hotmail.com,overlaps_other_reference_label,EMAIL,"indet sich in der Höttinger Auffahrt 711. Bitte bestätige deine Teilnahme per E‑Mail an A@hotmail.com.

Herzliche Grüße,
Fr Jiranan Massia"
presidio_de_core_news_lg,42,PRIVATE_URL,439,451,tutanota.com,overlaps_other_reference_label,EMAIL,g in Fachzeitschriften. Bitte senden Sie Ihre bestätigte Teilnahme am Presseevent an 15MM@tutanota.com und geben Sie Ihre 25224739 für die Zutrittskontrolle an. Wir erwarten Ihre Rückmeldung b
presidio_de_core_news_lg,44,PRIVATE_URL,280,289,yahoo.com,overlaps_other_reference_label,EMAIL,töße melden Sie bitte an die Personalabteilung unter +43 00-226.3005 oder per E‑Mail an B@yahoo.com.
presidio_de_core_news_lg,46,PRIVATE_URL,400,409,yahoo.com,overlaps_other_reference_label,EMAIL,"ert werden. Bitte senden Sie Ihre aktuellen Kontaktdaten, einschließlich Ihrer E‑Mail (OK@yahoo.com) und Telefon (01715.427-869 4980), sowie Ihre persönlichen Angaben (Geburtsdatum: Dezembe"
presidio_de_core_news_lg,48,PRIVATE_URL,264,275,outlook.com,overlaps_other_reference_label,EMAIL,"rägt 62 von 100 Punkten. Für Rückfragen erreichen Sie mich per Mail unter josselhundskopf@outlook.com oder Telefon +43.44-397-4649."""
presidio_de_core_news_lg,49,PRIVATE_URL,277,286,yahoo.com,overlaps_other_reference_label,EMAIL,"
   Geschlecht (biologisch): Weiblich
   Geschlecht (Identität): Agender
   E‑Mail: 2006D@yahoo.com
   Telefonnummer: +27.80 501 9345

2. Wohnadresse
   Straße und Hausnummer: Gumppstraße 7"
presidio_de_core_news_lg,53,PRIVATE_URL,599,610,hotmail.com,overlaps_other_reference_label,EMAIL,"oder 62), schicken Sie mir bis zum genannten Termin eine kurze Nachricht per E‑Mail an EJ@hotmail.com.

Vielen Dank für Ihre Unterstützung!

Mit freundlichen Grüßen
Meist Sejdalija Poysden"
presidio_de_core_news_lg,54,PRIVATE_URL,523,532,yahoo.com,overlaps_other_reference_label,EMAIL,"llbarer Tisch): ______________________
10. Kontakttelefon: 055 0081.1866
11. E‑Mail: MC04@yahoo.com

Bitte das ausgefüllte Formular bis zum 13/09/1996 an die Personalabteilung senden."
presidio_de_core_news_lg,55,PRIVATE_URL,172,183,hotmail.com,overlaps_other_reference_label,EMAIL,o in der Puchstraße 54 in Innsbruck erstellt. Bitte senden Sie das Layout per E‑Mail an O@hotmail.com und fügen Sie Ihre 3MDACD3M8Z sowie die 26-7008333 für die Abrechnung bei.
presidio_de_core_news_lg,64,PRIVATE_URL,306,315,gmail.com,overlaps_other_reference_label,EMAIL,Ihre Zahlung. Bei Fragen zum Beleg wenden Sie sich bitte an unser Finanzteam unter 1999RK@gmail.com oder telefonisch unter 030-0905097 .
presidio_de_core_news_lg,65,PRIVATE_URL,153,162,yahoo.com,overlaps_other_reference_label,EMAIL,"ren Namen an (optional): Vitale Tourish Hildesheimer Vrugt
E‑Mail (für Rückfragen): 1944S@yahoo.com
Datum des Events: August/10
Wie bewerten Sie das Gesamtangebot? (1‑5 Sterne)
Wie empfande"
presidio_de_core_news_lg,67,PRIVATE_URL,363,372,gmail.com,overlaps_other_reference_label,EMAIL,"aße 1254 in 6020 Salzburg Altstadt Altstadt, und teilen Sie uns Ihre bevorzugte Kontakt‑N@gmail.com sowie 048 050.0835 mit."
presidio_de_core_news_lg,70,PRIVATE_URL,200,209,yahoo.com,overlaps_other_reference_label,EMAIL,"ember/71
Alter: 62
Geschlecht (Biologisch): O
Geschlechtsidentität: Androgyn
E‑Mail: CO24@yahoo.com
Telefon: +43-169516349
Adresse: Hamerlingstraße 82, Graz 5020
Steuernummer: 57-3421675
Au"
presidio_de_core_news_lg,71,PRIVATE_URL,328,337,gmail.com,overlaps_other_reference_label,EMAIL,2 und 56 automatisch berücksichtigt. Für eine sichere Anmeldung senden Sie bitte Ihre 47S@gmail.com sowie die 95-9013034 an unser System.
presidio_de_core_news_lg,72,PRIVATE_URL,418,430,tutanota.com,overlaps_other_reference_label,EMAIL,"gen 36851607 und bestätigen Sie die Bedingungen per Klick auf den Link, den wir an Ihre S@tutanota.com gesendet haben."
presidio_de_core_news_lg,74,PRIVATE_URL,204,211,aol.com,overlaps_other_reference_label,EMAIL,"Anschrift: Harrachgasse 16, 1020 Salzburg; Kontakt: Telefon +435-692 679.6347, E‑Mail 13S@aol.com; Identifikationsnummer: 01555368."
presidio_de_core_news_lg,75,PRIVATE_URL,553,562,gmail.com,overlaps_other_reference_label,EMAIL,"0 Jahren. Bitte prüfen Sie die angehängte Vorlage und senden Sie Ihr Feedback an ediarcar@gmail.com bis spätestens 13/07/1973.

Mit freundlichen Grüßen,
Professorin Olanrewaju Shaun de Poma"
presidio_de_core_news_lg,76,PRIVATE_URL,55,66,hotmail.com,overlaps_other_reference_label,EMAIL,"Bitte bestätigen Sie Ihre Teilnahme, indem Sie Ihre NV@hotmail.com und Ihre Mobilnummer +43.80166.3318 zusammen mit Ihrem Personalausweis‑Nummer 59645622 an"
presidio_de_core_news_lg,77,PRIVATE_URL,280,291,outlook.com,overlaps_other_reference_label,EMAIL,"   • Geschlechtsidentität: Androgyn
   • Alter: 6
2. Kontaktinformationen:
   • E‑Mail: Y@outlook.com
   • Telefon: 05735-17868 
   • Adresse: Roseggerstraße 115
   • Postleitzahl: 1200
   • "
presidio_de_core_news_lg,78,PRIVATE_URL,461,472,hotmail.com,overlaps_other_reference_label,EMAIL,"te bestätigen Sie Ihre Teilnahme bis zum 15. des Monats, indem Sie eine E‑Mail an arimoro@hotmail.com senden oder uns unter 01437.692.569.4462 anrufen. Wir haben für jede Teilnahme ein persön"
presidio_de_core_news_lg,80,PRIVATE_URL,280,287,aol.com,overlaps_other_reference_label,EMAIL,"e 32246411, XOMQP5WWD6 und Ihre 03-0154708 bei, und bestätigen Sie Ihre E‑Mail-Adresse KB@aol.com. Die eingereichten Daten werden vertraulich behandelt und für die Berechnung des Bonus ve"
presidio_de_core_news_lg,87,PRIVATE_URL,762,778,coin.example.com,url_like_without_reference,,"kann ich mein Eco‑Coin Guthaben einsehen?
Loggen Sie sich in das Portal unter https://eco‑coin.example.com ein und prüfen Sie Ihr Dashboard. Bei technischen Problemen erreichen Sie den Support per"
presidio_de_core_news_lg,87,PRIVATE_URL,885,894,yahoo.com,overlaps_other_reference_label,EMAIL,ie Ihr Dashboard. Bei technischen Problemen erreichen Sie den Support per E‑Mail (nsvagan@yahoo.com) oder Telefon (+43 900.084 3799).
presidio_de_core_news_lg,88,PRIVATE_URL,745,759,protonmail.com,overlaps_other_reference_label,EMAIL,"kfragen schnell klären zu können. Wir schätzen Ihre offene Kommunikation per E‑Mail (SC34@protonmail.com) und freuen uns darauf, gemeinsam die nächste Phase der Open‑Source‑Entwicklung zu planen"
presidio_de_core_news_lg,93,PRIVATE_URL,253,260,aol.com,overlaps_other_reference_label,EMAIL,Klagenfurt am Wörthersee startet. Bitte bestätigen Sie Ihre Teilnahme per E‑Mail an AEZPJ@aol.com und teilen Sie uns Ihre aktuelle Wohnadresse inklusive Josef-Waach-Straße 700 und 6020 mi
presidio_de_core_news_lg,94,PRIVATE_URL,434,443,gmail.com,overlaps_other_reference_label,EMAIL, sind. Bei Fragen zur Dateneingabe wenden Sie sich bitte an die Personalabteilung unter S@gmail.com.
presidio_de_core_news_lg,99,PRIVATE_URL,265,276,hotmail.com,overlaps_other_reference_label,EMAIL,te Aufschlüsselung senden wir Ihnen die Unterlagen an Ihre registrierte E‑Mailadresse C17@hotmail.com und per Post an die Adresse in der Straße Seestraße Nr. 216 in Linz. Sollten Sie Fragen h
presidio_de_core_news_lg,102,PRIVATE_URL,67,78,outlook.com,overlaps_other_reference_label,EMAIL,"Betreff: Rückfrage zur Kräuterspirale – 2025-07-17T00:00:00
Von: G@outlook.com
An: 28CC@outlook.com

Hallo Jinky,

ich habe die Unterlagen zum Bau erhalten, aber noch e"
presidio_de_core_news_lg,102,PRIVATE_URL,88,99,outlook.com,overlaps_other_reference_label,EMAIL,"Betreff: Rückfrage zur Kräuterspirale – 2025-07-17T00:00:00
Von: G@outlook.com
An: 28CC@outlook.com

Hallo Jinky,

ich habe die Unterlagen zum Bau erhalten, aber noch ein paar Fragen:
- Ist"
presidio_de_core_news_lg,103,PRIVATE_URL,610,621,hotmail.com,overlaps_other_reference_label,EMAIL,"raßgang am 23. Oktober 2021 stattfinden wird, und bittet die Hörer, sich per E‑Mail an VB@hotmail.com anzumelden, wobei sie ihre G7535378 zur Identitätsprüfung angeben sollen. Abschließend wi"
presidio_de_core_news_lg,106,PRIVATE_URL,117,124,aol.com,overlaps_other_reference_label,EMAIL,"aktive Mitwirkung und stehen für Rückfragen unter 01 60-10.77 56 oder per E‑Mail an 1952R@aol.com zur Verfügung. Bitte geben Sie bei der Kontaktaufnahme Ihre Stavri und Ihre Antritter an,"
presidio_de_core_news_lg,110,PRIVATE_URL,702,714,tutanota.com,overlaps_other_reference_label,EMAIL,"
Für Rückfragen zur neuen Regelung wenden Sie sich bitte an die Personalabteilung unter R@tutanota.com oder telefonisch unter 0043 154804660.

Herzliche Grüße,
Senator Margitta Gstöttner El"
presidio_de_core_news_lg,112,PRIVATE_URL,449,456,aol.com,overlaps_other_reference_label,EMAIL,"Sie die Unterlagen bis spätestens zum September/48 an die angegebene E‑Mailadresse RM1973@aol.com. Sobald alles vollständig ist, erhalten Sie Ihren persönlichen Streckenplan mit den empfo"
presidio_de_core_news_lg,113,PRIVATE_URL,959,970,outlook.com,overlaps_other_reference_label,EMAIL," eure persönlichen Daten im Projekt‑System und aktualisiert eure Kontaktdaten (E‑Mail: AV@outlook.com, Telefon: 025 651-3948).
5. Nächstes Treffen – Das nächste Meeting wird am 10/01/2007 um "
presidio_de_core_news_lg,115,PRIVATE_URL,567,581,protonmail.com,overlaps_other_reference_label,EMAIL,"lter: 77
Biologisches Geschlecht: Männlich
Geschlechtsidentität: Männlich
E‑Mail: hemanev@protonmail.com
Telefon: 0043-762.770-9318
Adresse: Poltenweg 1040
Postleitzahl: 4040
Stadt: Graz Lend Le"
presidio_de_core_news_lg,116,PRIVATE_URL,234,243,gmail.com,overlaps_other_reference_label,EMAIL,die neuesten Forschungsergebnisse; bitte bestätigen Sie Ihre Teilnahme per E‑Mail an 04NN@gmail.com und geben Sie Ihr Alter (4) sowie Ihre Geschlechtsidentität (Männlich) für die Studientei
presidio_de_core_news_lg,117,PRIVATE_URL,308,317,yahoo.com,overlaps_other_reference_label,EMAIL," 39-0516530
Bitte senden Sie das ausgefüllte Formular bis spätestens 16/07/2025 an BD1993@yahoo.com."
presidio_de_core_news_lg,119,PRIVATE_URL,341,355,protonmail.com,overlaps_other_reference_label,EMAIL, Sie sofort zu Hause umsetzen können. Bitte bestätigen Sie Ihre Teilnahme per E‑Mail an S@protonmail.com oder rufen Sie uns unter 0043.555.192.8394 an.
presidio_de_core_news_lg,121,PRIVATE_URL,612,623,hotmail.com,overlaps_other_reference_label,EMAIL,"en, was das Keimen begünstigte. Alle beteiligten Freiwilligen wurden per E‑Mail (mst-loui@hotmail.com) über die täglichen Aufgaben informiert und konnten bei Rückfragen die Hotline (+131.005 "
presidio_de_core_news_lg,122,PRIVATE_URL,461,475,protonmail.com,overlaps_other_reference_label,EMAIL,"934183356663) für die Direktzahlung.
Für Rückfragen stehen wir Ihnen per E‑Mail (tamanuel@protonmail.com) oder Telefon (085-278 2610) zur Verfügung."
presidio_de_core_news_lg,126,PRIVATE_URL,150,159,gmail.com,overlaps_other_reference_label,EMAIL,"en liegt, empfehlen wir das Programm „Karriere Boost“ und senden Ihnen weitere Infos an T@gmail.com."
presidio_de_core_news_lg,130,PRIVATE_URL,214,223,gmail.com,overlaps_other_reference_label,EMAIL,"o: ""Könnt ihr mir bitte den Link zur Kurs‑Übersicht schicken?"" – Antwort per E‑Mail an AM@gmail.com oder per Telefon unter 01418.41 302.2715."
presidio_de_core_news_lg,131,PRIVATE_URL,122,133,outlook.com,overlaps_other_reference_label,EMAIL,"s‑Innovationsprogramm:
Name: Vian Oueslati
Geburtsdatum: 22. November 1985
E‑Mail: 1954SM@outlook.com
Telefon: +43 80-821.2309
Personalausweis‑Nummer: 93934286
Bitte senden Sie das ausgefüllt"
presidio_de_core_news_lg,132,PRIVATE_URL,213,225,tutanota.com,overlaps_other_reference_label,EMAIL,"00:00 (Alter: 53)
Adresse: Kalvarienbergstraße 617, 9020 Natters
Kontakt: E‑Mail mablkhud@tutanota.com – Telefon +10 84 673.0288
Steuer‑Identifikationsnummer: 66-8838974; letzte Zahlung per Kr"
presidio_de_core_news_lg,134,PRIVATE_URL,333,342,yahoo.com,overlaps_other_reference_label,EMAIL,"m April 26., 1950 Ihre aktuellen Portfolios und senden Sie Ihre Rückmeldung an islukebani@yahoo.com oder kontaktieren Sie mich unter (159)-9595628."
presidio_de_core_news_lg,135,PRIVATE_URL,247,258,outlook.com,overlaps_other_reference_label,EMAIL,rojekt für Ernährung zu starten. Bitte bestätigen Sie Ihre Teilnahme per E‑Mail an 1987KS@outlook.com oder telefonisch unter +721-453.950-0096; das Projekt findet im Schulgarten neben der Nor
presidio_de_core_news_lg,136,PRIVATE_URL,368,377,yahoo.com,overlaps_other_reference_label,EMAIL,edarf vorzulegen. Bei Fragen erreicht ihr mich unter 015-47 056 1325 oder per E‑Mail an H@yahoo.com.
presidio_de_core_news_lg,137,PRIVATE_URL,308,315,aol.com,overlaps_other_reference_label,EMAIL,"21/12/1947
Geschlecht: Nicht-binär (bei Bedarf: biologisch Weiblich)
Kontakt E‑Mail: EPAS@aol.com
Telefon: 014326-896-0407
Wohnadresse: Magazingasse 388, 9020 Innsbruck
Steueridentifikati"
presidio_de_core_news_lg,145,PRIVATE_URL,458,467,gmail.com,overlaps_other_reference_label,EMAIL, Dorina Pahlke) verwendet werden. Bei Fragen wendet euch bitte per E‑Mail an hansöhrneman@gmail.com oder telefonisch an +06 357-461 4192.
presidio_de_core_news_lg,149,PRIVATE_URL,276,290,protonmail.com,overlaps_other_reference_label,EMAIL,die Farbpsychologie für Produktivität berücksichtigen; Rückfragen senden Sie bitte an 24S@protonmail.com oder rufen Sie uns unter +1-016.450 8326 an.
presidio_de_core_news_lg,152,PRIVATE_URL,418,430,tutanota.com,overlaps_other_reference_label,EMAIL,eräte bis zum 10. März 1951 im Lager sind. Bei Rückfragen erreicht ihr mich per E‑Mail (C@tutanota.com) oder Telefon (007.882 1328).
presidio_de_core_news_lg,154,PRIVATE_URL,308,315,aol.com,overlaps_other_reference_label,EMAIL,"itte prüfen Sie die angegebenen Daten, insbesondere Ihre 26065024 und die hinterlegte 23Z@aol.com für zukünftige Korrespondenz. Bei Fragen wenden Sie sich an unseren Support unter +434005"
presidio_de_core_news_lg,158,PRIVATE_URL,499,508,yahoo.com,overlaps_other_reference_label,EMAIL,sikobewertung. Bitte bestätigen Sie die Richtigkeit Ihrer Angaben per E‑Mail an yosmarien@yahoo.com bis zum Juni/04.
presidio_de_core_news_lg,160,PRIVATE_URL,466,473,aol.com,overlaps_other_reference_label,EMAIL,"104
Bitte senden Sie das ausgefüllte Formular bis zum 2015-02-18T00:00:00 an forrenakhoon@aol.com."
presidio_de_core_news_lg,160,PRIVATE_URL,333,344,outlook.com,overlaps_other_reference_label,EMAIL,"ID: 23881108
6. Privatadresse: Ramperstorffergasse 10, 6020 Salzburg
7. Kontakt‑E‑Mail: R@outlook.com
8. Mobiltelefon: +511 887-567.8104
Bitte senden Sie das ausgefüllte Formular bis zum 2015"
presidio_de_core_news_lg,161,PRIVATE_URL,302,311,gmail.com,overlaps_other_reference_label,EMAIL,n kontaktieren Sie bitte den Kundenservice unter 009.205-880.2749 oder per E‑Mail an 09FS@gmail.com.
presidio_de_core_news_lg,164,PRIVATE_URL,245,254,yahoo.com,overlaps_other_reference_label,EMAIL,"eht kurz bevor. Die verantwortlichen Ansprechpartner sind Fletcher Ipsale (E‑Mail: 18LMNE@yahoo.com) und Arbone Touriya Mamarvar (Telefon: +43-765-542 2820). Bitte prüft bis zum 06/09/2015,"
presidio_de_core_news_lg,165,PRIVATE_URL,232,239,aol.com,overlaps_other_reference_label,EMAIL,"raz Lend stattfindet. Falls Sie verhindert sind, melden Sie sich bitte per E‑Mail an 41MI@aol.com oder telefonisch unter 051 766.9220."
presidio_de_core_news_lg,166,PRIVATE_URL,61,72,outlook.com,overlaps_other_reference_label,EMAIL,Jetzt anmelden unter +81.95 089 8871 oder mailen Sie an YNCR@outlook.com.
presidio_de_core_news_lg,171,PRIVATE_URL,209,221,tutanota.com,overlaps_other_reference_label,EMAIL,2009 einzuladen. Bitte bestätigen Sie Ihre Teilnahme bis zum November/82 per E‑Mail an CS@tutanota.com oder telefonisch unter +33-97410 6244.
presidio_de_core_news_lg,172,PRIVATE_URL,131,140,gmail.com,overlaps_other_reference_label,EMAIL,"me: Shejnure Pantovic
Geburtsdatum: Juli/95
Geschlecht (biologisch): F
E‑Mail: annachimmi@gmail.com
Personalausweis‑Nr.: 37480099
Führerschein‑Nr.: T7SKR7099B
Sozialversicherungs‑Nr.: 9080 "
presidio_de_core_news_lg,173,PRIVATE_URL,264,273,gmail.com,overlaps_other_reference_label,EMAIL,die Verkehrsdichte in Wien senkt. Bitte bestätigen Sie Ihre Teilnahme per E‑Mail an 1945K@gmail.com oder telefonisch unter 0003 043647636; wir senden Ihnen dann die genauen Abfahrtszeiten u
presidio_de_core_news_lg,175,PRIVATE_URL,491,500,yahoo.com,overlaps_other_reference_label,EMAIL,"nübernahme sicher zu übermitteln, wobei die Daten in einer verschlüsselten Nachricht an K@yahoo.com gesendet werden."
presidio_de_core_news_lg,179,PRIVATE_URL,408,417,gmail.com,overlaps_other_reference_label,EMAIL,"Alter (27) in einem standardisierten Formular angeben. Das Formular wird per E‑Mail an ZC@gmail.com gesendet, wobei die Eingabe per +437-965-160-0387 für Rückfragen möglich ist. Darüber hin"
presidio_de_core_news_lg,182,PRIVATE_URL,476,490,protonmail.com,overlaps_other_reference_label,EMAIL,"er 44-2003105 finanziert wird.
Bitte senden Sie die Bestätigung an meine E‑Mail-Adresse P@protonmail.com und kontaktieren Sie mich bei Fragen unter +81 934469687."
presidio_de_core_news_lg,183,PRIVATE_URL,153,162,yahoo.com,overlaps_other_reference_label,EMAIL,Rendite von Niyass Aktienfonds um ~50 % jährlich; genaue Zahlen per E‑Mail an jerzkabbout@yahoo.com.
presidio_de_core_news_lg,187,PRIVATE_URL,240,251,hotmail.com,overlaps_other_reference_label,EMAIL,laubnis (QI04ALPZ60) für mögliche Fahrzeugtransporte; die Buchungsbestätigung wird an FSP@hotmail.com gesendet.
presidio_de_core_news_lg,188,PRIVATE_URL,765,779,protonmail.com,overlaps_other_reference_label,EMAIL,"ie Bijou Dougherty erprobt und geprüft.
Bitte tragen Sie Ihre Kontaktdaten (E‑Mail: soner@protonmail.com; Telefon: +50 550610812) am Ende des Dokuments ein, falls Rückfragen auftreten."
presidio_de_core_news_lg,191,PRIVATE_URL,256,270,protonmail.com,overlaps_other_reference_label,EMAIL,lzburg einzuladen. Bitte bestätigen Sie Ihre Teilnahme bis zum 27/12/1983 per E‑Mail an G@protonmail.com oder telefonisch unter 013 1082-1688.
presidio_de_core_news_lg,192,PRIVATE_URL,341,353,tutanota.com,overlaps_other_reference_label,EMAIL,örthersee Welzenegg bestimmt. Bei Fragen wenden Sie sich an die Personalabteilung unter F@tutanota.com.
presidio_de_core_news_lg,193,PRIVATE_URL,314,321,aol.com,overlaps_other_reference_label,EMAIL,poldskroner Moos begrüßen zu dürfen. Bitte bestätigen Sie Ihre Teilnahme per E‑Mail an RH@aol.com oder telefonisch unter +43.38.025 6842.
presidio_de_core_news_lg,194,PRIVATE_URL,42,51,yahoo.com,overlaps_other_reference_label,EMAIL,Bitte senden Sie Ihre Kontaktdaten an BBJ@yahoo.com und teilen Sie uns das Alter Ihres Haustiers (12) sowie dessen Geschlecht (Geschlechterqu
presidio_de_core_news_lg,195,PRIVATE_URL,108,120,tutanota.com,overlaps_other_reference_label,EMAIL," zum Runden Tisch – Nachhaltige Fischereiverwaltung
Von: Meist Avelyn Aaron Tattini <NGVM@tutanota.com>
Datum: 17/05/1951
Sehr geehrte Damen und Herren, wir laden Sie herzlich ein, am 1940-01-"
presidio_de_core_news_lg,196,PRIVATE_URL,254,265,hotmail.com,overlaps_other_reference_label,EMAIL,"nsgender
4. Wohnadresse: 90 Rosittengasse, 4040 Innsbruck Hötting
5. Kontakt‑E‑Mail: HF21@hotmail.com
6. Telefon: 007687935-8638
7. Staatsangehöriger Personalausweis‑Nr.: 24115142
8. Steuer‑I"
presidio_de_core_news_lg,197,PRIVATE_URL,595,604,yahoo.com,overlaps_other_reference_label,EMAIL,onnieren Sie den Podcast über Ihre Lieblingsplattform und senden Sie uns Feedback an TN01@yahoo.com – wir freuen uns auf Ihre Ideen!
presidio_de_core_news_lg,198,PRIVATE_URL,647,668,Kaplanhof.company.com,overlaps_other_reference_label,CITY,das ausgefüllte Formular bis zum September/03 an die Personalabteilung (hr@Linz Kaplanhof Kaplanhof.company.com).
presidio_de_core_news_lg,198,PRIVATE_URL,252,261,gmail.com,overlaps_other_reference_label,EMAIL,"eschlecht (Biologisch): Weiblich
7. Geschlechtsidentität: Nicht-binär
8. Privat‑E‑Mail: E@gmail.com
9. Dienst‑Telefon: 6308 129-6368
10. Wohnadresse – Straße: Höttinger Bild
11. Hausnummer:"
presidio_de_core_news_lg,199,PRIVATE_URL,371,378,aol.com,overlaps_other_reference_label,EMAIL, Für Rückfragen erreichen Sie mich telefonisch unter 01 05.63 21.49 oder per E‑Mail an EG@aol.com.
presidio_de_core_news_lg,200,PRIVATE_URL,252,261,gmail.com,overlaps_other_reference_label,EMAIL,gestalten. Bitte senden Sie Ihre Vorschläge bis zum April/72 an meine Mailadresse icosimo@gmail.com oder melden Sie sich telefonisch unter +43.41 943.9059 an. Die Umsetzung erfolgt im Bürog
presidio_de_core_news_lg,202,PRIVATE_URL,69,83,protonmail.com,overlaps_other_reference_label,EMAIL,Bitte senden Sie bis zum Juni/84 Ihre Präsentationsunterlagen an 29S@protonmail.com und bestätigen Sie Ihre Teilnahme mit Ihrer 90468179 sowie Ihrer +868-339.297.1340 und ge
presidio_de_core_news_lg,208,PRIVATE_URL,348,357,yahoo.com,overlaps_other_reference_label,EMAIL,"tliche Hinweise (z. B. Allergien, Rücken‑Probleme)? ______________
6. Kontakt‑E‑Mail: NED@yahoo.com
7. Telefonnummer für Notfälle: 063.732-4245

Bitte den ausgefüllten Bogen bis zum 20/04/2"
presidio_de_core_news_lg,209,PRIVATE_URL,218,229,outlook.com,overlaps_other_reference_label,EMAIL,dem 13/04/1976 live gehen wird. Bei Fragen erreichen Sie uns jederzeit per E‑Mail an HEGP@outlook.com oder telefonisch unter +439.042 106.1432. Unser Hauptsitz befindet sich in Salzburg Morzg
presidio_de_core_news_lg,215,PRIVATE_URL,182,194,tutanota.com,overlaps_other_reference_label,EMAIL,. Für Fragen stehen Ihnen die Mitarbeitenden unter 06.92 15-41 01 oder per E‑Mail an HPDÇ@tutanota.com zur Verfügung. Bitte bringen Sie einen gültigen Ausweis mit. Wir freuen uns auf Ihre Teil
presidio_de_core_news_lg,216,PRIVATE_URL,209,218,gmail.com,overlaps_other_reference_label,EMAIL,"raße 34 in Graz (1040) erfasst; die zugehörige Quittung ist per E‑Mail an tsewaschmeitzky@gmail.com gesendet worden, während die Identität mit 35179464 und PT4MY35CJD bestätigt wurde."
presidio_de_core_news_lg,217,PRIVATE_URL,211,223,tutanota.com,overlaps_other_reference_label,EMAIL,"-Straße 8, 1030 Linz Franckviertel ein. Bitte bestätigen Sie per E‑Mail an ann-cantonovic@tutanota.com."
presidio_de_core_news_lg,219,PRIVATE_URL,190,199,gmail.com,overlaps_other_reference_label,EMAIL, 1965 einzuladen. Bitte bestätigen Sie Ihre Teilnahme bis zum 20/02/2000 per E‑Mail an DP@gmail.com und teilen Sie uns Ihr Alter (77) sowie Ihr Geschlecht (Bigender) mit. Der Workshop finde
presidio_de_core_news_lg,220,PRIVATE_URL,107,116,yahoo.com,overlaps_other_reference_label,EMAIL,in welcomes you to the Telehealth Workforce Training – please confirm your contact at IAD@yahoo.com.
presidio_de_core_news_lg,225,PRIVATE_URL,286,295,gmail.com,overlaps_other_reference_label,EMAIL,"das Darlehensverzichts‑Programm einreichen. Meine Kontaktmöglichkeiten sind E‑Mail: ysket@gmail.com und Telefon: +93.68-302 9524.
Meine aktuelle Anschrift lautet: Ziegeleistraße 192, 6020 L"
presidio_de_core_news_lg,227,PRIVATE_URL,217,226,yahoo.com,overlaps_other_reference_label,EMAIL,"len Sie die nachfolgenden Felder aus: Vor‑ und Nachname (Srbo Abdeslem Vedova), E‑Mail (L@yahoo.com), Telefon (0734.90093184), Adresse – Straße und Hausnummer (Templstraße 18a), PLZ und Ort"
presidio_de_core_news_lg,228,PRIVATE_URL,591,600,gmail.com,overlaps_other_reference_label,EMAIL,"n. Sollten Sie Fragen haben, erreichen Sie uns unter +47 50-966 7941 oder per E‑Mail an A@gmail.com. Wir freuen uns darauf, Sie bald in Wien Margareten zu begrüßen."
presidio_de_core_news_lg,230,PRIVATE_URL,319,326,aol.com,overlaps_other_reference_label,EMAIL,"rweg 16, 4040 Graz Geidorf
2. Kontaktdaten:
   • Telefon: +94 76.507 9324
   • E‑Mail: SM@aol.com
3. Aktuelle Position und gewünschte neue Stufe:
   • Derzeitige Position: Danael Alilouch"
presidio_de_core_news_lg,230,PRIVATE_URL,960,974,protonmail.com,overlaps_other_reference_label,EMAIL," April 9., 2012

Bitte senden Sie das vollständig ausgefüllte Formular per E‑Mail an MM92@protonmail.com oder persönlich an die Personalabteilung, Raum 210, im Gebäude 3377 der Silberweg in Salz"
presidio_de_core_news_lg,231,PRIVATE_URL,411,422,outlook.com,overlaps_other_reference_label,EMAIL, Mehrwertsteuer). Für Fragen erreichst du uns unter +65.67-920 0885 oder per E‑Mail an AG@outlook.com.
presidio_de_core_news_lg,233,PRIVATE_URL,610,624,protonmail.com,overlaps_other_reference_label,EMAIL,"Verzögerungen bei der Lohnabrechnung führen können. Bei Rückfragen wenden Sie sich an 02A@protonmail.com oder rufen Sie die Personalabteilung unter 02091 092454 an.
Danke für Ihre Mitarbeit!"
presidio_de_core_news_lg,234,PRIVATE_URL,41,55,protonmail.com,overlaps_other_reference_label,EMAIL,"Fr Lorrany Mencia Feoli schreibt an 08GS@protonmail.com und erklärt, dass das kühle Cold‑Brew‑Kaffee im Frühling besonders erfrischend ist, weil "
presidio_de_core_news_lg,235,PRIVATE_URL,26,35,gmail.com,overlaps_other_reference_label,EMAIL,"Von: Finanzabteilung <4GK@gmail.com>
An: Alexandru-Constantin Dingeldein
Betreff: Budgetfreigabe für das Ertrags‑KI‑Projekt

"
presidio_de_core_news_lg,236,PRIVATE_URL,523,535,tutanota.com,overlaps_other_reference_label,EMAIL,"KG Landstraße KG Landstraße. Sollten Sie Fragen haben, schreiben Sie mir an aarapropadalo@tutanota.com oder rufen Sie mich unter +0-004-911.6150 an.

Herzliche Grüße,
Senator Alehandro"
presidio_de_core_news_lg,237,PRIVATE_URL,556,567,outlook.com,overlaps_other_reference_label,EMAIL,"test du Fragen zur Bildgröße oder zum Dateiformat haben, melde dich bitte per E‑Mail an A@outlook.com oder ruf uns an unter 05.9359.0454. Vielen Dank für deine Mithilfe – gemeinsam schaffen w"
presidio_de_core_news_lg,238,PRIVATE_URL,764,775,hotmail.com,overlaps_other_reference_label,EMAIL,"inzusehen, zu korrigieren oder zu löschen – bitte senden Sie hierfür eine E‑Mail an T2008@hotmail.com mit dem Betreff ""Datenschutzanfrage"". Wir danken Ihnen für Ihr Vertrauen und wünschen Ihn"
presidio_de_core_news_lg,238,PRIVATE_URL,311,322,hotmail.com,overlaps_other_reference_label,EMAIL,"asescu, Ihr April 19., 1970, Ihr Weiblich bzw. Ihre Weiblich Identität, Ihre gideyholtorf@hotmail.com und Ihr +43057-928 7364. Ferner können wir, wenn Sie dies wünschen, Ihre 9765 030113 sowi"
presidio_de_core_news_lg,241,PRIVATE_URL,378,389,hotmail.com,overlaps_other_reference_label,EMAIL,e Plattform VRConnect. Bitte bestätigen Sie Ihre Teilnahme bis zum Mai/55 per E‑Mail an A@hotmail.com und geben Sie Ihre 8HZCNKGT19 sowie Ihre 7675 461009 für die Zugangsberechtigung an.
presidio_de_core_news_lg,242,PRIVATE_URL,626,633,aol.com,overlaps_other_reference_label,EMAIL,"over the next six months.

For any queries, please contact the CSR coordination team at H@aol.com or call +29-788-750.2268. In order to comply with local regulations, we kindly ask each p"
presidio_de_core_news_lg,243,PRIVATE_URL,39,48,gmail.com,overlaps_other_reference_label,EMAIL,"Herr Britney Arsenio
21/11/1942
To: EN@gmail.com
Subject: Invitation to Partner in CSR Sustainability Project

Dear Prof Kioskou,

Our org"
presidio_de_core_news_lg,246,PRIVATE_URL,242,253,outlook.com,overlaps_other_reference_label,EMAIL,emiere wurden erfolgreich reserviert. Die Ticketdetails wurden an Ihre E‑Mail-Adresse MLB@outlook.com gesendet und per SMS an die Nummer +4388-343 0333 bestätigt. Der Veranstaltungsort befind
presidio_de_core_news_lg,250,PRIVATE_URL,300,314,protonmail.com,overlaps_other_reference_label,EMAIL,hlechtsfluid); bitte senden Sie diese Informationen bis zum 19/09/1976 per E‑Mail an 07NK@protonmail.com.
presidio_de_core_news_lg,251,PRIVATE_URL,258,270,tutanota.com,overlaps_other_reference_label,EMAIL,rem Büro in der Kirschentalgasse 6. Bitte bestätigen Sie Ihre Teilnahme per E‑Mail an RHC@tutanota.com und teilen Sie uns Ihre Männlich sowie Ihr Alter (53) mit.
presidio_de_core_news_lg,254,PRIVATE_URL,472,483,hotmail.com,overlaps_other_reference_label,EMAIL," den wichtigsten Kennzahlen auch Ihre persönlichen Zugangsdaten wie +65-66-724 5372 und D@hotmail.com enthält, um die Ergebnis‑Dashboard‑Links zu öffnen. Abschließend wünsche ich Ihnen ein er"
presidio_de_core_news_lg,255,PRIVATE_URL,393,405,tutanota.com,overlaps_other_reference_label,EMAIL,"199967747886
Bitte unterschreiben Sie und senden Sie das Dokument per E‑Mail an egsteuble@tutanota.com."
presidio_de_core_news_lg,256,PRIVATE_URL,640,652,tutanota.com,overlaps_other_reference_label,EMAIL,verbrauch zu optimieren. Wir freuen uns auf Ihr Feedback und bitten um Rückmeldung an OKG@tutanota.com bis zum 09/06/1986.
presidio_de_core_news_lg,258,PRIVATE_URL,232,244,tutanota.com,overlaps_other_reference_label,EMAIL,"29
Geschlecht: Zwei-Geister (Biologisches Geschlecht: Männlich)
Kontakt‑E‑Mail: shahlubom@tutanota.com
Telefonnummer: 053-395-1713
Adresse: Fürstenallee 6/2, 1010 Innsbruck
Reisepassnummer (fa"
presidio_de_core_news_lg,259,PRIVATE_URL,61,72,outlook.com,overlaps_other_reference_label,EMAIL,"Wir benötigen von Ihnen eine Bestätigung per E‑Mail an UASKG@outlook.com, in der Sie die angenommene Last von 20/08/2002 festlegen. Bitte fügen Sie außerdem Ihre "
presidio_de_core_news_lg,261,PRIVATE_URL,127,138,hotmail.com,overlaps_other_reference_label,EMAIL,"Finanzministerium geschickt, adressiert an Meist Bibin Cuccorese Claerbout mit Kopie an H@hotmail.com. Die finalen Zahlen werden am Mai/62 veröffentlicht."
presidio_de_core_news_lg,264,PRIVATE_URL,231,243,tutanota.com,overlaps_other_reference_label,EMAIL,"
Welches Geschlecht identifizieren Sie? Androgyn
Ihre E‑Mail-Adresse für Rückmeldungen: I@tutanota.com
Vielen Dank für Ihre Teilnahme – Ihre Antworten helfen uns, die zukünftige Entwicklung de"
presidio_de_core_news_lg,265,PRIVATE_URL,370,377,aol.com,overlaps_other_reference_label,EMAIL,"Jahren und verlangen die Angabe von Kontaktdaten, wozu die Eltern ihre E‑Mail‑Adresse M74@aol.com und Telefonnummer +43.314105905 angeben müssen. Darüber hinaus wurde ein neues Anmeldefor"
presidio_de_core_news_lg,268,PRIVATE_URL,423,435,tutanota.com,overlaps_other_reference_label,EMAIL,idend war. Zusätzlich wurde die Zufriedenheit der Teilnehmenden über die E‑Mail-Adresse J@tutanota.com erfasst. Für zukünftige Programme wird ein stärkerer Fokus auf digitale Lernmaterialien e
presidio_de_core_news_lg,270,PRIVATE_URL,323,330,aol.com,overlaps_other_reference_label,EMAIL,"ltigen Fahrerlaubnis um 15 % höher. Dies wurde anhand von anonymisierten Daten, die per G@aol.com an das Analyse‑Team gesendet wurden, bestätigt. Das Team schlägt vor, künftig gezielte In"
presidio_de_core_news_lg,272,PRIVATE_URL,298,310,tutanota.com,overlaps_other_reference_label,EMAIL,ation und ein 24‑Stunden‑Support enthalten und Sie können alle Details per E‑Mail an PÜ28@tutanota.com anfordern.
presidio_de_core_news_lg,274,PRIVATE_URL,809,816,aol.com,overlaps_other_reference_label,EMAIL, bitte Ihre Daten (inkl. 7521 701230 und 43-9893781) an unsere Vertriebsabteilung unter B@aol.com oder rufen Sie die Hotline 01418.878 411.7486 an. Die Zahlung erfolgt sicher über Kreditk
presidio_de_core_news_lg,276,PRIVATE_URL,319,328,yahoo.com,overlaps_other_reference_label,EMAIL,"te können ihre Kontaktdaten, einschließlich Telefonnummer (+0.07.500-4232) und E‑Mail (GF@yahoo.com), bis zum 18/08/2001 an die Personalabteilung senden. Bitte geben Sie zudem Ihre Personal"
presidio_de_core_news_lg,277,PRIVATE_URL,221,228,aol.com,overlaps_other_reference_label,EMAIL,"hterqueer
Adresse: Frohnburgweg 262, 8010 Innsbruck Mühlau Mühlau
Kontakt‑E‑Mail: rlidolt@aol.com
Telefon: +43 528603960
Ich erkläre mich bereit, meine Sprachkenntnisse und kulturellen In"
presidio_de_core_news_lg,278,PRIVATE_URL,231,240,gmail.com,overlaps_other_reference_label,EMAIL,nen Schallabsorbern. Antworten Sie bitte bis zum 14. Mai 1979 per E‑Mail an marniesinkora@gmail.com oder telefonisch unter +43 367 165-2675.
presidio_de_core_news_lg,280,PRIVATE_URL,279,293,protonmail.com,overlaps_other_reference_label,EMAIL,"dachte ich, du könntest die Gruppe moderieren.
Schick mir bitte deine Kontaktdaten an BCR@protonmail.com; ich brauche außerdem deine Adresse, damit ich die Einladungskarten an die St. Veiter Str"
presidio_de_core_news_lg,281,PRIVATE_URL,179,190,outlook.com,overlaps_other_reference_label,EMAIL,"stag am Juli 27., 1936 ein. Bitte bestätigen Sie Ihre Teilnahme per E‑Mail an vidle thore@outlook.com und geben Sie Ihre Büro‑Adresse (Körösistraße 11, 6020 Salzburg Gneis) an."
presidio_de_core_news_lg,287,PRIVATE_URL,557,569,tutanota.com,overlaps_other_reference_label,EMAIL,ndet werden können. Bei Rückfragen wenden Sie sich bitte an die Personalabteilung unter F@tutanota.com oder telefonisch an +432-688.429-8573.
presidio_de_core_news_lg,288,PRIVATE_URL,787,799,tutanota.com,overlaps_other_reference_label,EMAIL,keitsübungen in die Lehrpläne – bitte eigene Ideen bis zum März/75 per E‑Mail an wasluidj@tutanota.com einreichen.
presidio_de_core_news_lg,288,PRIVATE_URL,638,649,hotmail.com,overlaps_other_reference_label,EMAIL,"alisierung der Teilnehmerlisten mit 03133424 und Kontaktdaten (+43412 266-7742, yulgoegan@hotmail.com).
5. Offene Diskussion: Integration von Achtsamkeitsübungen in die Lehrpläne – bitte eige"
presidio_de_core_news_lg,290,PRIVATE_URL,265,274,gmail.com,overlaps_other_reference_label,EMAIL,"en zu dürfen; bitte bestätigen Sie Ihre Teilnahme bis zum 14/07/1992 per E‑Mail an MO2024@gmail.com oder telefonisch unter +431.643.828 6679.
Im Anhang finden Sie das detaillierte Programm "
presidio_de_core_news_lg,292,PRIVATE_URL,190,199,yahoo.com,overlaps_other_reference_label,EMAIL,"teilzunehmen, das am 05/01/1956 um 10:00 Uhr stattfindet; melden Sie sich mit Ihrer psero@yahoo.com an und erhalten Sie ein ergänzendes Whitepaper per Post an die Adresse Unionstraße 4, 602"
presidio_de_core_news_lg,294,PRIVATE_URL,577,586,yahoo.com,overlaps_other_reference_label,EMAIL,stehen wir Ihnen unter der bekannten Nummer +5-420.557-1096 oder per E‑Mail an aneladiges@yahoo.com zur Verfügung.
presidio_de_core_news_lg,295,PRIVATE_URL,279,291,tutanota.com,overlaps_other_reference_label,EMAIL,"htsidentität: Bigender
7. Adresse: Hofmeindlweg 29B, 1050 Wien Neubau Neubau
8. E‑Mail: M@tutanota.com
9. Telefonnummer: 07-30.94 64.73
10. Steuer‑Identifikationsnummer: 17-0322362
Bitte sende"
presidio_de_core_news_lg,295,PRIVATE_URL,439,446,aol.com,overlaps_other_reference_label,EMAIL,"nsnummer: 17-0322362
Bitte senden Sie das ausgefüllte Formular bis zum Juni 4., 1959 an D@aol.com."
presidio_de_core_news_lg,296,PRIVATE_URL,766,773,aol.com,overlaps_other_reference_label,EMAIL,"teiligten und die Überprüfung der Einhaltung durch ein Audit, das von Liew Karter (<I2008@aol.com>) koordiniert wird."
presidio_de_core_news_lg,297,PRIVATE_URL,732,746,protonmail.com,overlaps_other_reference_label,EMAIL,). Bei Fragen steht Ihnen unser Kundenservice unter 7090.606-9388 oder per E‑Mail an 40MV@protonmail.com zur Verfügung.
presidio_de_core_news_lg,298,PRIVATE_URL,715,722,aol.com,overlaps_other_reference_label,EMAIL,ss das finale Berichtsdokument bis zum 09/04/2005 an alle Teilnehmenden per E‑Mail (LBT08@aol.com) versendet wird.
presidio_de_core_news_lg,305,PRIVATE_URL,328,337,gmail.com,overlaps_other_reference_label,EMAIL,"ter der Kennung 85220245 gespeichert, wobei die Verbindung zu Ihrer E‑Mail‑Adresse PU1984@gmail.com hergestellt wird."
presidio_de_core_news_lg,306,PRIVATE_URL,424,433,yahoo.com,overlaps_other_reference_label,EMAIL,"0) enthält. Zusätzlich wird das persönliche Motivationsschreiben, das per E‑Mail an 29PSN@yahoo.com gesendet wurde, in den Artikel integriert. Wir verifizieren die Angaben mit Hilfe der int"
presidio_de_core_news_lg,312,PRIVATE_URL,304,313,yahoo.com,overlaps_other_reference_label,EMAIL,"dresse Höhenstraße 18. Für Rückfragen stehen wir unter 081 8521.3504 oder per E‑Mail an R@yahoo.com zur Verfügung.
Herzliche Grüße,
Ihr Organisationsteam"
presidio_de_core_news_lg,313,PRIVATE_URL,227,238,outlook.com,overlaps_other_reference_label,EMAIL,"herungs‑Nr.: 6783 520112
Reisepass‑Nr.: C3775338
Telefon: +759 564.650.3305
E‑Mail: MISBA@outlook.com
Bitte das ausgefüllte Formular bis zum 23. März 1998 zurücksenden."
presidio_de_core_news_lg,317,PRIVATE_URL,122,134,tutanota.com,overlaps_other_reference_label,EMAIL,"
Name: Tobey Veldhuis Nguiamba Zinaoui
Alter: 73
Geschlecht (biologisch): M
E‑Mail: 26SBD@tutanota.com
Postleitzahl: 8010
Bitte senden Sie das Formular bis zum 07/07/2010 zurück."
presidio_de_core_news_lg,318,PRIVATE_URL,54,63,gmail.com,overlaps_other_reference_label,EMAIL,Bitte bestätigen Sie Ihre Teilnahme per E‑Mail an P97@gmail.com oder telefonisch unter 083-219-9279.
presidio_de_core_news_lg,319,PRIVATE_URL,279,293,protonmail.com,overlaps_other_reference_label,EMAIL,07/1959 steht die neue Plattform zur Verfügung. Bitte registrieren Sie sich mit Ihrer 10K@protonmail.com und Ihrer 60523538. Bei Fragen wenden Sie sich an den IT‑Support unter 042.6948-0638.\n\n
presidio_de_core_news_lg,320,PRIVATE_URL,224,233,gmail.com,overlaps_other_reference_label,EMAIL,"re, Geschlecht: Andere, Geschlechtsidentität: Androgyn.

2. Kontakt: E‑Mail: kazpardanaud@gmail.com, Telefon: +430.98 988 9580, Anschrift: Laudongasse 76, 6020 Innsbruck Pradl Pradl.

3. Id"
presidio_de_core_news_lg,320,PRIVATE_URL,639,650,hotmail.com,overlaps_other_reference_label,EMAIL,en und senden Sie das ausgefüllte Dokument bis zum 1942-07-24T00:00:00 an sharihuebelmann@hotmail.com.
presidio_de_core_news_lg,321,PRIVATE_URL,379,393,protonmail.com,overlaps_other_reference_label,EMAIL,"fragen nötig): +43.357 454-3279
8. E‑Mail-Adresse für digitale Aufklärungsmaterialien: DN@protonmail.com
9. Sozialversicherungs‑/Steuernummer (zur Kostenübernahme): 9813 890728 / 02-2652319
10. "
presidio_de_core_news_lg,323,PRIVATE_URL,194,201,aol.com,overlaps_other_reference_label,EMAIL," nationale Identifikationsnummer lautet 85061758. Ihre Kontaktdaten (E‑Mail: elixabstravs@aol.com, Telefon: +399 383-645-9026) werden ausschließlich für Programmbelange verwendet."
presidio_de_core_news_lg,325,PRIVATE_URL,533,545,tutanota.com,overlaps_other_reference_label,EMAIL, Ihre Bedürfnisse anzupassen. Bei Fragen zum Setup senden Sie bitte eine Nachricht an LME@tutanota.com oder rufen Sie unsere Service‑Hotline an.
presidio_de_core_news_lg,329,PRIVATE_URL,57,66,yahoo.com,overlaps_other_reference_label,EMAIL,"In einem Interview mit Miryan Kolusari (E‑Mail: rgozzoli@yahoo.com) betont sie, dass das regelmäßige Schreiben eines Entschuldigungsbriefes – selbst wenn er"
presidio_de_core_news_lg,330,PRIVATE_URL,237,248,outlook.com,overlaps_other_reference_label,EMAIL,"r (ID: 25044311) zu dokumentieren, wobei die gesammelten Daten anonymisiert über AHBS1942@outlook.com an das Team gesendet werden."
presidio_de_core_news_lg,331,PRIVATE_URL,406,420,protonmail.com,overlaps_other_reference_label,EMAIL,"einem ledergebundenen Buch festhielt, wurde später von Avraam digitalisiert und per LNKML@protonmail.com an die Verwandten versendet. Um die Authentizität zu sichern, legte er seine 08828807 und"
presidio_de_core_news_lg,332,PRIVATE_URL,632,646,protonmail.com,overlaps_other_reference_label,EMAIL,"efonnummer 3154-918 0219 zur Verfügung, wobei die jüngere Generation oft per E‑Mail wie N@protonmail.com kommuniziert."
presidio_de_core_news_lg,333,PRIVATE_URL,472,486,protonmail.com,overlaps_other_reference_label,EMAIL,"er 6D0CFU0M2P und der Y3442356, wurden in einer sicheren Cloud unter dem Benutzerkonto KT@protonmail.com abgelegt. Für Rückfragen zur Familiengeschichte steht die Kontaktperson, Prof Lonard Ferr"
presidio_de_core_news_lg,334,PRIVATE_URL,104,115,hotmail.com,overlaps_other_reference_label,EMAIL,"ie Ihren aktuellen Gesundheitsbericht, einschließlich 2391 590111 und Januar/80, an 1991D@hotmail.com, damit wir individuelle Tipps zur Prävention von Wintersportverletzungen geben können."
presidio_de_core_news_lg,336,PRIVATE_URL,53,65,tutanota.com,overlaps_other_reference_label,EMAIL,"Bitte senden Sie Ihre Kontaktdaten, einschließlich A@tutanota.com und 093.881.0423, an die Stadtverwaltung, damit wir Ihnen Informationen zum neuen Besuche"
presidio_de_core_news_lg,342,PRIVATE_URL,274,281,aol.com,overlaps_other_reference_label,EMAIL,"sten 488‑Griff am Messer; falls du noch Fragen hast, melde dich einfach per E‑Mail an DED@aol.com oder ruf mich unter +559.59 090-5298 an."
presidio_de_core_news_lg,345,PRIVATE_URL,358,372,protonmail.com,overlaps_other_reference_label,EMAIL,"tztes Nettovermögen beeinflussen. Wir empfehlen Ihnen, regelmäßig Ihre E‑Mail‑Adresse T12@protonmail.com zu prüfen, um keine Updates zu verpassen. Bleiben Sie informiert – Ihr digitaler Fußabdru"
presidio_de_core_news_lg,346,PRIVATE_URL,52,66,protonmail.com,overlaps_other_reference_label,EMAIL,Bitte bestätigen Sie Ihre Anmeldung per E‑Mail an P@protonmail.com oder rufen Sie uns unter +6968331.1471 an.
presidio_de_core_news_lg,350,PRIVATE_URL,449,460,hotmail.com,overlaps_other_reference_label,EMAIL,Sie den Entwurf und geben Sie Ihr schriftliches Einverständnis per E‑Mail an maazbisoglio@hotmail.com.
presidio_de_core_news_lg,352,PRIVATE_URL,335,346,hotmail.com,overlaps_other_reference_label,EMAIL,"Rückfragen wenden Sie sich an unseren Koordinator, Fr Gjevdet Kanter, erreichbar unter FD@hotmail.com. Wir danken Ihnen für Ihre Zusammenarbeit und freuen uns auf eine erfolgreiche Erfassung "
presidio_de_core_news_lg,355,PRIVATE_URL,55,66,hotmail.com,overlaps_other_reference_label,EMAIL,Bitte bestätigen Sie Ihre Teilnahme per E‑Mail an DLSB@hotmail.com und teilen Sie uns Ihr Alter (35) sowie Ihr bevorzugtes Fotomotiv (Nicht-binär) mit.
presidio_de_core_news_lg,358,PRIVATE_URL,683,694,outlook.com,overlaps_other_reference_label,EMAIL,"in der Lois-Welzenbacher-Platz 2947, 1060 Linz Industriegebiet-Hafen per E‑Mail samoqueta@outlook.com oder Telefon 01436-728 842.9296 zur Verfügung."
presidio_de_core_news_lg,359,PRIVATE_URL,825,837,tutanota.com,overlaps_other_reference_label,EMAIL,"n einem authentischen *ichimonji*-Stoff, weshalb sie ihre Kontaktdaten angab: E‑Mail TTvP@tutanota.com; Telefon 028 029 2730; Adresse Waldstraße 40, 6161 Salzburg. Abschließend weist sie darau"
presidio_de_core_news_lg,360,PRIVATE_URL,725,734,gmail.com,overlaps_other_reference_label,EMAIL,ie zusätzliches Druckmaterial benötigen. Für Rückfragen stehe ich Ihnen jederzeit unter R@gmail.com oder telefonisch unter 044 324 6057 zur Verfügung. Ich freue mich auf eine inspirierende 
presidio_de_core_news_lg,360,PRIVATE_URL,960,972,tutanota.com,overlaps_other_reference_label,EMAIL,"kter Symbiose zueinanderfinden.

Mit freundlichen Grüßen,
Sen Gwenael Mileska
neisimonyan@tutanota.com
+58-65 675.2507"
presidio_de_core_news_lg,362,PRIVATE_URL,233,242,yahoo.com,overlaps_other_reference_label,EMAIL,"itten, Ihre aktuelle Kontoinformationen zu verifizieren. Bitte übermitteln Sie uns Ihre A@yahoo.com sowie Ihre 0111 84386 7178 bis spätestens Oktober/75.
Des Weiteren benötigen wir die Anga"
presidio_de_core_news_lg,364,PRIVATE_URL,169,178,yahoo.com,overlaps_other_reference_label,EMAIL," Wedase, Nachname: Bighi, Geburtsdatum: Mai/94, Geschlecht: Nicht spezifiziert, E‑Mail: K@yahoo.com, Telefonnummer: 0043 60 926 8421; Ihre Steueridentifikationsnummer 04-7716043 und Ihre Kr"
presidio_de_core_news_lg,367,PRIVATE_URL,722,731,gmail.com,overlaps_other_reference_label,EMAIL,"nterlagen bis zum Februar 11., 1994 zu prüfen und etwaige Unstimmigkeiten per E‑Mail an B@gmail.com zu melden, damit wir den Jahresabschluss fristgerecht veröffentlichen können."
presidio_de_core_news_lg,368,PRIVATE_URL,551,562,outlook.com,overlaps_other_reference_label,EMAIL,"ane und vegetarische Optionen; teilen Sie uns bitte bis zum April 19., 1976 über filichte@outlook.com mit, ob Sie besondere diätetische Anforderungen haben. Sollte sich Ihre Anreise ändern, i"
presidio_de_core_news_lg,369,PRIVATE_URL,151,162,outlook.com,overlaps_other_reference_label,EMAIL,"s‑Origami‑Workshop am 25/01/2007 ein; bitte bestätigen Sie Ihre Teilnahme per E‑Mail an G@outlook.com. Die Veranstaltung findet im Raum Andrä-Blüml-Straße 53, 4020 Wien statt und dauert etwa "
presidio_de_core_news_lg,372,PRIVATE_URL,367,378,hotmail.com,overlaps_other_reference_label,EMAIL,"orge unter der Adresse Große Neugasse 106, Salzburg oder per gesicherte E‑Mail an AGS2015@hotmail.com."
presidio_de_core_news_lg,373,PRIVATE_URL,160,167,aol.com,overlaps_other_reference_label,EMAIL,thenticity‑Workshop teilnimmt; bitte bestätigen Sie Ihre Teilnahme per E‑Mail an RPOK1938@aol.com oder telefonisch unter 0011.422-258 5370.
presidio_de_core_news_lg,379,PRIVATE_URL,221,232,hotmail.com,overlaps_other_reference_label,EMAIL,"he Medien, um das Papier nicht zu beschädigen. Falls Sie Fragen haben, schreiben Sie an R@hotmail.com."""
presidio_de_core_news_lg,382,PRIVATE_URL,270,279,yahoo.com,overlaps_other_reference_label,EMAIL,"en können Sie sich an den Kundenservice von Dr Perjan Tosun wenden, erreichbar über 1952Z@yahoo.com."
presidio_de_core_news_lg,383,PRIVATE_URL,446,458,tutanota.com,overlaps_other_reference_label,EMAIL,"Tiere spielten bis zum Sonnenuntergang, und Roser Rodah schickte später eine E‑Mail an LP@tutanota.com mit Fotos und dem Hinweis, dass das Tierarzt‑Check‑Up am 9. September 1944 erfolgen soll."
presidio_de_core_news_lg,384,PRIVATE_URL,739,753,protonmail.com,overlaps_other_reference_label,EMAIL,"r die Angaben zu Nicht-binär und M enthält.
Bitte senden Sie die Unterlagen an: edemhardt@protonmail.com oder per Post an Schiefersederweg 5930, 9020 Linz.
Für Rückfragen steht Ihnen Sen Librada"
presidio_de_core_news_lg,386,PRIVATE_URL,149,160,hotmail.com,overlaps_other_reference_label,EMAIL,", der mir die Route zeigte. Er gab mir seine Kontaktdaten: Telefon +87-394545595, Email L@hotmail.com."
presidio_de_core_news_lg,388,PRIVATE_URL,62,76,protonmail.com,overlaps_other_reference_label,EMAIL,"Zur Bearbeitung benötigen wir Ihre Kontaktdaten: E‑Mail 1988K@protonmail.com, Telefon +12.11 003.7544, Anschrift Lanserhofstraße 18, 4060 Salzburg."
presidio_de_core_news_lg,390,PRIVATE_URL,60,71,hotmail.com,overlaps_other_reference_label,EMAIL,"Die Befragung der lokalen Unternehmen wurde per E‑Mail an S@hotmail.com gesendet, um die zusätzlichen Kosten für Personal, Energie und Infrastruktur zu ermitteln"
presidio_de_core_news_lg,391,PRIVATE_URL,484,491,aol.com,overlaps_other_reference_label,EMAIL,"925 jedes Teilnehmers.
Rückfragen können per Telefon an 08134-71145  oder per E‑Mail an K@aol.com gestellt werden."
presidio_de_core_news_lg,393,PRIVATE_URL,354,365,hotmail.com,overlaps_other_reference_label,EMAIL,"tät mit zunehmendem Alter abnimmt. Für weitere Rückfragen steht die Kontakt‑E‑Mail ltymow@hotmail.com zur Verfügung, und ein kurzer Anruf unter 0043892 767.0874 kann zusätzliche Informationen"
presidio_de_core_news_lg,394,PRIVATE_URL,639,648,gmail.com,overlaps_other_reference_label,EMAIL,"e Klimamodelle zu verfeinern. Bitte registrieren Sie sich bis zum August 8., 1978 unter L@gmail.com und geben Sie dabei Ihren *Geburtsdatum* (2. September 2003) sowie Ihr *Geschlecht* (Gesc"
presidio_de_core_news_lg,395,PRIVATE_URL,506,515,yahoo.com,overlaps_other_reference_label,EMAIL,"agen vorliegen, erhalten Sie bis spätestens 23/05/1944 eine Rückmeldung per E‑Mail an A21@yahoo.com oder telefonisch unter 084 270 6483."
presidio_de_core_news_lg,396,PRIVATE_URL,437,451,protonmail.com,overlaps_other_reference_label,EMAIL," habe. Mitarbeiter*in: Vielen Dank, ich notiere das und sende Ihnen eine Bestätigung an L@protonmail.com; wir benötigen zudem Ihre aktuelle Adresse, also bitte geben Sie Straße, Hausnummer und P"
presidio_de_core_news_lg,397,PRIVATE_URL,268,280,tutanota.com,overlaps_other_reference_label,EMAIL,"ch
Adresse: Schrödingerstraße 7, 8020 Wien KG Landstraße
Telefon: 075 7950776 
E‑Mail: PN@tutanota.com
Identifikationsnummer: 22631706
Bankdaten (zur Rückerstattung von Kursgebühren): 45433145"
presidio_de_core_news_lg,399,PRIVATE_URL,225,237,tutanota.com,overlaps_other_reference_label,EMAIL,"00 in Innsbruck stattfinden wird; bitte bestätigen Sie Ihre Teilnahme per E‑Mail an TAPTG@tutanota.com. Die Veranstaltung wird in einem 3‑D‑Raum simuliert, der den Duft von frisch gewebtem Lei"
presidio_de_core_news_lg,400,PRIVATE_URL,397,404,aol.com,overlaps_other_reference_label,EMAIL,"lung. Die Rechnung wird am 31/01/2013 an die von Ihnen angegebene E‑Mail‑Adresse (macerni@aol.com) gesendet, und Sie erhalten zudem einen persönlichen Zugangscode, der Ihnen den Download "
presidio_de_core_news_lg,402,PRIVATE_URL,433,444,hotmail.com,overlaps_other_reference_label,EMAIL," an sozialen Begegnungen teilhaben lässt, weshalb ich mir gelegentlich an meine alte AHBC@hotmail.com Adresse schreibe, um den Kontakt zu früheren Freunden wieder aufzunehmen."
presidio_de_core_news_lg,404,PRIVATE_URL,741,752,outlook.com,overlaps_other_reference_label,EMAIL,"n.
Falls du besondere Ernährungswünsche hast, teile uns das bitte vorher per E‑Mail an SR@outlook.com mit.
Bis bald und gute Reise!
Frau Tourleitung"
presidio_de_core_news_lg,406,PRIVATE_URL,216,227,hotmail.com,overlaps_other_reference_label,EMAIL,"ht: Bigender
Adresse: Ruckerlberggasse 9, 4040 Lans
Telefon: +5-591 630 6522
E‑Mail: SM36@hotmail.com
Steuer‑Nr.: 71-5025608

Ich beantrage ein zusätzliches Jahresbudget von €2201812811701420"
presidio_de_core_news_lg,409,PRIVATE_URL,359,370,outlook.com,overlaps_other_reference_label,EMAIL," Genauigkeit von 87 %.\n\nBitte senden Sie mir Ihre Rückmeldung bis zum 28/10/1953 an 48K@outlook.com.\n\nMit freundlichen Grüßen,\nIsley Malado Dochungtsang\nBgm"
presidio_de_core_news_lg,411,PRIVATE_URL,825,834,yahoo.com,overlaps_other_reference_label,EMAIL,Erwartungen modulieren. Für weiterführende Diskussionen bietet er seine E‑Mail-Adresse MM@yahoo.com an und lädt interessierte Leser zu einem offenen Dialog über die ethischen Implikationen 
presidio_de_core_news_lg,412,PRIVATE_URL,192,199,aol.com,overlaps_other_reference_label,EMAIL,"24 (Alter 27), Geschlecht M, geschlechtliche Identität Zwei-Geister; Kontakt: E‑Mail AN22@aol.com, Telefon 0143 731048833.
2. Wohnsitz: Schweidlgasse 54A, 4020 Wien KG Alsergrund; Persona"
presidio_de_core_news_lg,413,PRIVATE_URL,238,247,gmail.com,overlaps_other_reference_label,EMAIL,6) im System zu hinterlegen. Durch die Angabe von Telefonnummer 079 3534386  und E‑Mail E@gmail.com können wir im Notfall schnell Kontakt aufnehmen. Alle Besucher müssen einen gültigen Reis
presidio_de_core_news_lg,414,PRIVATE_URL,313,320,aol.com,overlaps_other_reference_label,EMAIL,"er JOC5BPGMOL und melden Sie sich bei Rückfragen unter 012 524-8909 oder per E‑Mail an EO@aol.com.

Danke."
presidio_de_core_news_lg,417,PRIVATE_URL,323,334,hotmail.com,overlaps_other_reference_label,EMAIL,". Bitte senden Sie bis zum 24. Dezember 2024 Ihre aktuellen Kostenstellen‑Reports an KH05@hotmail.com und fügen Sie Ihre 95517413 bei, damit wir die Zugriffsrechte korrekt konfigurieren könne"
presidio_de_core_news_lg,419,PRIVATE_URL,313,324,outlook.com,overlaps_other_reference_label,EMAIL,ch? Weiblich. 4. Geburtsdatum: September/39. 5. Ihre E‑Mail-Adresse für Rückfragen: mmolz@outlook.com. Die Antworten werden vertraulich behandelt und ausschließlich für die Studie zur Feedbac
presidio_de_core_news_lg,420,PRIVATE_URL,194,201,aol.com,overlaps_other_reference_label,EMAIL,"ich habe gerade meine Unterlagen für die Feedback‑Studie fertig. Meine E‑Mail lautet RG03@aol.com und meine Handynummer ist +4302914.6631."" Daraufhin antwortete Durval Maric ""Bitte füge a"
presidio_de_core_news_lg,423,PRIVATE_URL,781,795,protonmail.com,overlaps_other_reference_label,EMAIL," entzünden. Bitte bestätigt eure Teilnahme bis spätestens 4. August 1994 per E‑Mail an JN@protonmail.com und gebt dabei euren Ofélie Gessica Dolo, eure 38 Jahre und euer Geschlecht (Geschlechter"
presidio_de_core_news_lg,423,PRIVATE_URL,44,58,protonmail.com,overlaps_other_reference_label,EMAIL,"18. Juli 1964 08:00
Professorin Beza <D1950@protonmail.com>:
""Liebe Abenteuerfreunde, am Mai/64 werden wir die geheimnisvolle Geisterstadt 'Nachtwin"
presidio_de_core_news_lg,427,PRIVATE_URL,350,359,yahoo.com,overlaps_other_reference_label,EMAIL,"r. Außerdem benötigen wir Ihre Kontaktdaten: Name Matelda Manyara Luib Ghodki, E‑Mail A12@yahoo.com und Telefon 08-35.09.47.72. Unser Büro befindet sich im Stadtteil Klagenfurt am Wörtherse"
presidio_de_core_news_lg,428,PRIVATE_URL,220,227,aol.com,overlaps_other_reference_label,EMAIL,"sind. Bitte überprüfen Sie Ihre persönlichen Daten: Vorname Besma, E‑Mail ivaylkesselring@aol.com, Geburtsdatum 8. Februar 2018 und Alter 54. Zusätzlich benötigen wir Ihr biologisches Ges"
presidio_de_core_news_lg,429,PRIVATE_URL,201,212,outlook.com,overlaps_other_reference_label,EMAIL,"ibor), Ihr Alter (79), Ihr biologisches Geschlecht (Männlich) sowie Ihre Kontaktdaten (NS@outlook.com, +3 898-132 9154). Bitte geben Sie zudem Ihre Postleitzahl (4020) und Ihren Wohnort (Salz"
presidio_de_core_news_lg,431,PRIVATE_URL,363,372,yahoo.com,overlaps_other_reference_label,EMAIL,"auf dem Blatt 1. Für Feedback und weitere Anregungen nutzen Sie das Formular unter TDJD09@yahoo.com oder rufen Sie uns unter 07 5024.3293 an. Wir freuen uns, Sie bald beim nächsten Workshop"
presidio_de_core_news_lg,432,PRIVATE_URL,55,64,gmail.com,overlaps_other_reference_label,EMAIL,"Die Sozialarbeiterin kontaktierte Qamile per E‑Mail (R@gmail.com) und Telefon (0000 20-845 6616), um die Sprachbarriere zu überbrücken."
presidio_de_core_news_lg,433,PRIVATE_URL,75,86,hotmail.com,overlaps_other_reference_label,EMAIL,"Bitte bringen Sie ein aktuelles Porträtfoto mit, das Sie per E‑Mail an 11S@hotmail.com senden können, damit wir das Teilnehmer‑Board mit Ihrem Namen (Lissandro El Ayadi De Greg"
presidio_de_core_news_lg,435,PRIVATE_URL,45,59,protonmail.com,overlaps_other_reference_label,EMAIL,"Der Abschlussbericht wird Ihnen digital an M@protonmail.com zugesandt und enthält außerdem ein Zertifikat, das Ihren Fortschritt im kreativen Prozess"
presidio_de_core_news_lg,436,PRIVATE_URL,574,583,gmail.com,overlaps_other_reference_label,EMAIL," – die letzten vier Ziffern lauten 376623992449016. Bitte kontaktieren Sie mich unter G16@gmail.com oder telefonisch unter (472) 1186799, damit wir das weitere Vorgehen klären können. Ich e"
presidio_de_core_news_lg,437,PRIVATE_URL,698,707,yahoo.com,overlaps_other_reference_label,EMAIL,"ervice. Für zukünftige Projekte würde ich gerne meine Kontaktdaten hinterlegen: E‑Mail GP@yahoo.com und Telefon 0143780.504.5999. Nochmals vielen Dank für die exzellente Erfahrung!"""
presidio_de_core_news_lg,440,PRIVATE_URL,634,645,outlook.com,overlaps_other_reference_label,EMAIL,"Fardowsa Petrana Jeyasikamani Rózanski al-Tekreeti (Telefon: 01439.22-341.3051, E‑Mail: A@outlook.com), zur Verfügung."
presidio_de_core_news_lg,441,PRIVATE_URL,296,303,aol.com,overlaps_other_reference_label,EMAIL,"er Ignaz-Rieder-Kai stattfinden wird. Bitte bestätigen Sie Ihre Teilnahme per E‑Mail an E@aol.com und teilen Sie uns Ihre aktuelle 70 sowie Ihr M mit, damit wir die Lern‑gruppen optimal z"
presidio_de_core_news_lg,443,PRIVATE_URL,180,187,aol.com,overlaps_other_reference_label,EMAIL,"06/04/1986
Alter: 12
Geschlecht (biologisch): M
Geschlechtsidentität: Bigender
E‑Mail: DS@aol.com
Telefon: +28 91-231-7562
Adresse: Johann-Wilhelm-Klein-Straße 537
5020 Graz Innere Stadt
"
presidio_de_core_news_lg,444,PRIVATE_URL,264,276,tutanota.com,overlaps_other_reference_label,EMAIL,"14, Geschlecht (Biologie): M, Geschlechtsidentität: Männlich.
2. Kontakt – E‑Mail: 1960KZ@tutanota.com, Telefon: 090.455-3110.
3. Aktuelle Wohnadresse – Straße: Fasangartengasse Hausnummer: 1,"
presidio_de_core_news_lg,445,PRIVATE_URL,147,154,aol.com,overlaps_other_reference_label,EMAIL," 89, Androgyn) from Graz Geidorf Geidorf wrote an email to Kulendrarajah Harjot Alli at S@aol.com inviting them to the interfaith dialogue on 26/12/2013 at Lindweg 41, requesting a copy o"
presidio_de_core_news_lg,446,PRIVATE_URL,586,598,tutanota.com,overlaps_other_reference_label,EMAIL,"h bis zum Januar 19., 1984 an, indem Sie das Anmeldeformular ausfüllen und an jilimilioto@tutanota.com senden.  Die Teilnahme ist kostenfrei, jedoch ist eine Bestätigung Ihrer Anwesenheit erfo"
presidio_de_core_news_lg,448,PRIVATE_URL,231,240,gmail.com,overlaps_other_reference_label,EMAIL,"en, insbesondere in Linz Freinberg und Graz; bitte melden Sie sich per E‑Mail an kidaqoqy@gmail.com oder telefonisch unter +540 586-563 6608, um Ihre Verfügbarkeit zu bestätigen. Die Anmeld"
presidio_de_core_news_lg,451,PRIVATE_URL,220,231,outlook.com,overlaps_other_reference_label,EMAIL," zu prüfen und uns die folgenden Angaben zu übermitteln: Ihre E‑Mail‑Adresse jedidastraga@outlook.com für Rückfragen, Ihre Telefonnummer 014360681.5989 sowie Ihr Geburtsdatum 21/01/1985.
Bitt"
presidio_de_core_news_lg,451,PRIVATE_URL,1022,1036,protonmail.com,overlaps_other_reference_label,EMAIL,"zum Juni 2., 1948 zu.
Wir danken Ihnen für die Mithilfe und stehen für Rückfragen unter O@protonmail.com oder (77) 0140 9173 zur Verfügung."
presidio_de_core_news_lg,452,PRIVATE_URL,314,323,gmail.com,overlaps_other_reference_label,EMAIL,"tzung. Bitte finden Sie unten meine erforderlichen Angaben:
- E‑Mail-Adresse: arnonpilvin@gmail.com
- Telefonnummer für Rückfragen: 0143964 432.6165
- Aktuelles Datum des Antrags: November "
presidio_de_core_news_lg,454,PRIVATE_URL,451,458,aol.com,overlaps_other_reference_label,EMAIL,"F) enthalten.
Für Rückfragen erreichen Sie mich unter 052 516-6971 oder per E‑Mail an JGK@aol.com.
Die Kosten werden über die Versicherung mit der Nummer 6386 420221 abgerechnet.
Mit freu"
presidio_de_core_news_lg,455,PRIVATE_URL,134,145,hotmail.com,overlaps_other_reference_label,EMAIL,"Paxton Collaku Szeile; Adresse: Zelinkagasse 1, 4020 Innsbruck Hötting; Kontakt: E‑Mail H@hotmail.com, Telefon +43 548410182; Identifikationsnummer 65735810 und Führerschein A6B5IE25CZ sind f"
presidio_de_core_news_lg,456,PRIVATE_URL,94,105,outlook.com,overlaps_other_reference_label,EMAIL," geehrte Damen und Herren, bitte senden Sie Ihre Rückmeldung zu den Trend‑Analysen an 42K@outlook.com oder rufen Sie unter +06 80.828.1791 an. Ihre letzte Aktualisierung vom Juli 28., 1956 ze"
presidio_de_core_news_lg,461,PRIVATE_URL,145,159,protonmail.com,overlaps_other_reference_label,EMAIL," ausfüllen):

Vorname: Khader
Nachname: Sghaier-Szabó
Geburtsdatum: 22/02/1969
E‑Mail: SE@protonmail.com
Telefon: 0526 88506314
Personalausweis‑Nr.: 00586110
Adresse: Freisaalweg 10b, Graz – 402"
presidio_de_core_news_lg,461,PRIVATE_URL,370,384,rideservice.at,url_like_without_reference,,"Datum der Stornierung: September/40

Bitte senden Sie das ausgefüllte Formular an support@rideservice.at oder faxen Sie es an 01‑2345678. Nach Eingang erhalten Sie innerhalb von 48 Stunden eine "
presidio_de_core_news_lg,463,PRIVATE_URL,800,809,gmail.com,overlaps_other_reference_label,EMAIL,"r die Marketingkampagne inklusive aller Werbematerialien (mit Kontaktdaten wie dgestinger@gmail.com und (522).2541589) rechtzeitig starten können. Mit freundlichen Grüßen, Hr Pheakdey Willu"
presidio_de_core_news_lg,465,PRIVATE_URL,334,348,protonmail.com,overlaps_other_reference_label,EMAIL,"| 36 % | –62 % | „Andere“-Signal

Bitte senden Sie das ausgefüllte Formular an iliegebler@protonmail.com."
presidio_de_core_news_lg,466,PRIVATE_URL,234,246,tutanota.com,overlaps_other_reference_label,EMAIL,"werden von Abdukadir Tenimanana Çalti aus der Personalabteilung geleitet, die Sie unter I@tutanota.com erreichen können. Die Teilnahme ist freiwillig, jedoch empfehlen wir besonders Kolleg*inn"
presidio_de_core_news_lg,472,PRIVATE_URL,382,391,gmail.com,overlaps_other_reference_label,EMAIL,"ieren.
Bitte nutzen Sie dafür das Online‑Formular, das Ihnen per E‑Mail an cédrigrosgurin@gmail.com zugesandt wurde."
presidio_de_core_news_lg,473,PRIVATE_URL,330,337,aol.com,overlaps_other_reference_label,EMAIL,"en wir deine 10349184 und ein kurzes Formular, das du per Link in der E‑Mail an lucibleng@aol.com ausfüllst, damit wir deine Angaben korrekt zuordnen können."
presidio_de_core_news_lg,474,PRIVATE_URL,392,399,aol.com,overlaps_other_reference_label,EMAIL,"zifiziert) mit, damit wir die Unterlagen vollständig haben. Dein Feedback kannst du an XC@aol.com senden – wir schätzen jede Anregung."
presidio_de_core_news_lg,475,PRIVATE_URL,739,750,hotmail.com,overlaps_other_reference_label,EMAIL,"55358598353 hinterlegt, und eine Bestätigung wird an die angegebene E‑Mail‑Adresse 2001DR@hotmail.com gesendet. Schließlich wird darauf hingewiesen, dass die Teilnahmebedingungen die Einhaltu"
presidio_de_core_news_lg,476,PRIVATE_URL,242,249,aol.com,overlaps_other_reference_label,EMAIL,"nckstraße 159, 4020 Wien einzuladen. Bitte bestätigen Sie Ihre Teilnahme per E‑Mail an KT@aol.com oder telefonisch unter +43-67 115-7851."
presidio_de_core_news_lg,477,PRIVATE_URL,247,256,yahoo.com,overlaps_other_reference_label,EMAIL, paar Gramm zukommen lassen? Schickt mir einfach eine Nachricht an +43 00-226.3005 oder B@yahoo.com.
presidio_de_core_news_lg,479,PRIVATE_URL,232,243,hotmail.com,overlaps_other_reference_label,EMAIL,ns‑Equipment. Bitte prüfen Sie die Packung und bestätigen Sie den Erhalt per E‑Mail an PB@hotmail.com bis zum 19. Dezember 1936.
presidio_de_core_news_lg,480,PRIVATE_URL,868,879,hotmail.com,overlaps_other_reference_label,EMAIL,eigeldichte um 34 % reduziert. Weitere Schritte werden in einem separaten Schreiben an KJ@hotmail.com detailliert.
presidio_de_core_news_lg,481,PRIVATE_URL,319,333,protonmail.com,overlaps_other_reference_label,EMAIL,"beiten teilzunehmen. Meine Kontaktdaten lauten: Telefon +0042-13 158 0465, E‑Mail aoveren@protonmail.com.
Ich bestätige, dass ich über die Risiken informiert wurde, insbesondere über mögliche St"
presidio_de_core_news_lg,482,PRIVATE_URL,254,266,tutanota.com,overlaps_other_reference_label,EMAIL, Jakomini Jakomini stattfindet; bitte bestätigen Sie Ihre Teilnahme per E‑Mail an nrossas@tutanota.com oder rufen Sie uns unter +43629.920 2651 an.
presidio_de_core_news_lg,484,PRIVATE_URL,302,309,aol.com,overlaps_other_reference_label,EMAIL,"as Geschlecht Transgender und die Beitragsdauer, die Sie in Ihrem Profil unter rajarsulit@aol.com einsehen können. Bei Fragen wenden Sie sich bitte an die Personalabteilung unter +257.57."
presidio_de_core_news_lg,487,PRIVATE_URL,241,250,yahoo.com,overlaps_other_reference_label,EMAIL,"minar zum Thema ‚Effektives Dehnen für Knochengesundheit‘; registrieren Sie sich unter UO@yahoo.com und geben Sie dabei Ihren Namen, Ihr Geburtsdatum (Juli 27., 2002) und Ihre Steuer‑ID (78"
presidio_de_core_news_lg,489,PRIVATE_URL,354,363,gmail.com,overlaps_other_reference_label,EMAIL, UJUJY3K4GN einreichen. Bitte senden Sie die Unterlagen an die Personalabteilung unter SW@gmail.com bis zum 1989-07-26T00:00:00.
presidio_de_core_news_lg,490,PRIVATE_URL,127,136,yahoo.com,overlaps_other_reference_label,EMAIL,"ir haben Ihre Anfrage bezüglich der FDIC‑Abdeckung erhalten. Bitte bestätigen Sie Ihre FK@yahoo.com und teilen Sie uns Ihr 5020 mit, damit wir die Bewertung abschließen können."
presidio_de_core_news_lg,492,PRIVATE_URL,319,333,protonmail.com,overlaps_other_reference_label,EMAIL," letzte Buchung erfolgte am Mai 12., 1977 über die Kreditkarte 6761653231084 (E‑Mail: K14@protonmail.com).
Mit freundlichen Grüßen,
Senator Marc-Christoph Noorullah Tschickardt"
presidio_de_core_news_lg,493,PRIVATE_URL,211,222,outlook.com,overlaps_other_reference_label,EMAIL," Mariaconcetta Elme Touyère Popescu-Dinulovic, Geburtsdatum 12. Oktober 1986 und E‑Mail C@outlook.com vermerkt."
presidio_de_core_news_lg,494,PRIVATE_URL,435,449,protonmail.com,overlaps_other_reference_label,EMAIL,"ne ärztliche Rücksprache.

**Kontakt:**
- Vertrieb: Krystina Mwakunemwa
- E‑Mail: GPA@protonmail.com
- Telefon: +43 78.718-5785

**Zertifikate:** Bio‑Siegel, Fair‑Trade, ISO 22000

*Hin"
presidio_de_core_news_lg,495,PRIVATE_URL,606,620,protonmail.com,overlaps_other_reference_label,EMAIL,"ien des F2012804, des 4169 410205 sowie des 02-5624268. Für Rückfragen stehe ich unter MP@protonmail.com oder telefonisch unter 4747.531.9493 zur Verfügung. Wir bitten um zügige Bearbeitung, da "
presidio_de_core_news_lg,497,PRIVATE_URL,231,240,yahoo.com,overlaps_other_reference_label,EMAIL,"haltigkeits‑Seminar in der Rennweg 1446, Salzburg. Senden Sie bitte Ihre Kontaktdaten (ZP@yahoo.com, +43 14-343.1470) bis spätestens Februar 1., 2001 zurück. Das Seminar richtet sich an Men"
presidio_de_core_news_lg,499,PRIVATE_URL,300,309,yahoo.com,overlaps_other_reference_label,EMAIL,"tet Kochstraße 24, 6020 Linz Dornach; für Rückfragen nutzen Sie bitte die E‑Mail jcarando@yahoo.com oder Telefon 0002 91.013-9790. Zur Verifizierung fügen Sie bitte eine Kopie Ihres Reisepa"
presidio_de_core_news_lg,500,PRIVATE_URL,368,375,aol.com,overlaps_other_reference_label,EMAIL," Team unter der Leitung von Dr Annique Lushaj Ferriz zu planen, erreichbar unter shefeind@aol.com und 0029-85-771 8088."
presidio_de_core_news_lg,501,PRIVATE_URL,713,722,gmail.com,overlaps_other_reference_label,EMAIL,"atum: 08/02/1941) zugeordnet ist.\nBitte senden Sie uns Ihre Bestätigung per E‑Mail an MM@gmail.com oder kontaktieren Sie uns telefonisch unter 078-011.7030, damit wir die nächsten Schritte"
presidio_de_core_news_lg,502,PRIVATE_URL,179,188,gmail.com,overlaps_other_reference_label,EMAIL,"roßartige Arbeit im Projekt. Wenn du Unterstützung brauchst, melde dich per Mail an KMT37@gmail.com."""
presidio_de_core_news_lg,503,PRIVATE_URL,395,404,yahoo.com,overlaps_other_reference_label,EMAIL,enen Haushalte. Bitte senden Sie Ihre Rückmeldungen bis zum 17. März 2002 per E‑Mail an T@yahoo.com oder telefonisch unter (73) 1393-2124.
presidio_de_core_news_lg,506,PRIVATE_URL,277,291,protonmail.com,overlaps_other_reference_label,EMAIL,"tigen. Für Rückfragen erreichen Sie uns unter +439.865-570.3385 oder per E‑Mail an QB2026@protonmail.com. Der Kursbeginn ist am November/04 in der Unterer Plumes 1a, 8010 Innsbruck."
presidio_de_core_news_lg,509,PRIVATE_URL,199,208,gmail.com,overlaps_other_reference_label,EMAIL,"ischen Problemen eingeführt, das über die interne Plattform per E‑Mail (z. B. semijedluhý@gmail.com) und Telefon (+656 288.748.5151) erreichbar ist; diese Anlaufstelle schützt die Anonymitä"
presidio_de_core_news_lg,511,PRIVATE_URL,250,261,hotmail.com,overlaps_other_reference_label,EMAIL,"e sich bitte an unseren Kundenservice unter der Nummer 068-242 1808 oder per E‑Mail an NH@hotmail.com. Ihr zuständiger Ansprechpartner ist Doktorin Camelia Zeus Djeffali, erreichbar bis zum 2"
presidio_de_core_news_lg,513,PRIVATE_URL,760,774,protonmail.com,overlaps_other_reference_label,EMAIL,"tität Geschlechterqueer. Ich würde gern meine Kontaktdaten teilen: E‑Mail jigmemustafovic@protonmail.com und Telefon +43236.124.0279.
Jerron Chiaravalli: Perfekt, ich sende dir bald weitere Info"
presidio_de_core_news_lg,514,PRIVATE_URL,190,199,gmail.com,overlaps_other_reference_label,EMAIL," / Geschlechtsfluid
Adresse: Samhaberstraße 1a, 8010 Linz
Telefon: 045-0148068 
E‑Mail: X@gmail.com
ID‑Nummer: 21582474
Führerschein‑Nr.: 0UNZ01YWH6
Bitte geben Sie den aktuellen Monatslohn"
presidio_de_core_news_lg,515,PRIVATE_URL,617,626,gmail.com,overlaps_other_reference_label,EMAIL,"gten Skizzen bis zum Februar 10., 1942 und gebt mir euer Feedback per E‑Mail an joelizwez@gmail.com oder telefonisch unter 0112 27035050.

Mit freundlichen Grüßen,
Herr N'guessan Yordanos d"
presidio_de_core_news_lg,515,PRIVATE_URL,39,48,gmail.com,overlaps_other_reference_label,EMAIL,"Prof Mereme Sayori Moayed (mailto:WMGv@gmail.com)
Betreff: Entwurf der Bühnenlayout-Strategie für das Festival am März 27., 1949

Liebe Ko"
presidio_de_core_news_lg,516,PRIVATE_URL,395,406,hotmail.com,overlaps_other_reference_label,EMAIL,"digen. Bitte senden Sie mir bis zum 1976-07-01T00:00:00 Ihre aktuellen Zielvorgaben an SB@hotmail.com und teilen Sie mir mit, welche Messgrößen für Ihr Team am relevantesten sind. Bei Fragen "
presidio_de_core_news_lg,518,PRIVATE_URL,105,114,gmail.com,overlaps_other_reference_label,EMAIL,i Hatuev zu einem Online‑Seminar am 13/05/1986 ein; die Zugangsdaten werden an saïdaebnet@gmail.com gesendet.
presidio_de_core_news_lg,520,PRIVATE_URL,251,258,aol.com,overlaps_other_reference_label,EMAIL,gen eingerichtet – der Smart‑Contract läuft jetzt auf dem Test‑Net und erwartet eure 39NF@aol.com für das Whitelisting. Bitte sendet mir eure 30-0685471 und die zugehörige 38856194625419 
presidio_de_core_news_lg,523,PRIVATE_URL,231,242,hotmail.com,overlaps_other_reference_label,EMAIL,Hr bei einer lokalen NGO in Wien Alsergrund; bitte senden Sie Ihre Projektideen per 1959C@hotmail.com bis zum 1992-08-07T00:00:00.
presidio_de_core_news_lg,525,PRIVATE_URL,296,307,outlook.com,overlaps_other_reference_label,EMAIL,"369
Postleitzahl: 4020
Bitte senden Sie das ausgefüllte Formular bis zum Dezember/84 an S@outlook.com."
presidio_de_core_news_lg,525,PRIVATE_URL,175,186,outlook.com,overlaps_other_reference_label,EMAIL,"urtsdatum: August 28., 1973
Alter: 85
Geschlecht: Nicht spezifiziert
E‑Mail: neelaettahri@outlook.com
Telefon: (060) 2613369
Postleitzahl: 4020
Bitte senden Sie das ausgefüllte Formular bis z"
presidio_de_core_news_lg,526,PRIVATE_URL,983,997,protonmail.com,overlaps_other_reference_label,EMAIL,"halle von Linz Neue Welt Neue Welt, zu dem alle Interessierten per Einladung an ihre MJ26@protonmail.com und +03-010 158 4201 eingeladen werden."
presidio_de_core_news_lg,526,PRIVATE_URL,304,318,protonmail.com,overlaps_other_reference_label,EMAIL,"einem Foto und einer Beschreibung verbunden, die über das persönliche Konto mit mouulmann@protonmail.com eingeloggt wird. Die technische Umsetzung erforderte die Eingabe von E9400639 für interna"
presidio_de_core_news_lg,529,PRIVATE_URL,412,423,hotmail.com,overlaps_other_reference_label,EMAIL,"rfen. Weiterhin wird darauf hingewiesen, dass die Bewerber:innen ihre Kontaktdaten wie RF@hotmail.com und Telefonnummer (+43-648.685.3510) in einem gesicherten System hinterlegen müssen, bevo"
presidio_de_core_news_lg,531,PRIVATE_URL,332,341,gmail.com,overlaps_other_reference_label,EMAIL,"chlechtliche Identität als Geschlechtsfluid vermerkt.\nIhre Kontaktdaten lauten: E‑Mail E@gmail.com und Telefon +43.51 015 8909.\nBitte überprüfen Sie die Angaben und informieren Sie uns, f"
presidio_de_core_news_lg,533,PRIVATE_URL,454,461,aol.com,overlaps_other_reference_label,EMAIL,"ir die Prognose für Q3 anpassen sollen.

Bei Rückfragen erreichen Sie mich unter fschnabl@aol.com oder telefonisch unter +43.67-073-5387.

Mit freundlichen Grüßen,
Manjit Jahar
Data Analy"
presidio_de_core_news_lg,536,PRIVATE_URL,537,546,yahoo.com,overlaps_other_reference_label,EMAIL,"den kleinen Kiosk mit Strom versorgt, wobei die Stromrechnung über die Kontaktdaten KFH27@yahoo.com abgerechnet wird. Um die Besucherzahlen zu kontrollieren, wird ein digitales Anmeldesyste"
presidio_de_core_news_lg,537,PRIVATE_URL,634,641,aol.com,overlaps_other_reference_label,EMAIL,"u installieren, das Besucher zu einer Online‑Umfrage führt, die über die E‑Mail-Adresse B@aol.com abgewickelt wird. Die Kosten für das gesamte Projekt werden über das Fördermittel mit der"
presidio_de_core_news_lg,538,PRIVATE_URL,481,495,protonmail.com,overlaps_other_reference_label,EMAIL,"4169323685589 verarbeitet werden; die zugehörige Bestellbestätigung wird an die Adresse A@protonmail.com gesendet. Zusätzlich wird ein kleines Besucherzentrum errichtet, dessen Postleitzahl 9020"
presidio_de_core_news_lg,539,PRIVATE_URL,242,253,outlook.com,overlaps_other_reference_label,EMAIL,chassistenten mit lokalen Stromnetzen plant. Bitte senden Sie Ihre Rückmeldung an POA1962@outlook.com bis zum 06/12/1998.
presidio_de_core_news_lg,542,PRIVATE_URL,252,261,gmail.com,overlaps_other_reference_label,EMAIL,nteragiert. Für Interviewanfragen kontaktieren Sie bitte Bürgermeisterin Johanan unter HK@gmail.com.
presidio_de_core_news_lg,543,PRIVATE_URL,323,330,aol.com,overlaps_other_reference_label,EMAIL," bestätigen Sie Ihre Teilnahme bis zum 15. Mai, indem Sie eine kurze Rückmeldung an nplac@aol.com senden oder uns telefonisch unter +433-189.755-8671 kontaktieren.
Die Ausstellung präsent"
presidio_de_core_news_lg,545,PRIVATE_URL,212,221,gmail.com,overlaps_other_reference_label,EMAIL,"und hoffen, Sie bald wiederzusehen. Ein abschließender Bericht wird Ihnen per E‑Mail an S@gmail.com zugesendet, sobald die Auswertung abgeschlossen ist."
presidio_de_core_news_lg,546,PRIVATE_URL,341,355,protonmail.com,overlaps_other_reference_label,EMAIL," 64=29.'
Sumeet Muhabi: 'Ich schicke meine H9903243 und 91210593 zur Verifizierung an K14@protonmail.com.'
Bratko Akesson: 'Alles klar, ich melde mich, sobald ich die Bestätigung erhalten habe.'"
presidio_de_core_news_lg,547,PRIVATE_URL,52,63,hotmail.com,overlaps_other_reference_label,EMAIL,"Bitte bestätigen Sie Ihre Teilnahme per E‑Mail an G@hotmail.com oder rufen Sie uns unter 010 213 2420 an, damit wir das personalisierte Ernährungsprofil "
presidio_de_core_news_lg,548,PRIVATE_URL,343,354,outlook.com,overlaps_other_reference_label,EMAIL,"er: 53667617
Bitte senden Sie das ausgefüllte Formular bis zum 12. November 1978 an 1965D@outlook.com."
presidio_de_core_news_lg,550,PRIVATE_URL,724,733,yahoo.com,overlaps_other_reference_label,EMAIL,"Parkplätze wurden diskutiert.
4. Marketing – Es wurde vereinbart, Pressemitteilungen an H@yahoo.com zu senden und Social‑Media‑Kanäle über 039-740 8335 zu koordinieren.

Nächste Schritte: J"
presidio_de_core_news_lg,554,PRIVATE_URL,131,142,outlook.com,overlaps_other_reference_label,EMAIL,"Sie Ihre Kontaktdaten, insbesondere Ihre Telefonnummer 049 689-6061 und E‑Mail‑Adresse LA@outlook.com, damit wir im Krisenfall schnell kommunizieren können. Alle Angaben, einschließlich Ihrer"
presidio_de_core_news_lg,556,PRIVATE_URL,341,353,tutanota.com,overlaps_other_reference_label,EMAIL,"icken Sie die Einverständniserklärung samt Kopie des W6501903 oder der RYY9XFMZ6R an FB26@tutanota.com und geben Sie Ihre 6080 an, damit wir die Teilnehmerlisten finalisieren. Die Teilnahmegeb"
presidio_de_core_news_lg,558,PRIVATE_URL,386,397,hotmail.com,overlaps_other_reference_label,EMAIL,"den Sie Ihre Kurzvita sowie eine Kopie Ihres 33815210 an meine geschäftliche E‑Mail T1946@hotmail.com, damit wir die Teilnahmeunterlagen finalisieren können, und melden Sie sich bei Rückfrage"
presidio_de_core_news_lg,560,PRIVATE_URL,113,124,hotmail.com,overlaps_other_reference_label,EMAIL,": Fehler beim Abrufen der Portfolio‑Daten

Von: Sathiyaraj Samaniego Kume Silvet <lenkána@hotmail.com>
Erstellt am: 20/09/1982

Beschreibung: Beim Aufruf der Endpunkt‑URL '/portfolio/performa"
presidio_de_core_news_lg,561,PRIVATE_URL,110,124,protonmail.com,overlaps_other_reference_label,EMAIL,"beschleunigen, benötigen wir aktuelle Kontaktdaten: Ihre E‑Mail‑Adresse lautet shikharsar@protonmail.com und Ihre Telefonnummer +18-66 898-0930; beide Angaben werden ausschließlich für die Korre"
presidio_de_core_news_lg,564,PRIVATE_URL,60,74,protonmail.com,overlaps_other_reference_label,EMAIL,"Im Anmeldeformular wird nach dem 21. Juni 1944 und der EK01@protonmail.com gefragt, damit die digitale Karte per E‑Mail versendet werden kann, während die Zahlungss"
presidio_de_core_news_lg,566,PRIVATE_URL,265,274,yahoo.com,overlaps_other_reference_label,EMAIL,"erungswürdig.""
Raoul: ""Können wir das im nächsten Sprint‑Meeting ansprechen?""
nahglessing@yahoo.com: ""Klar, ich schicke euch vorher ein paar Screenshots.""
+43-48540.9271: ""Falls jemand Tele"
presidio_de_core_news_lg,568,PRIVATE_URL,544,555,hotmail.com,overlaps_other_reference_label,EMAIL, Silber hergestellt werden. Medienvertreter können weitere Informationen per E‑Mail an VB@hotmail.com oder telefonisch unter 067 956 9019 anfordern.
presidio_de_core_news_lg,571,PRIVATE_URL,307,319,tutanota.com,overlaps_other_reference_label,EMAIL,"ummer ist 30185570 und meine Steuernummer 17-8846044.
Bitte kontaktieren Sie mich unter K@tutanota.com oder telefonisch unter +980-70-690-7214; ich bin 47 Jahre alt und mein biologisches Gesch"
presidio_de_core_news_lg,574,PRIVATE_URL,55,66,hotmail.com,overlaps_other_reference_label,EMAIL,"1976-06-29T00:00:00 Senator Faical Landerer (mailto:AG@hotmail.com):

Liebe Teammitglieder,

ich möchte unser neues System zur Teamverantwortung vorstellen,"
presidio_de_core_news_lg,574,PRIVATE_URL,1064,1071,aol.com,overlaps_other_reference_label,EMAIL,"er neuen Richtlinien.

Mit freundlichen Grüßen,
Bgm Saiida Thushyanthi de Buck
florênplav@aol.com
004383.969 8606"
presidio_de_core_news_lg,574,PRIVATE_URL,283,292,yahoo.com,overlaps_other_reference_label,EMAIL,"aft tritt. Jeder von euch wird ab sofort gebeten, wöchentliche Fortschrittsberichte an SD@yahoo.com zu senden, wobei im Betreff die Projekt‑ID (494X0OIUEH) und das aktuelle Datum (2015-05-1"
presidio_de_core_news_lg,575,PRIVATE_URL,308,319,hotmail.com,overlaps_other_reference_label,EMAIL,"Alter – 51; Geschlecht – M; Geschlechtsidentität – Zwei-Geister. Kontaktdaten: E‑Mail – J@hotmail.com; Telefon – 025.421.8328; Adresse – Geroldsbachweg 51, 5020 Linz Neue Welt. Identifikation"
presidio_de_core_news_lg,576,PRIVATE_URL,431,443,tutanota.com,overlaps_other_reference_label,EMAIL,"editkarte, Rechnung): 4176762681842 oder 5482 950912

Bitte das ausgefüllte Formular an M@tutanota.com zurücksenden."
presidio_de_core_news_lg,579,PRIVATE_URL,136,145,gmail.com,overlaps_other_reference_label,EMAIL,rem Webinar über klimabezogene Anlagestrategien teilzunehmen; die Anmeldung erfolgt via K@gmail.com und wird Ihnen am 21/08/2019 eine Bestätigungs‑Mail senden.
presidio_de_core_news_lg,581,PRIVATE_URL,467,476,gmail.com,overlaps_other_reference_label,EMAIL,"l: 5101
11. Ort: Wien Döbling

Bitte fügen Sie die ausgefüllten Daten per E‑Mail an D1951@gmail.com oder per Fax an 01234 56789 bei.

Vielen Dank für Ihre Mitarbeit."
presidio_de_core_news_lg,582,PRIVATE_URL,237,251,protonmail.com,overlaps_other_reference_label,EMAIL,"27. Februar 1966, Alter 40, Geschlecht F (oder Gender: Nicht-binär). Kontakt: E‑Mail KS75@protonmail.com, Telefon +4 10 094-5885; Anschrift: 31 Leonfeldner Straße, 5020 Linz."
presidio_de_core_news_lg,583,PRIVATE_URL,328,337,yahoo.com,overlaps_other_reference_label,EMAIL, Wien. Bei Problemen kontaktieren Sie uns bitte unter +23-168012638 oder per E‑Mail an CD@yahoo.com.
presidio_de_core_news_lg,584,PRIVATE_URL,352,359,aol.com,overlaps_other_reference_label,EMAIL," erwarten darf.
Bitte rufen Sie mich unter +43-074025400 an oder schreiben Sie mir an NSS@aol.com, damit wir die Details gemeinsam durchgehen."
presidio_de_core_news_lg,586,PRIVATE_URL,251,262,hotmail.com,overlaps_other_reference_label,EMAIL,"sdatum: Mai/71
   • Geschlecht: F / Nicht-binär
2. Kontaktdaten
   • E‑Mail: esmiroserens@hotmail.com
   • Telefon: +56 610.865-6647
   • Wohnadresse: Lanser Straße 58, 1150 Innsbruck
3. Iden"
presidio_de_core_news_lg,586,PRIVATE_URL,816,823,aol.com,overlaps_other_reference_label,EMAIL,"______________________________

Bitte senden Sie das ausgefüllte Formular per E‑Mail an T@aol.com oder postalisch an die oben genannte Adresse bis spätestens 28. Juni 1965. Wir bestätigen"
presidio_de_core_news_lg,587,PRIVATE_URL,547,556,gmail.com,overlaps_other_reference_label,EMAIL,"nnen. Falls Sie Fragen haben, wenden Sie sich gern an unser Support‑Team unter xhereinker@gmail.com oder besuchen Sie unser Büro in der Planötzenhofstraße 3."
presidio_de_core_news_lg,587,PRIVATE_URL,193,202,yahoo.com,overlaps_other_reference_label,EMAIL,"von sozialen Medien für Nachfüll‑Benachrichtigungen in Wien einführen, sodass Sie über SF@yahoo.com oder per Direktnachricht auf Ihrem bevorzugten Netzwerk informiert werden. Bitte bestätig"
presidio_de_core_news_lg,590,PRIVATE_URL,121,128,aol.com,overlaps_other_reference_label,EMAIL,"n Linz entdeckt wurde, informierten Hiam Valiantsina und Rozana Andia die Behörden via CI@aol.com; die betroffene Tierärztin, Dr Leyder, koordinierte den Transport."
presidio_de_core_news_lg,592,PRIVATE_URL,280,291,outlook.com,overlaps_other_reference_label,EMAIL,"hre aktuellen Kontaktdaten, insbesondere Telefonnummer (0004-626.598 9916) und E‑Mail (ZS@outlook.com), bis zum 18/07/2005 aktualisieren. Die neue Büroanschrift lautet Leopoldstraße 37 in Inn"
presidio_de_core_news_lg,599,PRIVATE_URL,485,492,aol.com,overlaps_other_reference_label,EMAIL,". Für Fragen erreichen Sie uns jederzeit unter 0143286 861-4265 oder per E‑Mail an 1963JG@aol.com; bitte geben Sie bei der Anmeldung Ihr Alter (41) und Ihr Geschlecht (Weiblich) an, damit"
presidio_de_core_news_lg,601,PRIVATE_URL,244,255,outlook.com,overlaps_other_reference_label,EMAIL," geringeres Risiko trägt und oft bessere Zinskonditionen anbietet, wie in der Email an ZP@outlook.com vom 2023-10-12T00:00:00 bestätigt wurde."
presidio_de_core_news_lg,603,PRIVATE_URL,231,245,protonmail.com,overlaps_other_reference_label,EMAIL,"gen Sie bis zum 1997-05-16T00:00:00 Ihre Teilnahme an der Kultur‑Umfrage per E‑Mail an SN@protonmail.com und teilen Sie uns Ihre Gedanken mit. Gemeinsam gestalten wir ein Arbeitsumfeld, in dem j"
presidio_de_core_news_lg,604,PRIVATE_URL,369,381,tutanota.com,overlaps_other_reference_label,EMAIL,"wegungsfreundlich ist. Bitte senden Sie Ihre ersten Entwürfe an meine E‑Mail-Adresse HFDO@tutanota.com, damit wir zeitnah Feedback geben können. Ich freue mich auf eine kreative Zusammenarbeit"
presidio_de_core_news_lg,606,PRIVATE_URL,1114,1123,gmail.com,overlaps_other_reference_label,EMAIL,m 21/08/2018 im Gemeindehaus statt; bitte bestätigen Sie Ihre Teilnahme per E‑Mail an L19@gmail.com oder telefonisch unter +752 509 001.9977.
presidio_de_core_news_lg,608,PRIVATE_URL,440,449,gmail.com,overlaps_other_reference_label,EMAIL,"fen Sie, ob Ihr Reisepass (S3901290) noch gültig ist, und senden Sie eine Kopie an anbere@gmail.com."
presidio_de_core_news_lg,609,PRIVATE_URL,254,265,outlook.com,overlaps_other_reference_label,EMAIL," und Nachnamen (Fatey Saglio), Geburtsdatum (1988-09-19T00:00:00) und Kontakt (selinabasi@outlook.com, 03718.501905) aus. Zusätzlich verlangen wir eine Kopie Ihres Reisepasses (V1193733) und "
presidio_de_core_news_lg,610,PRIVATE_URL,198,209,hotmail.com,overlaps_other_reference_label,EMAIL,"rbeitszeitmodell eingeführt wird. Bitte bestätigen Sie Ihre Teilnahme per E‑Mail an U2025@hotmail.com oder telefonisch unter +57 428252680, damit wir Ihre individuellen Präferenzen berücksich"
presidio_de_core_news_lg,611,PRIVATE_URL,302,313,outlook.com,overlaps_other_reference_label,EMAIL,"ter: 10
6. Geschlecht: Männlich
7. Geschlechtsidentität: Agender
8. E‑Mail-Adresse: 2025T@outlook.com
9. Telefonnummer: +3.23.706.3215
10. Wohnadresse: Bildgasse 6, 6020 Innsbruck Sankt Nikol"
presidio_de_core_news_lg,613,PRIVATE_URL,22,31,yahoo.com,overlaps_other_reference_label,EMAIL,"Der Brief an gérykien@yahoo.com vom 29/05/2016 betont, dass die Verzweiflung Geschlechterqueer kein dauerhaftes Schicksal"
presidio_de_core_news_lg,614,PRIVATE_URL,447,461,protonmail.com,overlaps_other_reference_label,EMAIL,e Resilienz) zu aktualisieren. Bitte bestätigen Sie den Erhalt per E‑Mail an deshrikatona@protonmail.com oder telefonisch unter +437 201.244 8107.
presidio_de_core_news_lg,615,PRIVATE_URL,370,381,outlook.com,overlaps_other_reference_label,EMAIL,"ken? Tutor: Selbstverständlich, ich sende Ihnen die Rechnung an Ihre E‑Mail‑Adresse 2011T@outlook.com; die Zahlung erfolgt per Kreditkarte mit der Nummer 675936776443375 oder per Überweisung "
presidio_de_core_news_lg,620,PRIVATE_URL,264,273,gmail.com,overlaps_other_reference_label,EMAIL,"r 1978
   • Alter: 60
   • Geschlecht: Männlich
2. Kontaktinformationen:
   • E‑Mail: D47@gmail.com
   • Telefon: +43611.228.7412
   • Anschrift: Wiedner Hauptstraße 37
   • PLZ/Ort: 8020 S"
presidio_de_core_news_lg,621,PRIVATE_URL,52,63,hotmail.com,overlaps_other_reference_label,EMAIL,"Bitte bestätigen Sie Ihre Teilnahme per E‑Mail an A@hotmail.com oder telefonisch unter +3-35 509 2277, damit wir die Sitzungszahl für die erwarteten 29‑j"
presidio_de_core_news_lg,624,PRIVATE_URL,130,139,yahoo.com,overlaps_other_reference_label,EMAIL," Eduan Sabaghian nach dem 86‑jährigen Androgyn Pilger, um seine Geschichte per reyantoshe@yahoo.com zu verifizieren."
presidio_de_core_news_lg,628,PRIVATE_URL,304,316,tutanota.com,overlaps_other_reference_label,EMAIL,"nberg stattfindet; bitte bestätigen Sie Ihre Teilnahme bis zum 15/04/1999 per E‑Mail an C@tutanota.com. Die Jagd führt Sie durch versteckte Küchenlabore, wo Sie mit einer Mischung aus Rätseln "
presidio_de_core_news_lg,629,PRIVATE_URL,200,212,tutanota.com,overlaps_other_reference_label,EMAIL,inladen. Bitte bestätigen Sie Ihre Teilnahme bis zum 2024-04-19T00:00:00 per E‑Mail an HM@tutanota.com oder telefonisch unter (23).7015.1565. Für die Erstellung Ihres Profils benötigen wir Ihr
presidio_de_core_news_lg,630,PRIVATE_URL,166,173,aol.com,overlaps_other_reference_label,EMAIL,"nanzkennzeichen 25-2858920; bitte senden Sie die Unterlagen bis zum 8. Februar 1990 an GA@aol.com und bringen Sie sie zu unserem Büro in der Donauradweg 22, 6020 Graz Lend."
presidio_de_core_news_lg,633,PRIVATE_URL,141,150,yahoo.com,overlaps_other_reference_label,EMAIL,"anisms Overview
Autor: Meist Salvadora Mirhada Degel
Datum: 5. August 2020
Kontakt: A1990@yahoo.com | 1964.662 8267
---
Zusammenfassung: Dieser Bericht fasst die wichtigsten Mechanismen der"
presidio_de_core_news_lg,635,PRIVATE_URL,199,206,aol.com,overlaps_other_reference_label,EMAIL,"021-04-03T00:00:00 (Alter: 76)
Geschlecht: Agender / Biologisches Geschlecht: F
E‑Mail: K@aol.com
Telefon: 03811.60343 
Adresse: Zieglergasse 184, 8020 Innsbruck Wilten

Bitte beschreiben"
presidio_de_core_news_lg,636,PRIVATE_URL,497,506,yahoo.com,overlaps_other_reference_label,EMAIL,"agen steht Ihnen unser Kundenservice unter +4503759.9223 oder per E‑Mail an azweipfenning@yahoo.com zur Verfügung.
Bitte bewahren Sie das Produkt außerhalb der Reichweite von Kindern auf; d"
presidio_de_core_news_lg,637,PRIVATE_URL,784,793,yahoo.com,overlaps_other_reference_label,EMAIL,"r das Angebotsschreiben schicken kann: 14UK@tutanota.com.""
Suleqa: ""Klar, hier ist sie: B@yahoo.com. Und übrigens, ich habe gerade meine F8OVIADWWG erneuert, falls du es für die Versicherun"
presidio_de_core_news_lg,637,PRIVATE_URL,738,750,tutanota.com,overlaps_other_reference_label,EMAIL,"k mir bitte deine E‑Mail-Adresse, damit ich dir das Angebotsschreiben schicken kann: 14UK@tutanota.com.""
Suleqa: ""Klar, hier ist sie: B@yahoo.com. Und übrigens, ich habe gerade meine F8OVIADWW"
presidio_de_core_news_lg,640,PRIVATE_URL,722,733,hotmail.com,overlaps_other_reference_label,EMAIL,"7319467

Bitte alle Felder vollständig ausfüllen und das Formular bis zum 28/07/1968 an J@hotmail.com zurücksenden.

Vielen Dank für Ihre Kooperation!
"
presidio_de_core_news_lg,640,PRIVATE_URL,283,292,gmail.com,overlaps_other_reference_label,EMAIL,"
   - Geschlechtsidentität: Transgender

2. Kontaktinformationen
   - E‑Mail: siaboubacar@gmail.com
   - Telefon: +3 447 713.3583
   - Adresse: Weinweg 163, 4020 Graz Gries

3. Identifikati"
presidio_de_core_news_lg,641,PRIVATE_URL,155,167,tutanota.com,overlaps_other_reference_label,EMAIL,achname = de Lamberterie; Geburtsdatum = 06/11/2024; Geschlecht = Männlich; E‑Mail = CA04@tutanota.com; Telefon = +43.733658350; Postleitzahl = 4040; Stadt = Wien Neubau Neubau; Adresse = Paus
presidio_de_core_news_lg,643,PRIVATE_URL,268,279,outlook.com,overlaps_other_reference_label,EMAIL,ilehrer in Salzburg Morzg. Für weitere Fragen erreicht man ihn per E‑Mail unter SSBTC2005@outlook.com. Die Saison beginnt offiziell am April/95 und wir planen ein großes Après‑Ski‑Event danac
presidio_de_core_news_lg,653,PRIVATE_URL,437,446,gmail.com,overlaps_other_reference_label,EMAIL,"wendet.  Sollten Sie Fragen haben, kontaktieren Sie bitte unseren Support per E‑Mail (K28@gmail.com) oder telefonisch unter +84 89.238 3285 zwischen 9:00 und 18:00 Uhr."
presidio_de_core_news_lg,654,PRIVATE_URL,259,268,gmail.com,overlaps_other_reference_label,EMAIL,"enstadt Innenstadt stattfinden wird.
Bitte bestätigen Sie Ihre Teilnahme per E‑Mail an RW@gmail.com oder telefonisch unter 0114 83314467; die Anmeldegebühr beträgt 4528493113721092."
presidio_de_core_news_lg,655,PRIVATE_URL,969,976,aol.com,overlaps_other_reference_label,EMAIL,"eisen)
Bitte senden Sie das vollständig ausgefüllte Formular an die E‑Mail‑Adresse fefran@aol.com oder per Post an das Organisationsbüro, das sich in der Planötzenhofstraße 25, 4020 Salzb"
presidio_de_core_news_lg,655,PRIVATE_URL,385,394,yahoo.com,overlaps_other_reference_label,EMAIL,"cht: F / Geschlechtsidentität: Nicht spezifiziert
2. Kontaktdaten:
   • E‑Mail: ymrcuénet@yahoo.com
   • Telefon: 0043699.070.7334
   • Adresse: Raimundstraße 10, 8010 Salzburg
3. Offiziell"
presidio_de_core_news_lg,657,PRIVATE_URL,317,329,tutanota.com,overlaps_other_reference_label,EMAIL,69 zur Herstellung von Heilöl verwendet wurde. Für Rückfragen steht er unter der E‑Mail A@tutanota.com oder telefonisch unter +0-528-532-2160 zur Verfügung.
presidio_de_core_news_lg,659,PRIVATE_URL,104,118,protonmail.com,overlaps_other_reference_label,EMAIL,"Kundenservice: ""Bitte senden Sie eine Kopie Ihres T7597834 sowie Ihre 042 094 2556 an 55K@protonmail.com für die Bearbeitung der Versicherungsleistung."""
presidio_de_core_news_lg,662,PRIVATE_URL,419,431,tutanota.com,overlaps_other_reference_label,EMAIL,"stik. Ich schicke euch gleich die 17‑Zimmer‑Pläne.""
Seav: ""Könnt ihr bitte auch eure 19IP@tutanota.com hinzufügen, damit wir die Follow‑Up‑Umfrage verschicken können?""
Smadulovic: ""Klar, meine"
presidio_de_core_news_lg,662,PRIVATE_URL,529,540,outlook.com,overlaps_other_reference_label,EMAIL,"gen, damit wir die Follow‑Up‑Umfrage verschicken können?""
Smadulovic: ""Klar, meine ist LV@outlook.com.""
Gaspar: ""Ich bringe beim nächsten Meeting ein kurzes Silent‑Brainstorming ein – das sol"
presidio_de_core_news_lg,664,PRIVATE_URL,230,242,tutanota.com,overlaps_other_reference_label,EMAIL,"ptimal vorzubereiten, bitte ich Sie, mir bis spätestens 28. Februar 1938 per E‑Mail an MS@tutanota.com ein kurzes Feedback zu Ihren bisherigen Erfahrungen zu senden. Insbesondere interessieren"
presidio_de_core_news_lg,667,PRIVATE_URL,982,994,tutanota.com,overlaps_other_reference_label,EMAIL,wenden Sie sich bitte an unser Servicecenter unter 082.0378.1187 oder schreiben Sie an HC@tutanota.com. Wir wünschen Ihnen einen inspirierenden Besuch und viel Freude beim Entdecken der reiche
presidio_de_core_news_lg,668,PRIVATE_URL,545,559,protonmail.com,overlaps_other_reference_label,EMAIL, Ihnen am 23/11/2017 das Angebot zu senden und stehen für Rückfragen per E‑Mail an AS1945@protonmail.com oder telefonisch unter 0005.86.679.5158 bereit.
presidio_de_core_news_lg,672,PRIVATE_URL,294,303,gmail.com,overlaps_other_reference_label,EMAIL,"ber den Natters Fluss. Bitte stellt sicher, dass ihr eure +43306-782 6948 und eure GC1960@gmail.com im Gruppen-Chat hinterlegt, damit wir bei Änderungen schnell kommunizieren können. Wer üb"
presidio_de_core_news_lg,673,PRIVATE_URL,612,624,tutanota.com,overlaps_other_reference_label,EMAIL,inalen Konzeptes bis zum 1942-04-08T00:00:00 an die Behörde. Alle Rückfragen bitte an 08R@tutanota.com.
presidio_de_core_news_lg,674,PRIVATE_URL,52,63,hotmail.com,overlaps_other_reference_label,EMAIL,"Bitte bestätigen Sie Ihre Teilnahme per E‑Mail an H@hotmail.com oder telefonisch unter 008 951 7152. Wir freuen uns, wenn Sie als Bgm Fappiano die neuen "
presidio_de_core_news_lg,678,PRIVATE_URL,222,231,gmail.com,overlaps_other_reference_label,EMAIL,e St. Peter St. Peter einzuladen; bitte bestätigen Sie Ihre Teilnahme per E‑Mail an lmatu@gmail.com.
presidio_de_core_news_lg,679,PRIVATE_URL,278,287,yahoo.com,overlaps_other_reference_label,EMAIL,tet und analysiert werden kann. Für Fragen können Leser jederzeit per E‑Mail an gavsaglam@yahoo.com schreiben.
presidio_de_core_news_lg,680,PRIVATE_URL,90,104,protonmail.com,overlaps_other_reference_label,EMAIL,"Betreff: Bestätigung deiner Tanzsession am 15. Dezember 1958
Von: Dwayne Turczyn Kuptz <P@protonmail.com>
Wir freuen uns, dass du am 10/12/1997 mit uns das Prinzip des Energie‑Flows im Paartanz "
presidio_de_core_news_lg,683,PRIVATE_URL,358,370,tutanota.com,overlaps_other_reference_label,EMAIL,"eburtsdatum (09/05/1957).

Bitte bestätigen Sie Ihre Kontaktdaten (E‑Mail: annfreudenberg@tutanota.com, Telefon: +1-16-193 7705) und Ihre Rechnungsadresse (Auf der Gugl 137, 6020 Linz).

Zur A"
presidio_de_core_news_lg,684,PRIVATE_URL,185,192,aol.com,overlaps_other_reference_label,EMAIL,"/23
- Alter: 22
- Geschlecht (biologisch): M
- Geschlechtsidentität: Weiblich
- E‑Mail: P@aol.com
- Telefon: 07-0861-0030
- Adresse: Kaibereich 233, 4020 Innsbruck Pradl
Präferenzen für e"
presidio_de_core_news_lg,685,PRIVATE_URL,875,889,protonmail.com,overlaps_other_reference_label,EMAIL,"ät individuell anpassen können. Sollten Sie Fragen zum Ablauf haben, schreiben Sie an H28@protonmail.com oder rufen Sie unter +352 947 612-5331 an. Wir freuen uns auf Ihre Teilnahme und auf ein "
presidio_de_core_news_lg,690,PRIVATE_URL,226,235,yahoo.com,overlaps_other_reference_label,EMAIL," am April 20., 2004 in Kraft tritt. Bitte bestätigen Sie Ihre Teilnahme per E‑Mail an L19@yahoo.com und teilen Sie uns Ihre Präferenzen bezüglich Region und Nachhaltigkeit mit. Für Rückfrag"
presidio_de_core_news_lg,691,PRIVATE_URL,313,324,hotmail.com,overlaps_other_reference_label,EMAIL,"el von 38868009333484 € definiert. Bitte bestätigen Sie Ihre Kontaktdaten: E‑Mail iliheer@hotmail.com und Telefon +43.45.693.1437. Ihr Wohnsitz ist angegeben als Zrinyigasse 55, 5020 Graz Jak"
presidio_de_core_news_lg,694,PRIVATE_URL,212,219,aol.com,overlaps_other_reference_label,EMAIL,"traße 46, 5020 Linz Hafenviertel ein. Bitte bestätigen Sie Ihre Teilnahme per E‑Mail an K@aol.com bis zum 15. April."
presidio_de_core_news_lg,696,PRIVATE_URL,281,292,hotmail.com,overlaps_other_reference_label,EMAIL,"r ist. Für die nächsten Sitzungen empfehlen wir eine ergänzende Beratung per E‑Mail an DV@hotmail.com oder ein telefonisches Gespräch unter +33.06-724 2572. Bitte beachten Sie, dass die nächs"
presidio_de_core_news_lg,698,PRIVATE_URL,460,467,aol.com,overlaps_other_reference_label,EMAIL,"mer 07105248 bei. Sollten weitere Nachweise nötig sein, können Sie mich jederzeit unter O@aol.com oder telefonisch unter 01439-83.443.9628 erreichen. Ich danke Ihnen im Voraus für Ihre Un"
presidio_de_core_news_lg,699,PRIVATE_URL,167,178,outlook.com,overlaps_other_reference_label,EMAIL, Unterlagen vom 12/08/1940. Die gesendeten Dokumente – inklusive E‑Mail‑Bestätigung an VA@outlook.com und Telefonkontakt unter +1 676-533 9717 – wurden erfolgreich archiviert. Die beigefügten
presidio_de_core_news_lg,701,PRIVATE_URL,193,200,aol.com,overlaps_other_reference_label,EMAIL,"äne bis zum 1956-11-04T00:00:00 zu bestätigen; bitte senden Sie die finalen PDFs an SPW10@aol.com und fügen Sie Ihre Kontaktdaten, einschließlich 00453.99805 , bei. Die Pläne werden in de"
presidio_de_core_news_lg,702,PRIVATE_URL,317,328,outlook.com,overlaps_other_reference_label,EMAIL,damit wir die Freigabe‑E‑Mail versenden können?“ Amavi bestätigt: „Meine Daten lauten R03@outlook.com und 0043 27 984 3787; ich füge noch meine 4528 180812 für die Kostenabrechnung hinzu.“
presidio_de_core_news_lg,702,PRIVATE_URL,188,199,hotmail.com,overlaps_other_reference_label,EMAIL,"im Ordner ‚Origami_Entwürfe‘.“ Coromano antwortet: „Super, kannst du bitte noch deine TBS@hotmail.com und (734).9239365 angeben, damit wir die Freigabe‑E‑Mail versenden können?“ Amavi bestäti"
presidio_de_core_news_lg,708,PRIVATE_URL,239,248,yahoo.com,overlaps_other_reference_label,EMAIL,"er Nebelphänomene geschlossen bleibt. Bitte bestätigen Sie Ihre Teilnahme per E‑Mail an G@yahoo.com und geben Sie Ihre aktuelle Anschrift (Vorgartenstraße 1, 4040 Klagenfurt am Wörthersee V"
presidio_de_core_news_lg,709,PRIVATE_URL,702,714,tutanota.com,overlaps_other_reference_label,EMAIL,onen gedeckt. Ansprechpartner für administrative Fragen ist Professorin Coutau (E‑Mail: G@tutanota.com).
presidio_de_core_news_lg,710,PRIVATE_URL,194,201,aol.com,overlaps_other_reference_label,EMAIL,"n dem Programm für trauma‑informierte Versorgung. Meine Kontaktdaten lauten: E‑Mail S1969@aol.com und Telefon 0046 30-785 2206; meine Anschrift: Schachermayerstraße 14, 1050 Graz Jakomini"
presidio_de_core_news_lg,711,PRIVATE_URL,370,379,yahoo.com,overlaps_other_reference_label,EMAIL,n wir die Erstattung von 6204504697904565 einleiten und Ihnen den Vorgang per E‑Mail an H@yahoo.com bestätigen.
presidio_de_core_news_lg,712,PRIVATE_URL,219,230,hotmail.com,overlaps_other_reference_label,EMAIL,d verschieben den Kursbeginn auf den 13/12/1985; bitte bestätigen Sie per E‑Mail an DND30@hotmail.com Ihre Verfügbarkeit. Bei Rückfragen erreichen Sie uns unter +9.45.217 3060.
presidio_de_core_news_lg,713,PRIVATE_URL,320,331,hotmail.com,overlaps_other_reference_label,EMAIL,"chen von *Delphinus delphis* korrekt sind.
Bitte senden Sie das ausgefüllte Formular an L@hotmail.com und fügen Sie eine Kopie Ihres M8274089 bei.
Sollten weitere Fragen entstehen, erreichen "
presidio_de_core_news_lg,714,PRIVATE_URL,646,657,hotmail.com,overlaps_other_reference_label,EMAIL,"perte)
Bitte senden Sie die ausgefüllte Umfrage bis zum April/72 an die E‑Mail-Adresse TE@hotmail.com.
Als Dankeschön erhalten alle Teilnehmer ein digitales Zertifikat, das Ihre Mitarbeit dok"
presidio_de_core_news_lg,715,PRIVATE_URL,317,326,gmail.com,overlaps_other_reference_label,EMAIL,d sein Geschlecht als M. Die Kontaktangaben der Delegierten umfassen die E‑Mail-Adresse B@gmail.com sowie die Telefonnummer 07 5765.4487 für eventuelle Rückfragen. Zusätzlich wurden finanzi
presidio_de_core_news_lg,716,PRIVATE_URL,88,99,outlook.com,overlaps_other_reference_label,EMAIL,"Bitte senden Sie Ihre Wetterbeobachtungen bis zum 1944-04-12T00:00:00 per E‑Mail an 11Q@outlook.com, damit wir die Niederschlagsmengen in den Alpen exakt kartieren können."
presidio_de_core_news_lg,717,PRIVATE_URL,114,125,hotmail.com,overlaps_other_reference_label,EMAIL,maworkshop benötigen wir Ihre Ausweisdaten: B2595039 und 61489528; senden Sie diese an NJ@hotmail.com oder rufen Sie uns an unter +134-38 574-1196.
presidio_de_core_news_lg,720,PRIVATE_URL,194,201,aol.com,overlaps_other_reference_label,EMAIL,gsumami‑Gericht mitzubringen. Bitte bestätigen Sie Ihre Teilnahme per E‑Mail an jeddreven@aol.com und geben Sie dabei Ihren 23 sowie eventuelle Nahrungsmittelallergien an.
presidio_de_core_news_lg,722,PRIVATE_URL,531,540,yahoo.com,overlaps_other_reference_label,EMAIL,ng reichen können. Bei Fragen wenden Sie sich bitte an die Compliance‑Abteilung unter SAS@yahoo.com.
presidio_de_core_news_lg,722,PRIVATE_URL,207,216,yahoo.com,overlaps_other_reference_label,EMAIL," persönlichen Daten, einschließlich Steuernummer 55-5733319 und E‑Mail-Adresse rpalikarov@yahoo.com, im zentralen System hinterlegen. Die Daten werden ausschließlich für die Analyse von Kos"
presidio_de_core_news_lg,724,PRIVATE_URL,117,128,outlook.com,overlaps_other_reference_label,EMAIL,"okovic bittet um Zusendung der aktualisierten Vertragsunterlagen per E‑Mail an valerrabil@outlook.com bis spätestens dem Juni 20., 2016."
presidio_de_core_news_lg,728,PRIVATE_URL,485,496,outlook.com,overlaps_other_reference_label,EMAIL,traße sowie die 223 in unserem System. Bestätigen Sie die Aktualisierung per E‑Mail an II@outlook.com bis spätestens 11/11/2017.
presidio_de_core_news_lg,729,PRIVATE_URL,526,535,gmail.com,overlaps_other_reference_label,EMAIL,"den gebeten, ihre Kontaktdaten zu aktualisieren, insbesondere die E‑Mail‑Adresse medella @gmail.com und die Telefonnummer (18)-2351-9795. Abschließend wurden offene Fragen zum Thema Datensc"
presidio_de_core_news_lg,733,PRIVATE_URL,80,89,yahoo.com,overlaps_other_reference_label,EMAIL,Bitte bestätigen Sie Ihre Teilnahme bis zum 1985-09-05T00:00:00 per E‑Mail an L@yahoo.com und teilen Sie uns Ihren Marie-Grâce Mabiala D'innocenzo sowie Ihr Alter von 38 Jahren un
presidio_de_core_news_lg,735,PRIVATE_URL,455,464,yahoo.com,overlaps_other_reference_label,EMAIL,en vertretene Geschlecht M war. Für Rückfragen steht die Kontaktperson per E‑Mail unter N@yahoo.com zur Verfügung.
presidio_de_core_news_lg,736,PRIVATE_URL,469,480,hotmail.com,overlaps_other_reference_label,EMAIL,"is zum 1937-06-08T00:00:00 unterschrieben zurückzusenden, vorzugsweise per E‑Mail an EG57@hotmail.com oder per Fax an die Nummer +43 61 759-8229."
presidio_de_core_news_lg,737,PRIVATE_URL,63,72,gmail.com,overlaps_other_reference_label,EMAIL,Für Bestellungen von traditionellem Prosciutto wird über H1967@gmail.com oder telefonisch unter 0147.732678089 Kontakt aufgenommen; die Lieferzeit beträgt ca. 43 
presidio_de_core_news_lg,738,PRIVATE_URL,88,99,outlook.com,overlaps_other_reference_label,EMAIL,"Für die Anmeldung zum Rohkost‑Workshop benötigen wir Ihre Kontaktdaten – E‑Mail: SKMM27@outlook.com, Telefon: 006.0396158  – sowie Ihre Wohnadresse (Heinrich-Drimmel-Platz 3, 5020 Linz Neus"
presidio_de_core_news_lg,739,PRIVATE_URL,337,346,gmail.com,overlaps_other_reference_label,EMAIL,"e die Strecke entlang der Romuald-Raoul-Niescher-Promenade 2127 gut. Meine E‑Mail ist S14@gmail.com.""
Maarit Eghagha: ""Ich bringe meine Freundin, sie ist Männlich und geboren am Februar 10."
presidio_de_core_news_lg,740,PRIVATE_URL,174,181,aol.com,overlaps_other_reference_label,EMAIL,"iert bis zum Januar 18., 1944 ein Feedback‑Portal, das über die E‑Mail‑Adresse junköseler@aol.com erreichbar ist, und führt regelmäßige Schulungen für das Pflegepersonal durch, um die Kom"
presidio_de_core_news_lg,741,PRIVATE_URL,150,162,tutanota.com,overlaps_other_reference_label,EMAIL,"se am Mentorenprogramm des Vereins; bitte senden Sie Ihre Kontaktdaten (E‑Mail: nyotaflac@tutanota.com, Telefon: 0832.49588780) bis zum 2015-12-15T00:00:00."
presidio_de_core_news_lg,743,PRIVATE_URL,151,163,tutanota.com,overlaps_other_reference_label,EMAIL,0J9C48I sowie die Steuer‑ID 12-4653171; bitte senden Sie diese bis zum 15/10/1989 an CD89@tutanota.com.
presidio_de_core_news_lg,744,PRIVATE_URL,176,187,outlook.com,overlaps_other_reference_label,EMAIL,"ee Rob Mese
Alter: 23 Jahre
Geschlecht: Weiblich
E‑Mail-Adresse für Rückfragen: widaghrir@outlook.com
Telefonische Erreichbarkeit (optional): +12.27.184.5804

Titel des Buches: ""Die vergessen"
presidio_de_core_news_lg,744,PRIVATE_URL,1028,1037,yahoo.com,overlaps_other_reference_label,EMAIL,"en gelöscht. Sollten Sie Ihre Einwilligung widerrufen wollen, schreiben Sie bitte an KG21@yahoo.com."
presidio_de_core_news_lg,745,PRIVATE_URL,253,265,tutanota.com,overlaps_other_reference_label,EMAIL,"39589 ausreicht; kannst du mir deine aktuelle 35-Jahresbudget‑Aufstellung per Mail an EBG@tutanota.com schicken? Schreib mir kurz unter 07-61 46.84 86 oder lass uns am 26/04/1980 treffen, um d"
presidio_de_core_news_lg,746,PRIVATE_URL,588,599,outlook.com,overlaps_other_reference_label,EMAIL," Kohärenz.

Bitte bestätigen Sie Ihre Teilnahme bis spätestens Oktober/21 per E‑Mail an E@outlook.com oder telefonisch unter 01 9549-3591. Für die Reisekosten erhalten Sie eine Erstattung nac"
presidio_de_core_news_lg,748,PRIVATE_URL,123,137,protonmail.com,overlaps_other_reference_label,EMAIL,"ötigen wir ein kurzes Profil Ihrer aktuellen Führungssituation, das Sie bitte an phentzen@protonmail.com senden. Zusätzlich wäre es hilfreich, wenn Sie uns Ihre aktuelle Agender und Weiblich Inf"
presidio_de_core_news_lg,751,PRIVATE_URL,671,680,gmail.com,overlaps_other_reference_label,EMAIL,"um faire und transparente Boni zu garantieren. Für Rückfragen stehen wir Ihnen unter 10ST@gmail.com zur Verfügung."""
presidio_de_core_news_lg,751,PRIVATE_URL,298,309,outlook.com,overlaps_other_reference_label,EMAIL,"en als auch individuelle Präferenzen zu berücksichtigen. Bitte senden Sie Ihre aktuelle M@outlook.com sowie Ihre +43.03-716 8427 bis zum 1945-12-04T00:00:00 an die Personalabteilung, damit wi"
presidio_de_core_news_lg,753,PRIVATE_URL,194,205,hotmail.com,overlaps_other_reference_label,EMAIL,d Führerscheinnummer (BW6T1KNIRH). Bitte senden Sie diese Information verschlüsselt an JG@hotmail.com oder per gesicherten Upload.
presidio_de_core_news_lg,754,PRIVATE_URL,338,349,hotmail.com,overlaps_other_reference_label,EMAIL,"ele Wege erforscht, und ich freue mich darauf, weitere Einsichten per E‑Mail unter GB1964@hotmail.com auszutauschen."
presidio_de_core_news_lg,758,PRIVATE_URL,625,634,gmail.com,overlaps_other_reference_label,EMAIL,delliert haben. Für Rückfragen stehen wir Ihnen unter 099-000.2972 oder per E‑Mail an E03@gmail.com zur Verfügung. Wir freuen uns auf ein persönliches Gespräch in Ihrem Büro in der Jaxstraß
presidio_de_core_news_lg,759,PRIVATE_URL,911,925,protonmail.com,overlaps_other_reference_label,EMAIL,llständig sind. Bei Unklarheiten kontaktieren Sie bitte die Personalabteilung unter 94CPN@protonmail.com oder +05.13 669.6295.
presidio_de_core_news_lg,759,PRIVATE_URL,312,321,gmail.com,overlaps_other_reference_label,EMAIL,"iologisch): M
   - Geschlechtsidentität: Nicht-binär

2. **Kontaktdaten**
   - E‑Mail: KL@gmail.com
   - Telefon: 00228 217 989-0679
   - Adresse: Langer Weg 50, 8010 Wien

3. **Steuer- & I"
presidio_de_core_news_lg,760,PRIVATE_URL,233,242,yahoo.com,overlaps_other_reference_label,EMAIL,"bäude möchten wir Sie bitten, Ihre Kontaktdaten zu bestätigen. Bitte senden Sie an carnst@yahoo.com Ihre aktuelle 69645219 sowie Ihre UZZZ5SGK5A zur Verifizierung. Das geplante Eröffnungsda"
presidio_de_core_news_lg,762,PRIVATE_URL,438,449,outlook.com,overlaps_other_reference_label,EMAIL,Sie Ihre Interessensbekundung inklusive 86890012 und einem Nachweis des November/61 an KL@outlook.com. Für Rückfragen stehen wir Ihnen unter 0003-535-938-1139 zur Verfügung.
presidio_de_core_news_lg,765,PRIVATE_URL,202,214,tutanota.com,overlaps_other_reference_label,EMAIL,"zung beim Aufräumen. Bitte melden Sie sich unter +43 860.213 0401 oder per E‑Mail an HWCC@tutanota.com, um weitere Details zu erhalten."
presidio_de_core_news_lg,770,PRIVATE_URL,703,710,aol.com,overlaps_other_reference_label,EMAIL,6161 geschützt wird. Bei Fragen kontaktieren Sie bitte unseren Service per E‑Mail (LK1965@aol.com) oder besuchen Sie unser Büro in der Wetzelsdorfer Straße 28 in Natters.
presidio_de_core_news_lg,771,PRIVATE_URL,151,160,yahoo.com,overlaps_other_reference_label,EMAIL,m 28/05/1967 für das VR‑Abonnement erfolgreich belastet. Eine Bestätigung senden wir an J@yahoo.com.
presidio_de_core_news_lg,774,PRIVATE_URL,477,488,hotmail.com,overlaps_other_reference_label,EMAIL,"20, Stadt Innsbruck.
Bitte senden Sie das ausgefüllte Formular bis spätestens Mai/63 an A@hotmail.com. Nach Eingang erhalten Sie eine Bestätigung und die detaillierten Einstellungen. Bei Frag"
presidio_de_core_news_lg,775,PRIVATE_URL,225,236,outlook.com,overlaps_other_reference_label,EMAIL,"eilnehmenden – bitte prüfen Sie vorher Ihre Daten (Name: Wenqian Boss; E‑Mail: ksriraguna@outlook.com; Telefon: 0143.43.236 3280).
2. Überblick über aktuelle Belastungsindikatoren (Alter: 83;"
presidio_de_core_news_lg,776,PRIVATE_URL,391,403,tutanota.com,overlaps_other_reference_label,EMAIL, Zur Rücksprache stehe ich unter der Telefonnummer 000 1911-1425 oder per E‑Mail an NFO21@tutanota.com zur Verfügung. Die Unterzeichnung erfolgt digital mittels einer Bestätigung auf 1955-08-1
presidio_de_core_news_lg,779,PRIVATE_URL,93,105,tutanota.com,overlaps_other_reference_label,EMAIL,"chließend möchte ich Sie bitten, Ihre aktuellen Kontaktdaten zu überprüfen: E‑Mail 1981VB@tutanota.com, Mobiltelefon 084 7692 0117, Wohnadresse Am Lansersee 17, 6020 Innsbruck Innenstadt; nur "
presidio_de_core_news_lg,780,PRIVATE_URL,417,426,yahoo.com,overlaps_other_reference_label,EMAIL,e Kontonummer 42-4277809 bis zum 30/08/1969. Bei Fragen kontaktiert Beson Mukhtar unter P@yahoo.com oder +66 62-467 4743.
presidio_de_core_news_lg,781,PRIVATE_URL,236,243,aol.com,overlaps_other_reference_label,EMAIL," die Bilder zusammen mit Ihren Kontaktdaten – Name: Gevorg Capozzoli, E‑Mail: mahathöncer@aol.com und Telefonnummer: +4-441-055 0343 – bis spätestens Februar 22., 1937."
presidio_de_core_news_lg,785,PRIVATE_URL,152,164,tutanota.com,overlaps_other_reference_label,EMAIL,"94557 und Ihren Führerschein 0WCR99P7KQ. Bitte senden Sie diese Daten verschlüsselt an NP@tutanota.com, damit wir Ihre Sicherheitsprofile aktualisieren können."
presidio_de_core_news_lg,787,PRIVATE_URL,515,526,outlook.com,overlaps_other_reference_label,EMAIL,st vorhanden. Bitte bestätigen Sie Ihre Teilnahme bis zum 04/12/2006 per E‑Mail an AM2020@outlook.com.
presidio_de_core_news_lg,788,PRIVATE_URL,307,318,hotmail.com,overlaps_other_reference_label,EMAIL,"chlechterqueer. Lieferadresse: Puchstraße 4252/23, 5020 Salzburg Mülln; Kontakt: E‑Mail A@hotmail.com und Telefon +15.33.147 0806."
presidio_de_core_news_lg,789,PRIVATE_URL,184,193,gmail.com,overlaps_other_reference_label,EMAIL,lden Sie eventuelle Fehlermeldungen bitte per E‑Mail an den technischen Support unter XEB@gmail.com und geben Sie dabei Ihre 63850008 sowie das aktuelle Juli/80 an.
presidio_de_core_news_lg,790,PRIVATE_URL,166,180,protonmail.com,overlaps_other_reference_label,EMAIL,ngt! Wie wäre es mit einem Kaffee am 1979-12-14T00:00:00? Bitte melde dich per Mail an GC@protonmail.com oder ruf mich unter 008 775-668.8449 an.'
presidio_de_core_news_lg,791,PRIVATE_URL,279,290,hotmail.com,overlaps_other_reference_label,EMAIL,"das Alter des Autors 51 berücksichtigt wurde. Alle Kontaktdaten, einschließlich E‑Mail MD@hotmail.com und Telefon 004.5220 1675, wurden verifiziert. Bitte archivieren Sie das Dokument unter d"
presidio_de_core_news_lg,792,PRIVATE_URL,363,375,tutanota.com,overlaps_other_reference_label,EMAIL,und den hochwertigen Plug‑Ins. Bitte senden Sie mir Rückfragen an meine E‑Mail‑Adresse MT@tutanota.com oder rufen Sie mich unter 0993.43475152 an.
presidio_de_core_news_lg,793,PRIVATE_URL,323,332,yahoo.com,overlaps_other_reference_label,EMAIL,"lossen, und die Rechnungssumme beträgt 99,99 €. Für Rückfragen erreichen Sie uns unter BG@yahoo.com oder +431-853-567 7882."
presidio_de_core_news_lg,794,PRIVATE_URL,471,478,aol.com,overlaps_other_reference_label,EMAIL,"rheitsnachweis.“ 
Arij Eyup (08:20): ""Kein Problem, ich schicke dir meine Daten inkl. 53Y@aol.com und +43 77863 1630 bis heute Abend zu. Wir sollten auch die 94-9696916 des Unternehmens a"
presidio_de_core_news_lg,796,PRIVATE_URL,330,341,hotmail.com,overlaps_other_reference_label,EMAIL,"ogistikleiter, Dr Kirsy Okube, wird das Ergebnis in einem Bericht bis zum 01/03/2021 an D@hotmail.com senden."
presidio_de_core_news_lg,798,PRIVATE_URL,482,496,protonmail.com,overlaps_other_reference_label,EMAIL," betrug 4,7 von 5 Punkten, gemessen über das Feedback‑Formular, das per E‑Mail an yadcham@protonmail.com verschickt wurde. Für die weitere Organisation wurden die folgenden administrativen Daten"
presidio_de_core_news_lg,799,PRIVATE_URL,133,144,hotmail.com,overlaps_other_reference_label,EMAIL,eta Grinberg misst automatisch jede Vollschlag‑Runde und sendet die Daten per E‑Mail an R@hotmail.com.
presidio_de_core_news_lg,800,PRIVATE_URL,110,121,outlook.com,overlaps_other_reference_label,EMAIL,ie bewerten Sie die Nachhaltigkeit des Tools? (1‑5) 80; Ihr Geschlecht F; Ihre E‑Mail NAC@outlook.com für Rückfragen.
presidio_de_core_news_lg,805,PRIVATE_URL,459,473,protonmail.com,overlaps_other_reference_label,EMAIL,in) kontaktieren Sie die Rezeption unter 07-4994 1748 oder senden Sie eine E‑Mail an 04AD@protonmail.com.
presidio_de_core_news_lg,806,PRIVATE_URL,432,439,aol.com,overlaps_other_reference_label,EMAIL,d dokumentieren Sie die Kilometer im Fahrtenbuch. Fragen zum Ablauf senden Sie bitte an C@aol.com oder rufen Sie uns unter 01968-36-156.5510 an.
presidio_de_core_news_lg,807,PRIVATE_URL,790,797,aol.com,overlaps_other_reference_label,EMAIL,"rmular an die Adresse Sonnenpromenade 5a, 6020 Innsbruck oder per E‑Mail an hirokospinola@aol.com. Wir freuen uns auf Ihre kreativen Kombinationen!"
presidio_de_core_news_lg,807,PRIVATE_URL,555,564,gmail.com,overlaps_other_reference_label,EMAIL,"heiten (z. B. Männlich / Männlich): ______________________________
8. Kontakt‑E‑Mail: SMK@gmail.com
9. Telefonnummer für Rückfragen: 0043-60.337-7433
10. Unterschrift: _____________________"
presidio_de_core_news_lg,808,PRIVATE_URL,233,244,hotmail.com,overlaps_other_reference_label,EMAIL,"ten, super. Könntest du bitte deine Kontaktdaten – insbesondere deine 013 855.0764 und AG@hotmail.com – in das neue Dokument eintragen, das wir im SharePoint bereitgestellt haben? Außerdem wä"
presidio_de_core_news_lg,809,PRIVATE_URL,584,595,hotmail.com,overlaps_other_reference_label,EMAIL,"ten Weiterbildung (06/12/1943). Bitte senden Sie diese Infos bis zum Ende der Woche an MS@hotmail.com. Wir freuen uns auf die weitere Zusammenarbeit, um ein inklusives Arbeitsumfeld zu schaff"
presidio_de_core_news_lg,810,PRIVATE_URL,119,128,yahoo.com,overlaps_other_reference_label,EMAIL,"rezept – botanischer Fruchtgenuss

7. März 1978 schrieb Meister Lovorka Dülgeroglu (<07AM@yahoo.com>) an das Redaktionsteam. In der E‑Mail wird ein Rezept für einen „Lavendel‑Mohn‑Mandelkuc"
presidio_de_core_news_lg,811,PRIVATE_URL,359,368,gmail.com,overlaps_other_reference_label,EMAIL,"schlecht: M, Geschlechtsidentität: Nicht spezifiziert. 2. Kontakt: E‑Mail: dritondamianiz@gmail.com, Telefon: +70.66-681-4350, Anschrift: Kapuzinergasse 20, 1050 Salzburg. 3. Steuer‑ und So"
presidio_de_core_news_lg,812,PRIVATE_URL,209,218,gmail.com,overlaps_other_reference_label,EMAIL, Oktober 2025 in der Wien Wieden ein. Bitte bestätigen Sie Ihre Teilnahme per E‑Mail an A@gmail.com.
presidio_de_core_news_lg,820,PRIVATE_URL,103,112,yahoo.com,overlaps_other_reference_label,EMAIL,n kontaktieren Sie bitte unseren Support unter 00435 396-259.3800 oder per E‑Mail an MM01@yahoo.com.
presidio_de_core_news_lg,821,PRIVATE_URL,421,432,outlook.com,overlaps_other_reference_label,EMAIL,nummer (7538 440319) hilfreich. Bitte schicken Sie alles bis zum 28/11/1960 an mepusateri@outlook.com.
presidio_de_core_news_lg,823,PRIVATE_URL,213,227,protonmail.com,overlaps_other_reference_label,EMAIL," Wien Innere Stadt Innere Stadt, telefonisch unter +43 37.622.8282 oder per E‑Mail an NBE@protonmail.com zur Verfügung."
presidio_de_core_news_lg,827,PRIVATE_URL,255,266,outlook.com,overlaps_other_reference_label,EMAIL,uladen. Bitte bestätigen Sie Ihre Teilnahme bis zum 04/02/1948 per E‑Mail an antslopez-po@outlook.com oder telefonisch unter 0043 283101682; für Spenden können Sie Ihre Kreditkarte mit der Nu
presidio_de_core_news_lg,829,PRIVATE_URL,506,518,tutanota.com,overlaps_other_reference_label,EMAIL,"o finde ich meine Lohnabrechnung?
A: Die Abrechnungen werden monatlich per E‑Mail an EWBN@tutanota.com gesendet. Alternativ können Sie sie im Mitarbeiter‑Portal unter der Rubrik „Lohnabrechnun"
presidio_de_core_news_lg,830,PRIVATE_URL,734,741,aol.com,overlaps_other_reference_label,EMAIL,"______________________

Bitte senden Sie das ausgefüllte Formular per E‑Mail an irmtrépot@aol.com oder per Post an die oben angegebene Adresse."
presidio_de_core_news_lg,833,PRIVATE_URL,101,112,outlook.com,overlaps_other_reference_label,EMAIL,"rktsegmentierung für antike Kinderspielzeuge
Von: Assistent Khaldoun Lavinio Godeffroy <N@outlook.com>
Datum: Juni 14., 1954

Liebe Kolleg:innen,
ich habe die jüngsten Daten aus Klagenfurt am"
presidio_de_core_news_lg,834,PRIVATE_URL,215,229,protonmail.com,overlaps_other_reference_label,EMAIL,"ind; bitte senden Sie Ihre persönlichen Kontaktdaten, insbesondere Ihre gian-agolovtchine@protonmail.com und 00147.58272 , bis zum 8. Dezember 1957 an die Finanzabteilung. Zusätzlich benötigen w"
presidio_de_core_news_lg,835,PRIVATE_URL,365,376,hotmail.com,overlaps_other_reference_label,EMAIL,"eilung: Männlich – F.
Weiteres Vorgehen: Bitte übermitteln Sie Ihre finalen Daten an RGWS@hotmail.com bis zum 25/08/1966."
presidio_de_core_news_lg,837,PRIVATE_URL,362,376,protonmail.com,overlaps_other_reference_label,EMAIL,"hlung erfolgt spätestens am 5. jedes Monats auf das Konto, das unter der E‑Mail‑Adresse F@protonmail.com registriert ist; eine verspätete Meldung kann zur Kürzung der Zulage führen."
presidio_de_core_news_lg,838,PRIVATE_URL,246,258,tutanota.com,overlaps_other_reference_label,EMAIL,"ter: 37
Geschlecht (biologisch): M – Geschlechtsidentität: Nicht-binär
E‑Mail: anysssagui@tutanota.com
Telefon: 059-378-2218
Wohnadresse: Gaglhamerweg 295, 6020 Salzburg Nonntal
Personalauswei"
presidio_de_core_news_lg,838,PRIVATE_URL,619,628,gmail.com,overlaps_other_reference_label,EMAIL,"nd stimme den Datenschutz‑Bestimmungen zu. Bitte senden Sie die Bestätigung an bardhevanh@gmail.com und informieren Sie mich telefonisch unter 016 597.3791 über den Status der Freigabe.
Unt"
presidio_de_core_news_lg,840,PRIVATE_URL,371,385,protonmail.com,overlaps_other_reference_label,EMAIL,"tark stärken.'
Fetije: 'Könntest du mir bitte deine Kontaktdaten schicken, inklusive TR47@protonmail.com und 09889-360328, damit ich das Dokument weiterleiten kann?'"
presidio_de_core_news_lg,841,PRIVATE_URL,267,278,hotmail.com,overlaps_other_reference_label,EMAIL,fragen stehen Ihnen meine Telefonnummer +936 588.385.3263 und meine E‑Mail-Adresse cuduan@hotmail.com zur Verfügung; die Finanzierung erfolgt über die Steuernummer 18-6834617. Bitte beachten 
presidio_de_core_news_lg,842,PRIVATE_URL,455,466,outlook.com,overlaps_other_reference_label,EMAIL,"600
11. Kreditkartennummer (für die Anzahlung): 6208710892373580
12. Kontakt‑E‑Mail: KSMF@outlook.com
13. Telefonnummer: 08-82.99 44.42

Bitte füllen Sie alle Felder aus und senden Sie das Fo"
presidio_de_core_news_lg,842,PRIVATE_URL,589,600,hotmail.com,overlaps_other_reference_label,EMAIL,"2

Bitte füllen Sie alle Felder aus und senden Sie das Formular per E‑Mail an andrifallen@hotmail.com zurück. Nach Erhalt Ihrer Daten erhalten Sie innerhalb von 48 Stunden eine Bestätigung Ih"
presidio_de_core_news_lg,843,PRIVATE_URL,728,737,gmail.com,overlaps_other_reference_label,EMAIL,"ltungen teilnehmen kann.

Mit freundlichen Grüßen,
Jenita Wittwer-Schenk Harish Amidzic
F@gmail.com
(49)-5306 9786"
presidio_de_core_news_lg,844,PRIVATE_URL,268,282,protonmail.com,overlaps_other_reference_label,EMAIL,die am Januar/49 zum Weltkulturerbe erklärt wurde. Bitte senden Sie Ihre Bestätigung an L@protonmail.com oder rufen Sie ihn unter +19-24.044-4100 an.
presidio_de_core_news_lg,846,PRIVATE_URL,276,288,tutanota.com,overlaps_other_reference_label,EMAIL,"ch): Männlich
7. Geschlechtsidentität: Nicht-binär
8. E‑Mail-Adresse für Rückmeldungen: M@tutanota.com
9. Telefonischer Kontakt (optional): +43 80564-7155
10. Unternehmenssitz – Straße: Pastor"
presidio_de_core_news_lg,846,PRIVATE_URL,736,747,hotmail.com,overlaps_other_reference_label,EMAIL,"___________________
Bitte senden Sie das ausgefüllte Formular bis zum 14. März 2004 an BG@hotmail.com."
presidio_de_core_news_lg,849,PRIVATE_URL,208,217,yahoo.com,overlaps_other_reference_label,EMAIL,08-21T00:00:00. Der Verantwortliche ist Prof Watcharaphon Adzovic und kann per E‑Mail (KL@yahoo.com) kontaktiert werden.
presidio_de_core_news_lg,850,PRIVATE_URL,81,90,gmail.com,overlaps_other_reference_label,EMAIL,Für Rückfragen steht das Support‑Team unter 1072.003-9974 oder per E‑Mail an M16@gmail.com zur Verfügung. Die aktuelle Version des QA‑Leitfadens ist datiert auf den 2010-12-17T00:0
presidio_de_core_news_lg,853,PRIVATE_URL,253,264,hotmail.com,overlaps_other_reference_label,EMAIL,"die aktuelle Liste der Freiwilligen und ergänzen Sie fehlende Kontaktdaten (E‑Mail: V2011@hotmail.com; Telefon: +4309317-4258). Die nächste Teamsitzung findet am 1968-07-14T00:00:00 statt, wo"
presidio_de_core_news_lg,854,PRIVATE_URL,52,59,aol.com,overlaps_other_reference_label,EMAIL,"Die Forscherin Weiblich betont in ihrer E‑Mail an S@aol.com, dass die Stadt Natters als Modellregion für moralbasierte Wirtschaftspolitik dient. Das "
presidio_de_core_news_lg,855,PRIVATE_URL,694,701,aol.com,overlaps_other_reference_label,EMAIL,"

Mit freundlichen Grüßen,
Thenuga Sophia Ghimboasa Szüle
Leiter Strategie & Innovation
B@aol.com
01514-058159"
presidio_de_core_news_lg,855,PRIVATE_URL,362,373,outlook.com,overlaps_other_reference_label,EMAIL,"laden. Bitte bestätigen Sie Ihre Teilnahme bis zum 24. Februar 1992 per E‑Mail an YES1937@outlook.com oder telefonisch unter +433-506.339-4610.

Zur Vorbereitung senden wir Ihnen vorab das Do"
presidio_de_core_news_lg,857,PRIVATE_URL,355,367,tutanota.com,overlaps_other_reference_label,EMAIL," (7), Geschlecht (F), Geschlechtsidentität (Transgender). Kontaktinformationen: E‑Mail (L@tutanota.com), Telefon (+43.90917 4240), Anschrift (Straße: Burggasse Hausnummer: 6, PLZ: 9020 Ort: Wi"
presidio_de_core_news_lg,858,PRIVATE_URL,249,260,outlook.com,overlaps_other_reference_label,EMAIL,"lter: 60
6. Geschlecht (biologisch): F
7. Geschlechtsidentität: Nicht-binär
8. E‑Mail: FS@outlook.com
9. Telefon: 7303-703.8097
10. Anschrift:
   – Straße: Hofwaldtrail
   – Hausnummer: 100
 "
presidio_de_core_news_lg,859,PRIVATE_URL,609,620,outlook.com,overlaps_other_reference_label,EMAIL,ktieren. Für eine Rückmeldung zu den getroffenen Maßnahmen erreichen Sie mich unter R2020@outlook.com oder telefonisch unter 0155.368.124.6367.
presidio_de_core_news_lg,860,PRIVATE_URL,356,367,outlook.com,overlaps_other_reference_label,EMAIL,"ra, wird tägliche Updates bereitstellen. Für Anfragen der Medien kontaktieren Sie bitte A@outlook.com oder rufen Sie die Hotline unter +43838 887.7261 an. Weitere Informationen zu Evakuierung"
presidio_de_core_news_lg,863,PRIVATE_URL,129,141,tutanota.com,overlaps_other_reference_label,EMAIL,"mpfehle ich, Ihre Unterkunft auf einer höheren Etage zu wählen, das Wetter‑Update über RS@tutanota.com zu abonnieren und die lokalen Notruf‑Nummern (z. B. 0197.90284 6383) zu speichern, damit "
presidio_de_core_news_lg,864,PRIVATE_URL,272,281,yahoo.com,overlaps_other_reference_label,EMAIL,"-Straße 1524, 5020 Salzburg. Zusätzlich benötigen wir Ihre Kontaktdaten (+84-665311269, D@yahoo.com) sowie Ihre Steuer‑ und Sozialversicherungsnummer (79-4923429, 8549 561222) zur Ausstellu"
presidio_de_core_news_lg,865,PRIVATE_URL,202,211,yahoo.com,overlaps_other_reference_label,EMAIL,"0 €, Steuer‑ID: 48-9063169. Bei Fragen kontaktieren Sie uns unter (99)-9426 6891 oder H21@yahoo.com."
presidio_de_core_news_lg,866,PRIVATE_URL,450,461,outlook.com,overlaps_other_reference_label,EMAIL,nweis: Für weitere Details kontaktieren Sie bitte Alongkorn Jeyathas Mattioni unter R1998@outlook.com oder telefonisch unter 01439-258 758-4755.
presidio_de_core_news_lg,867,PRIVATE_URL,249,258,yahoo.com,overlaps_other_reference_label,EMAIL,"seltene Teodor-Paprikapulver aus den Anden. Bitte senden Sie Ihre Bestellungsdetails an U@yahoo.com oder rufen Sie uns unter 002824003-9605 an, damit wir Ihnen ein maßgeschneidertes Angebot"
presidio_de_core_news_lg,868,PRIVATE_URL,499,508,gmail.com,overlaps_other_reference_label,EMAIL,"genen oder Diätanforderungen: Männlich
Bitte senden Sie das ausgefüllte Formular an P2019@gmail.com bis spätestens 23/09/2006. Wir prüfen Ihre Angaben und melden uns mit einer Lieferzusage "
presidio_de_core_news_lg,868,PRIVATE_URL,141,152,outlook.com,overlaps_other_reference_label,EMAIL,"enü“
1. Verantwortlicher: Meister Kjemal Ernez Weibel-Gasser Zeghal
2. Kontakt‑E‑Mail: SB@outlook.com
3. Telefonnummer für Rückfragen: 0043158.135-9774
4. Gewünschte Zutat (z. B. Kaktus‑Limet"
presidio_de_core_news_lg,870,PRIVATE_URL,172,179,aol.com,overlaps_other_reference_label,EMAIL,"Wissenschaftskonferenz wurde erfolgreich registriert; Ihre Kontaktdaten lauten: E‑Mail SY@aol.com, Telefon +43508 651 6831 und Ihr Reisepass ist unter D8971911 registriert. Bitte legen Si"
presidio_de_core_news_lg,871,PRIVATE_URL,234,241,aol.com,overlaps_other_reference_label,EMAIL,8010 Linz Franckviertel Franckviertel. Bitte senden Sie mir ein Angebot per E‑Mail an 12E@aol.com und bestätigen Sie die Lieferzeit. Rückfragen erreichen Sie unter 084.2240363 . Mit freun
presidio_de_core_news_lg,872,PRIVATE_URL,1003,1017,protonmail.com,overlaps_other_reference_label,EMAIL,"e sowie ein exklusives Zubehör‑Set im Wert von 6026713682276576.

Kontakt:
E‑Mail: 1938NV@protonmail.com
Telefon: +43 48838-5634
Web: www.flexishelf.at

Wir freuen uns, Ihnen zu helfen, Ihren Wo"
presidio_de_core_news_lg,872,PRIVATE_URL,1047,1064,www.flexishelf.at,url_like_without_reference,,"on 6026713682276576.

Kontakt:
E‑Mail: 1938NV@protonmail.com
Telefon: +43 48838-5634
Web: www.flexishelf.at

Wir freuen uns, Ihnen zu helfen, Ihren Wohnraum cleverer zu organisieren!

Ihr FlexiShel"
presidio_de_core_news_lg,874,PRIVATE_URL,180,191,outlook.com,overlaps_other_reference_label,EMAIL,rt den Notfalldienst unter der Nummer 7767 510212 oder senden Sie eine Nachricht an O2015@outlook.com.
presidio_de_core_news_lg,877,PRIVATE_URL,388,400,tutanota.com,overlaps_other_reference_label,EMAIL,"0189 wurden per Bankkonto mit der IBAN 56-5533774 abgebucht, und die Quittung geht an AMK@tutanota.com."""
presidio_de_core_news_lg,878,PRIVATE_URL,256,265,yahoo.com,overlaps_other_reference_label,EMAIL,"is: 45,00 €; Zahlungsart: 646175763716311953; Bei Fragen kontaktieren Sie uns unter 02BTP@yahoo.com oder +432-467 451.6682."
presidio_de_core_news_lg,879,PRIVATE_URL,131,138,aol.com,overlaps_other_reference_label,EMAIL," wir die Kontaktdaten von Priscilia Rundle sowie die Bestätigung per E‑Mail an delschmerm@aol.com. Bitte senden Sie uns außerdem die aktuelle Adresse (Vogelweiderstraße 440, 1040 Völs) bi"
presidio_de_core_news_lg,881,PRIVATE_URL,330,341,hotmail.com,overlaps_other_reference_label,EMAIL,e senden Sie Ihre Ideen und eventuelle Ressourcenanforderungen bis zum August/90 an M1946@hotmail.com oder telefonisch unter +43.459-031.3617. Die Ergebnisse werden dann im wöchentlichen Meet
presidio_de_core_news_lg,882,PRIVATE_URL,675,687,tutanota.com,overlaps_other_reference_label,EMAIL,"ätzlich digital in einem gesicherten Cloud‑Speicher abgelegt, zu dem ich über das Konto A@tutanota.com Zugriff gewähre."
presidio_de_core_news_lg,885,PRIVATE_URL,628,640,tutanota.com,overlaps_other_reference_label,EMAIL,XJXF) der Figur. Für die Teilnahme an der Führung ist eine Voranmeldung per E‑Mail an BPL@tutanota.com erforderlich; die Kosten betragen 370052141609997 (inkl. MwSt.). Die Ausstellung ist barr
presidio_de_core_news_lg,886,PRIVATE_URL,498,505,aol.com,overlaps_other_reference_label,EMAIL,"en, zu erhoehen. Es wurde vereinbart, dass alle betroffenen Kunden per E-Mail (fredeplewa@aol.com) und Telefon (09 28 25 58.07) ueber die Aenderungen informiert werden. Das naechste Treff"
presidio_de_core_news_lg,887,PRIVATE_URL,60,71,outlook.com,overlaps_other_reference_label,EMAIL,"Bitte senden Sie Ihre Bestätigung per E‑Mail an anissiandol@outlook.com bis zum Februar 8., 1988, damit wir Ihren Eintritt zum Kunst‑Event am 1996-12-22T00:00:00"
presidio_de_core_news_lg,889,PRIVATE_URL,762,773,outlook.com,overlaps_other_reference_label,EMAIL,"in Gespräch am Juni 23., 1996 vereinbaren – Sie erreichen mich jederzeit per E‑Mail an EK@outlook.com oder telefonisch unter +4334609.9105.

Mit freundlichen Grüßen,
Enok Lerena"
presidio_de_core_news_lg,894,PRIVATE_URL,658,672,protonmail.com,overlaps_other_reference_label,EMAIL,"chens notierte ich sämtliche Schritte in einem digitalen Notizbuch, das per E‑Mail an DBZ@protonmail.com gesendet wird und gleichzeitig über mein Mobiltelefon (006 7186 4261) synchronisiert wird"
presidio_de_core_news_lg,896,PRIVATE_URL,350,359,yahoo.com,overlaps_other_reference_label,EMAIL,"thalt sehr attraktiv. Wenn Sie mehr erfahren möchten, schreiben Sie einfach an jenishpasc@yahoo.com – wir senden Ihnen gerne weitere Insider‑Tipps zu.
Bleiben Sie gespannt auf die nächste A"
presidio_de_core_news_lg,897,PRIVATE_URL,183,190,aol.com,overlaps_other_reference_label,EMAIL,"für Jugendliche ab 14 Jahre
• Ansprechpartner: Dr Valentine Redaelli Barbon
  - E‑Mail: I@aol.com
  - Telefon: +43649.716-1850
• Ort: Itzlinger Hauptstraße 67, 6020 Wien Thurygrund
• Zeit"
presidio_de_core_news_lg,899,PRIVATE_URL,284,295,hotmail.com,overlaps_other_reference_label,EMAIL,"alis: Ja, bitte sende die Maske der Kreditkarte an meine geschäftliche E‑Mail (nikanerazo@hotmail.com) und bestätige gleichzeitig deine aktuelle Beschäftigungsdauer (seit dem 18. Juni 1975).
"
presidio_de_core_news_lg,900,PRIVATE_URL,363,372,yahoo.com,overlaps_other_reference_label,EMAIL," daran, dass jeder Tag eine neue Chance ist. Durch regelmäßige Reflexion per E‑Mail an DT@yahoo.com stärkt er seine Resilienz, und sein Geschlecht, angegeben als Männlich, wird in seinem pe"
presidio_de_core_news_lg,902,PRIVATE_URL,179,190,hotmail.com,overlaps_other_reference_label,EMAIL,"ir freuen uns, von Ihnen, Carlas, zu hören. Bitte senden Sie uns Ihre Kontaktdaten an B10@hotmail.com oder rufen Sie uns unter 01 0581-7225 an, damit wir einen Vor‑Ort‑Termin vereinbaren könn"
presidio_de_core_news_lg,903,PRIVATE_URL,294,306,tutanota.com,overlaps_other_reference_label,EMAIL,"sonalausweisnummer (13666403). Bitte bestätigen Sie ebenfalls Ihre E‑Mail‑Adresse (jricha@tutanota.com) und Telefonnummer (06367.330930), damit wir Ihnen den Installationsplan zusenden können."
presidio_de_core_news_lg,904,PRIVATE_URL,302,313,hotmail.com,overlaps_other_reference_label,EMAIL,2369012 bis zum 05/12/1974 auf unser Konto; Ihre Bestätigung erhalten Sie per E‑Mail an M@hotmail.com.
presidio_de_core_news_lg,906,PRIVATE_URL,448,459,outlook.com,overlaps_other_reference_label,EMAIL,6020 Linz Hartmayrsiedlung. Für Rückfragen stehen wir Ihnen jederzeit per E‑Mail unter KB@outlook.com oder telefonisch unter +106 86.735 2748 zur Verfügung. Bitte bestätigen Sie die Anfrage b
presidio_de_core_news_lg,907,PRIVATE_URL,363,374,outlook.com,overlaps_other_reference_label,EMAIL,"via a secure link. Our records also require your contact information: email bahzadionisio@outlook.com, phone (688).8158668, and billing address at 15-16 Reichenhaller Straße, 8010 Lans. The p"
presidio_de_core_news_lg,908,PRIVATE_URL,192,203,hotmail.com,overlaps_other_reference_label,EMAIL," er unser Meeting am 15. Oktober 1962 verpasst hat. Er hat uns lediglich per E‑Mail an DR@hotmail.com informiert, aber die Nachricht kam erst am nächsten Tag. Stattdessen kam eine vage Wegbes"
presidio_de_core_news_lg,910,PRIVATE_URL,313,327,protonmail.com,overlaps_other_reference_label,EMAIL,"n, aber das Dokument war unleserlich. Alle weiteren Korrespondenzen verliefen über MH1938@protonmail.com, wo seine Antworten oft verspätet und unvollständig waren."
presidio_de_core_news_lg,911,PRIVATE_URL,67,78,outlook.com,overlaps_other_reference_label,EMAIL,"Trotz mehrfacher Anrufe unter 0044.558126639 und Nachrichten an MV@outlook.com reagierte der zuständige Ansprechpartner nie, was unser Vertrauen in die Zusammenarbeit s"
presidio_de_core_news_lg,912,PRIVATE_URL,289,300,hotmail.com,overlaps_other_reference_label,EMAIL,"kation über die Adresse Schiffmanngasse in Graz Mariatrost Mariatrost mittels E‑Mail an N@hotmail.com erfolgte, doch die Anfragen blieben unbeantwortet."
presidio_de_core_news_lg,913,PRIVATE_URL,167,176,gmail.com,overlaps_other_reference_label,EMAIL,"tivationssitzung bis zum 01/04/1982, darunter Saartje Vidos, eure E‑Mail-Adresse fatkalou@gmail.com und Telefonnummer 057.8981380 ; die Veranstaltung findet im Raum Straße Ohne Straßennamen"
presidio_de_core_news_lg,915,PRIVATE_URL,370,379,gmail.com,overlaps_other_reference_label,EMAIL, und meinen RK5HEIYEXY zur Hand.' Rose: 'Schick mir einfach deine Daten per E‑Mail an 77A@gmail.com und wir senden dir das Willkommenspaket bis zum 20/04/2010.'
presidio_de_core_news_lg,916,PRIVATE_URL,280,292,tutanota.com,overlaps_other_reference_label,EMAIL,02373896470 an. Unterstützer erhalten im Gegenzug exklusive Updates per E‑Mail an nadonat@tutanota.com.
presidio_de_core_news_lg,917,PRIVATE_URL,87,96,gmail.com,overlaps_other_reference_label,EMAIL,"Um den Fortschritt transparent zu halten, wird ein monatlicher Newsletter an lamankalt@gmail.com versendet. Dort finden Investoren Statistiken, z. B. die aktuelle Finanzierungsrate von 4"
presidio_de_core_news_lg,922,PRIVATE_URL,413,420,aol.com,overlaps_other_reference_label,EMAIL,"arkter Vorstadt
4. Steueridentifikationsnummer: 63-2505704
5. Kontakt‑E‑Mail: annicgerung@aol.com
6. Telefon: 0012-118-257 3134
Nach Eingang Ihrer Daten prüfen wir innerhalb von fünf Werk"
presidio_de_core_news_lg,924,PRIVATE_URL,265,274,yahoo.com,overlaps_other_reference_label,EMAIL,"e Landesgrenzen hinausgeht; die zugehörigen Dokumente können per gescanntem Anhang an SBF@yahoo.com gesendet werden, wobei das Schreiben das aktuelle 6020 des Aufenthaltsorts enthalten muss"
presidio_de_core_news_lg,925,PRIVATE_URL,321,332,hotmail.com,overlaps_other_reference_label,EMAIL, U3364829). Die vollständigen Daten können Sie sicher über das Online‑Formular an bheiste@hotmail.com senden; ein Ausdruck ist optional.
presidio_de_core_news_lg,926,PRIVATE_URL,368,379,hotmail.com,overlaps_other_reference_label,EMAIL,", 1030 Klagenfurt am Wörthersee Welzenegg. Weiterhin benötigen wir Ihre Kontakt‑E‑Mail (K@hotmail.com) für Rückfragen."
presidio_de_core_news_lg,927,PRIVATE_URL,394,405,outlook.com,overlaps_other_reference_label,EMAIL,etails kontaktieren Sie ihn bitte telefonisch unter +43 64 629 4360 oder per E‑Mail an MP@outlook.com.
presidio_de_core_news_lg,928,PRIVATE_URL,151,160,yahoo.com,overlaps_other_reference_label,EMAIL,"or: Elheme Sebehate Sokanovic Lüecke Toeroek
Geburtsdatum: 06/08/1969
Alter: 1
E‑Mail: MH@yahoo.com
Telefon: 014368416-8735
Straße und Hausnummer: Lindenhof 536
PLZ/Ort: 1020 Linz Rathausvi"
presidio_de_core_news_lg,929,PRIVATE_URL,245,254,gmail.com,overlaps_other_reference_label,EMAIL,"r 684‑Wohnanlage, Porzellangasse 28, 9020 Salzburg.
Melden Sie sich bitte per E‑Mail an D@gmail.com oder telefonisch unter 0143.18-670 1283 an. Wir freuen uns besonders über Teilnehmer, die"
presidio_de_core_news_lg,930,PRIVATE_URL,708,722,protonmail.com,overlaps_other_reference_label,EMAIL,"D6844726 beim Einlass. Abschließendes Feedback‑Meeting per Zoom (Zugangsdaten werden an K@protonmail.com gesendet). Wir hoffen, Sie genießen die Erfahrung und fühlen sich schnell zuhause."
presidio_de_core_news_lg,932,PRIVATE_URL,533,542,yahoo.com,overlaps_other_reference_label,EMAIL,"benötigt): O8684714

Bitte senden Sie das ausgefüllte Formular bis zum Juni/61 an KHC2016@yahoo.com."
presidio_de_core_news_lg,932,PRIVATE_URL,197,204,aol.com,overlaps_other_reference_label,EMAIL,"ht (Biologie): Männlich
4. Geschlechtsidentität: Geschlechterqueer
5. E‑Mail-Adresse: ABW@aol.com
6. Telefonnummer: 009834741-3982
7. Wohnort: Freistädter Straße 425, 1060 Innsbruck Pradl"
presidio_de_core_news_lg,933,PRIVATE_URL,602,616,protonmail.com,overlaps_other_reference_label,EMAIL,senken.“ Interessierte Einwohner können sich ab sofort über die E‑Mail‑Adresse malinesche@protonmail.com oder telefonisch unter 0924-21449838 anmelden. Weitere Informationen erhalten Sie auf der
presidio_de_core_news_lg,934,PRIVATE_URL,613,622,yahoo.com,overlaps_other_reference_label,EMAIL," können. Anmeldung bis zum 1998-03-27T00:00:00 über das Online‑Formular, das Sie unter ST@yahoo.com erhalten. Wir hoffen, Sie dort zu sehen – gemeinsam machen wir unseren Garten nachhaltige"
presidio_de_core_news_lg,936,PRIVATE_URL,164,171,aol.com,overlaps_other_reference_label,EMAIL,"inister
Geburtsdatum: 18/01/1971
Alter: 11
Geschlecht: M / Gender: Zwei-Geister
E‑Mail: R@aol.com
Telefon: 006-964.8857
Adresse: Donauradweg 26, 4040 Wien
Steuer‑Nr.: 27-7572359
Sozialver"
presidio_de_core_news_lg,936,PRIVATE_URL,447,456,yahoo.com,overlaps_other_reference_label,EMAIL,"972248

Bitte prüfen Sie die Angaben sorgfältig. Sobald die Bestätigung per E‑Mail an 03V@yahoo.com erfolgt ist, ist Ihr Platz im Ideation Room verbindlich reserviert. Die Buchung ist koste"
presidio_de_core_news_lg,938,PRIVATE_URL,215,226,outlook.com,overlaps_other_reference_label,EMAIL,"noriert werden; bitte bestätigen Sie das Angebot bis zum 9. August 1939 per E‑Mail an HBK@outlook.com. Zusätzlich erhalten Sie einen Gutschein für das Unternehmensgymnasium, um Ihre Fitnesszi"
presidio_de_core_news_lg,939,PRIVATE_URL,319,333,protonmail.com,overlaps_other_reference_label,EMAIL," der ID‑Nummer 47500043 und aktualisieren Sie Ihre Kontaktdaten, einschließlich E‑Mail RP@protonmail.com und Telefonnummer +43-86 697.2736, damit wir Ihnen personalisierte Sparvorschläge zusende"
presidio_de_core_news_lg,940,PRIVATE_URL,213,224,outlook.com,overlaps_other_reference_label,EMAIL, notieren Sie dabei Ihr 55‑Jahre‑Altersgefühl und schreiben Sie ein kurzes Journal per BM@outlook.com an sich selbst.
presidio_de_core_news_lg,941,PRIVATE_URL,50,61,outlook.com,overlaps_other_reference_label,EMAIL,"Laut Bericht von Senator Asbjorn Minai (E‑Mail: A@outlook.com) wurden am 31/07/1975 in den Hügeln von Salzburg Gneis mehrere Luchse gesichtet, wobei di"
presidio_de_core_news_lg,944,PRIVATE_URL,341,353,tutanota.com,overlaps_other_reference_label,EMAIL,nifikant höher ist. Bitte prüfen Sie die angehängten Dateien und melden Sie sich unter VD@tutanota.com oder telefonisch unter +437.462-005-1593 zurück.
presidio_de_core_news_lg,947,PRIVATE_URL,869,880,hotmail.com,overlaps_other_reference_label,EMAIL,"pendenbescheinigungen.

Zur Bestätigung Ihrer Teilnahme senden Sie bitte eine E‑Mail an L@hotmail.com oder rufen Sie uns unter 099 3724610  an. Wir freuen uns darauf, Sie bei einem entspannte"
presidio_de_core_news_lg,948,PRIVATE_URL,666,680,protonmail.com,overlaps_other_reference_label,EMAIL,"dann notiere ich den Termin und schicke allen eine offizielle Einladung per E‑Mail (2021B@protonmail.com). Bitte sendet mir bis zum 10. April eure Kontaktdaten (Telefon: 07 5064.2640, ggf. Sozia"
presidio_de_core_news_lg,949,PRIVATE_URL,94,105,outlook.com,overlaps_other_reference_label,EMAIL,"rner Rundschreiben – Jahresvaccinationsstrategie 2025 

Von: Herr Nihada Zerbe <cybèoswes@outlook.com> 
Gesendet: 10/09/1988 
An: Alle Abteilungen 
Betreff: Umsetzung des Jahresvaccinationspl"
presidio_de_core_news_lg,949,PRIVATE_URL,871,885,protonmail.com,overlaps_other_reference_label,EMAIL,"ters durchgeführt. Für Fragen stehen wir Ihnen unter +82-75-001.7696 oder per E‑Mail an L@protonmail.com zur Verfügung. 
Wir zählen auf Ihre Unterstützung, um die Gesundheit am Arbeitsplatz nach"
presidio_de_core_news_lg,951,PRIVATE_URL,174,186,tutanota.com,overlaps_other_reference_label,EMAIL,0 und die Bestätigung Ihrer KWVI33S0YJ. Bitte senden Sie diese Dokumente per E‑Mail an YE@tutanota.com bis spätestens 23. November 2023.
presidio_de_core_news_lg,953,PRIVATE_URL,228,235,aol.com,overlaps_other_reference_label,EMAIL," Straße & Hausnummer: Mönchsberg 1655
4. PLZ & Ort: 8010 Linz
5. Kontakt‑E‑Mail: llevanti@aol.com
6. Telefon: 005637379-5523
Bitte das ausgefüllte Formular bis zum 09/01/1951 an die Werks"
presidio_de_core_news_lg,957,PRIVATE_URL,237,249,tutanota.com,overlaps_other_reference_label,EMAIL,ind eröffnen.\nGeburtsdatum des Kindes: 15. Juli 2004\nMeine Kontaktdaten: E‑Mail : V2014@tutanota.com – Telefon : +70 20 677.3399\nBitte senden Sie mir die Unterlagen zu.\nMit freundlichen Gr
presidio_de_core_news_lg,961,PRIVATE_URL,289,303,protonmail.com,overlaps_other_reference_label,EMAIL,"eschlecht: Weiblich / Geschlechterqueer

2. Kontaktinformationen
   - E‑Mail: veljoermola@protonmail.com
   - Telefon: 6994-345-9639
   - Adresse: Industriestraße 5
   - PLZ / Ort: 4020 Wien Mar"
presidio_de_core_news_lg,962,PRIVATE_URL,59,68,yahoo.com,overlaps_other_reference_label,EMAIL,"Bitte bestätigen Sie bis zum 14/01/1973 per E‑Mail an YJNG@yahoo.com oder telefonisch unter +284-32-930.2919, dass Sie die vereinbarten Maßnahmen verstanden h"
presidio_de_core_news_lg,964,PRIVATE_URL,197,209,tutanota.com,overlaps_other_reference_label,EMAIL,Gesundheitsinformationen zu erhalten. Bei Änderungen kontaktieren Sie uns unter siensolyo@tutanota.com.
presidio_de_core_news_lg,965,PRIVATE_URL,59,70,hotmail.com,overlaps_other_reference_label,EMAIL,"Ein Kunde aus Linz Franckviertel fragt per E‑Mail an N1972@hotmail.com, ob der personalisierte Quilt ein Hinweis auf sein Geschlecht (Agender) oder sein biologi"
presidio_de_core_news_lg,967,PRIVATE_URL,243,254,outlook.com,overlaps_other_reference_label,EMAIL,"schrift: Körblergasse 978, 5020 Linz; Kontakt: Telefon 065 0170867  – E‑Mail haydeognivts@outlook.com; Ausweis‑Nummer: 32246411; Sozialversicherungs‑Nummer: 5881 610612; Steuer‑ID: 03-0154708"
presidio_de_core_news_lg,970,PRIVATE_URL,401,413,tutanota.com,overlaps_other_reference_label,EMAIL,"(optional): ______________________
Bitte senden Sie das ausgefüllte Formular an heldahohl@tutanota.com zurück.
Danke für Ihre Mithilfe!"
presidio_de_core_news_lg,971,PRIVATE_URL,379,386,aol.com,overlaps_other_reference_label,EMAIL,"der Mühlkreis Autobahn in Wien Leopoldstadt stattfinden, und die Zugangsdaten werden an D@aol.com verschickt.
Bitte beachten Sie, dass die Teilnahme bis zum 2014-03-09T00:00:00 bestätigt "
presidio_de_core_news_lg,972,PRIVATE_URL,358,372,protonmail.com,overlaps_other_reference_label,EMAIL,en Budgetpläne bis zum 1945-04-23T00:00:00 an meine geschäftliche E‑Mailadresse gargben s@protonmail.com; wir prüfen dann die Förderfähigkeit gemäß den Vorgaben des 16-4991905. Zusätzlich ist fü
presidio_de_core_news_lg,973,PRIVATE_URL,316,325,yahoo.com,overlaps_other_reference_label,EMAIL,"e Altersgruppen, insbesondere an 74-Jährige. Für Medienanfragen kontaktieren Sie bitte TI@yahoo.com oder rufen Sie +43256.790 0186 an."
presidio_de_core_news_lg,978,PRIVATE_URL,224,233,yahoo.com,overlaps_other_reference_label,EMAIL,n und der Arbeitskultur einholen. Bitte senden Sie Ihre Antworten bis zum 10/02/1997 an Y@yahoo.com.
presidio_de_core_news_lg,979,PRIVATE_URL,191,198,aol.com,overlaps_other_reference_label,EMAIL,"den, und geben Sie Ihr Feedback per Telefon an +43 70 880-9594 oder per E‑Mail an RAS1967@aol.com bis zum 20. Januar 1940 zurück."
presidio_de_core_news_lg,980,PRIVATE_URL,362,371,gmail.com,overlaps_other_reference_label,EMAIL,ber ein aktiviertes IRE76VM8YD verfügen. Bitte bestätigen Sie den Erhalt per E‑Mail an NG@gmail.com oder telefonisch unter 01506.813796.
presidio_de_core_news_lg,982,PRIVATE_URL,210,219,gmail.com,overlaps_other_reference_label,EMAIL, Navarrete. Bitte bestätigen Sie Ihre Teilnahme bis zum 18. Mai 1949 per E‑Mail an 2025KD@gmail.com oder telefonisch unter 0647-96756744.
presidio_de_core_news_lg,984,PRIVATE_URL,325,332,aol.com,overlaps_other_reference_label,EMAIL,n. Nach Zahlungseingang erhalten Sie ein Bestätigungsschreiben an Ihre E‑Mail‑Adresse OAP@aol.com.
presidio_de_core_news_lg,986,PRIVATE_URL,116,127,hotmail.com,overlaps_other_reference_label,EMAIL,"nneth Leutert Monni, wir freuen uns, dass Sie den neuen Kapitel‑Entwurf per E‑Mail (NPF49@hotmail.com) erhalten haben. Ihr geschätztes Alter von 17 Jahren bringt wertvolle Erfahrung in die Co"
presidio_de_core_news_lg,988,PRIVATE_URL,415,426,outlook.com,overlaps_other_reference_label,EMAIL,0722 sowie Ihre Steueridentifikationsnummer 98-0212852. Senden Sie die Angaben bitte an S@outlook.com oder telefonisch unter 05947 780624.
presidio_de_core_news_lg,989,PRIVATE_URL,356,363,aol.com,overlaps_other_reference_label,EMAIL," Ihrer Angaben und melden Sie Änderungen über das Patientenportal, erreichbar unter AAK01@aol.com oder telefonisch via +43-31.055 0520."
presidio_de_core_news_lg,998,PRIVATE_URL,270,279,gmail.com,overlaps_other_reference_label,EMAIL,m 11. September 2008 abgeschlossen sein soll; bitte bestätigen Sie dies per E‑Mail an APC@gmail.com.
presidio_de_core_news_lg,999,PRIVATE_URL,61,73,tutanota.com,overlaps_other_reference_label,EMAIL,"Bitte senden Sie Ihre Kontaktinformationen, einschließlich A@tutanota.com und +43 53 618 3868, bis zum Februar 1., 1954 an das Büro für Historische Kampfkunst, um "
presidio_de_core_news_lg,1000,PRIVATE_URL,339,351,tutanota.com,overlaps_other_reference_label,EMAIL,"alen Projekten, wobei die Kontaktdaten jeder Führungskraft, inklusive 01047-26072  und BM@tutanota.com, im Projektplan vermerkt sind; bitte überprüfen Sie Ihre persönlichen Angaben, insbesonde"
presidio_de_core_news_lg,1001,PRIVATE_URL,128,140,tutanota.com,overlaps_other_reference_label,EMAIL,"be gerade den Entwurf der Präsentation fertig, könnt ihr das Dokument per E‑Mail an ISÖ22@tutanota.com prüfen?'
Tauland Kallel: 'Ja, schicke mir bitte deine Telefonnummer, damit wir schnell ab"
presidio_de_core_news_lg,1003,PRIVATE_URL,393,400,aol.com,overlaps_other_reference_label,EMAIL, erhöhtes Risiko. Für weitere Informationen kontaktieren Sie bitte das Presseteam unter K@aol.com oder telefonisch unter 0043.47-163 2647; die Sozialversicherungsnummer (4402 510226) wird
presidio_de_core_news_lg,1005,PRIVATE_URL,471,483,tutanota.com,overlaps_other_reference_label,EMAIL,92) muss ebenfalls aktuell sein. Eventuelle Fragen richten Sie bitte per E‑Mail an SG2022@tutanota.com.
presidio_de_core_news_lg,1006,PRIVATE_URL,383,397,protonmail.com,overlaps_other_reference_label,EMAIL,"haben, kontaktieren Sie uns unter 018-294-756-5310 oder schreiben Sie eine Nachricht an T@protonmail.com – wir freuen uns auf ein unvergessliches Naturerlebnis mit Ihnen."
presidio_de_core_news_lg,1007,PRIVATE_URL,328,335,aol.com,overlaps_other_reference_label,EMAIL,20 durchgeführt. Für Rückfragen steht Ihnen unser Koordinator Frau Marcial Vracar unter R@aol.com zur Verfügung.
presidio_de_core_news_lg,1008,PRIVATE_URL,335,349,protonmail.com,overlaps_other_reference_label,EMAIL,"es trainiert wird, ignoriert er andere Marktsegmente. Darüber hinaus können fehlerhafte C@protonmail.com‑Adressen dazu führen, dass wichtige Fehlermeldungen nie beim Verantwortlichen ankommen. E"
presidio_de_core_news_lg,1009,PRIVATE_URL,360,369,yahoo.com,overlaps_other_reference_label,EMAIL,"na Marusco betont, dass jede Order‑Ausführung mindestens eine Bestätigung über alphohuray@yahoo.com erhalten sollte, bevor sie endgültig ausgelöst wird. Außerdem sollten alle Transaktionen "
presidio_de_core_news_lg,1010,PRIVATE_URL,304,318,protonmail.com,overlaps_other_reference_label,EMAIL, bitte mit der Abteilung für Radiologie abstimmen? Meine Kontaktdaten sind noch einmal AK@protonmail.com und +48.53 670.7374.“
presidio_de_core_news_lg,1012,PRIVATE_URL,589,600,hotmail.com,overlaps_other_reference_label,EMAIL,79-6872217) bereit. Bitte bestätigen Sie den Erhalt dieses Schreibens per E‑Mail an 15ODP@hotmail.com.
presidio_de_core_news_lg,1013,PRIVATE_URL,154,165,outlook.com,overlaps_other_reference_label,EMAIL,"-Violaine Aminata Grudzinska
Geburtsdatum: März 1., 1959
Alter: 4
Geschlecht: F
E‑Mail: G@outlook.com
Postleitzahl: 6072
Straße/Hausnummer: Schrannengasse 2173
"
presidio_de_core_news_lg,1014,PRIVATE_URL,242,254,tutanota.com,overlaps_other_reference_label,EMAIL,cken rund um Linz St. Magdalena zu erkunden. Bitte bestätigen Sie per E‑Mail an artniebes@tutanota.com.
presidio_de_core_news_lg,1015,PRIVATE_URL,184,197,www.wetter.at,url_like_without_reference,,Regen kann das Wasser über die Ufer gehen. Bitte prüfen Sie die aktuelle Wetterlage unter www.wetter.at. Bei Notfällen kontaktieren Sie die Leitstelle unter 0043.37-928.0919.
presidio_de_core_news_lg,1016,PRIVATE_URL,81,90,gmail.com,overlaps_other_reference_label,EMAIL,Bitte bestätigen Sie Ihre Teilnahme bis zum 04/05/1954 per E‑Mail an malekepking@gmail.com oder telefonisch unter +65-15.501.1173.
presidio_de_core_news_lg,1017,PRIVATE_URL,289,300,outlook.com,overlaps_other_reference_label,EMAIL,"lweg 3, 8036 Wien Meidling statt. Bitte bestätigen Sie Ihre Teilnahme per E‑Mail an O1956@outlook.com oder telefonisch unter 0497.79749326."
presidio_de_core_news_lg,1018,PRIVATE_URL,269,276,aol.com,overlaps_other_reference_label,EMAIL,"bereit, um die letzte Zahlung abzuschließen. Eine digitale Quittung wird an tsehacebotari@aol.com gesendet; bei Fragen kontaktieren Sie uns unter +91.20 614 4289. Wir freuen uns darauf, g"
presidio_de_core_news_lg,1025,PRIVATE_URL,185,197,tutanota.com,overlaps_other_reference_label,EMAIL,Aroma zu verwenden; die 8. November 2001 der nächsten Therapiesitzung wurde bereits per K@tutanota.com bestätigt.
presidio_de_core_news_lg,1026,PRIVATE_URL,201,208,aol.com,overlaps_other_reference_label,EMAIL,f – Leitung übernimmt Dr Ziko Jabal; für Medienanfragen kontaktieren Sie bitte melaappels@aol.com oder rufen Sie +11 858650493 an.
presidio_de_core_news_lg,1027,PRIVATE_URL,444,451,aol.com,overlaps_other_reference_label,EMAIL,"e deines Reisepasses (L1621976). Bitte sende die Unterlagen an meine private E‑Mail TZA19@aol.com oder nutze den gesicherten Upload‑Link, den du in der Kursübersicht finden kannst. Beacht"
presidio_de_core_news_lg,1029,PRIVATE_URL,412,423,outlook.com,overlaps_other_reference_label,EMAIL,chzeitig den CO₂-Fußabdruck zu reduzieren. Bitte senden Sie Ihre Bestellbestätigung an AK@outlook.com und teilen Sie uns Ihre Umsatzsteuer‑ID 71-4292346 sowie Ihre Telefonnummer 071 1934088  
presidio_de_core_news_lg,1030,PRIVATE_URL,136,147,outlook.com,overlaps_other_reference_label,EMAIL,"s wird in einer virtuellen Galerie gehostet, zu der Sie über den Link in der E‑Mail an ZG@outlook.com eingeladen werden.
Für den Zugang benötigen Sie Ihren Benutzernamen und Ihr Passwort, das"
presidio_de_core_news_lg,1031,PRIVATE_URL,125,136,hotmail.com,overlaps_other_reference_label,EMAIL,"tionen benötigen wir ein gültiges U7854412 und die Bestätigung Ihrer E‑Mail-Adresse ZSMVS@hotmail.com. Sobald diese Unterlagen geprüft sind, erhalten Sie die offizielle Austauschvereinbarung "
presidio_de_core_news_lg,1033,PRIVATE_URL,161,173,tutanota.com,overlaps_other_reference_label,EMAIL,"name: Sonck; Geburtsdatum: März 9., 1950; Telefonnummer: +439-142.414.4936; E‑Mail: 1979G@tutanota.com; Anschrift: Müllner Hauptstraße 475, 4060 Wien. Wir benötigen zudem Ihre 18241796 zur Ide"
presidio_de_core_news_lg,1034,PRIVATE_URL,229,236,aol.com,overlaps_other_reference_label,EMAIL,"ke mit, indem Sie das kurze Feedbackformular ausfüllen, das Sie per E‑Mail an donaonofrej@aol.com erhalten haben. Falls Sie an zukünftigen Sessions interessiert sind, geben Sie bitte Ihre"
presidio_de_core_news_lg,1035,PRIVATE_URL,100,107,aol.com,overlaps_other_reference_label,EMAIL,"enblatt – Probiotische Sorte XYZ

Hersteller: Marc-Peter Al Kahil
Kontakt‑E‑Mail: THM1986@aol.com
Telefon: +996.260-372 4472
Adresse: L261 5, 1100 Linz Römerberg

Stamm‑Bezeichnung: Lacto"
presidio_de_core_news_lg,1039,PRIVATE_URL,135,144,yahoo.com,overlaps_other_reference_label,EMAIL,"te 4 Ziffern), Steuer‑Nr. 90-1671449; Zahlung bis Dezember 30., 2018 über argelibigaignon@yahoo.com."
presidio_de_core_news_lg,1040,PRIVATE_URL,188,197,gmail.com,overlaps_other_reference_label,EMAIL,", die am 19/05/2003 verteilt wird?"" Emmely: ""Ja, ich habe sie gestern per E‑Mail von 19aS@gmail.com bekommen und finde, dass die Auswahl an einheimischen Arten die Biodiversität wirklich st"
presidio_de_core_news_lg,1041,PRIVATE_URL,539,550,outlook.com,overlaps_other_reference_label,EMAIL,"Sollten Sie besondere Ernährungswünsche haben, teilen Sie uns diese bitte per E‑Mail an S@outlook.com mit."
presidio_de_core_news_lg,1042,PRIVATE_URL,330,339,gmail.com,overlaps_other_reference_label,EMAIL,"
Bitte senden Sie diese Angaben zusammen mit Ihrer geschäftlichen E‑Mail‑Adresse hlimdell@gmail.com und einer gültigen Telefonnummer +4395074 7123 bis spätestens 16/02/2018 an unser Complia"
presidio_de_core_news_lg,1045,PRIVATE_URL,398,409,outlook.com,overlaps_other_reference_label,EMAIL,"/ Ort: 1040 Salzburg Riedenburg
Bitte senden Sie das ausgefüllte Formular per E‑Mail an M@outlook.com."
presidio_de_core_news_lg,1047,PRIVATE_URL,290,299,yahoo.com,overlaps_other_reference_label,EMAIL,"ausnummer (230), Postleitzahl (8010), Ort (Salzburg Salzburg-Süd Salzburg-Süd), E‑Mail (A@yahoo.com) und Telefonnummer (07.9925.7402). Zur Zahlung können Sie die Kreditkarte (62755900382288"
presidio_de_core_news_lg,1048,PRIVATE_URL,220,231,hotmail.com,overlaps_other_reference_label,EMAIL,"Meist Borka Nief (Geburtsdatum: 18/08/1989, Geschlecht: Zwei-Geister), erreichbar unter J@hotmail.com oder +82-68 088 2191.
Mieter: Bgm Mian Hadishalem (Alter: 53), Steuer-ID: 91-6656253, Soz"
presidio_de_core_news_lg,1050,PRIVATE_URL,227,239,tutanota.com,overlaps_other_reference_label,EMAIL,"ft auf dem Vertrag (A7875575).'
Shelagh Malú Erraji Bebie: 'Klar, ich schicke alles an TS@tutanota.com und füge auch meine Kreditkartendaten (2200812604643426) für die Vorschusszahlung hinzu.'"
presidio_de_core_news_lg,1051,PRIVATE_URL,301,312,outlook.com,overlaps_other_reference_label,EMAIL,"logisch): Weiblich
   - Geschlechtsidentität: Männlich
2. Kontaktdaten:
   - E‑Mail: MN88@outlook.com
   - Telefon: +43 013 833 4242
   - Adresse: Fröschlmooserstraße 71, 1090 Linz Lustenau
3"
presidio_de_core_news_lg,1052,PRIVATE_URL,261,268,aol.com,overlaps_other_reference_label,EMAIL,"r von 17 Jahren nur ein Zeichen deiner Weisheit ist.“
✅ 1. Oktober 2003: „Deine E‑Mail BS@aol.com ist ein Tor zu neuen Chancen – nutze sie mit Zuversicht.“
✅ Februar 10., 1985: „Im Herzen"
presidio_de_core_news_lg,1053,PRIVATE_URL,168,177,gmail.com,overlaps_other_reference_label,EMAIL,"ftungs‑Logbuch"" (gesendet am 26. Juli 1942 von Bürgermeisterin Jayme Turcic, E‑Mail: 06MC@gmail.com). Sehr geehrte Damen und Herren, anbei übermittle ich die aktuelle Dokumentation der sozi"
presidio_de_core_news_lg,1055,PRIVATE_URL,187,199,tutanota.com,overlaps_other_reference_label,EMAIL,Meditationssitzung am 25/10/1988 ein. Bitte bestätigen Sie Ihre Teilnahme per E‑Mail an P@tutanota.com oder telefonisch unter +43-931 466-2394.
presidio_de_core_news_lg,1056,PRIVATE_URL,283,292,yahoo.com,overlaps_other_reference_label,EMAIL, mit der IBAN 48160011 und teilen Sie uns die Transaktionsbestätigung per E‑Mail an L2010@yahoo.com mit.
presidio_de_core_news_lg,1059,PRIVATE_URL,248,260,tutanota.com,overlaps_other_reference_label,EMAIL,"aus, darunter Ihren Namen (Margeritta und Le Flohic Deperrois), Ihre E‑Mail-Adresse (FLDZ@tutanota.com) und Ihre Kontaktnummer ((53).5579.7617).
2. **Welche Unterkünfte sind verfügbar?**
   Wi"
presidio_de_core_news_lg,1060,PRIVATE_URL,165,176,hotmail.com,overlaps_other_reference_label,EMAIL,"rn im Whitepaper erwähnt haben? Für die KYC‑Registrierung benötigen wir neben deiner 27ND@hotmail.com auch eine Kopie deines F2844367 und dein Geburtsdatum August 5., 1959. Bitte bestätige di"
presidio_de_core_news_lg,1061,PRIVATE_URL,312,326,protonmail.com,overlaps_other_reference_label,EMAIL,"itte bestätigen Sie Ihre Teilnahme bis zum 15. April, indem Sie eine E‑Mail an sivkendler@protonmail.com senden oder uns telefonisch unter (045).3185159 kontaktieren. Wir freuen uns darauf, geme"
presidio_de_core_news_lg,1062,PRIVATE_URL,179,190,hotmail.com,overlaps_other_reference_label,EMAIL,04-03T00:00:00 in Salzburg; bitte melden Sie sich bis zum 14. August 1990 per E‑Mail an D@hotmail.com. Die Teilnahmegebühr von 649752674290897257 wird bei Anmeldung eingezogen.
presidio_de_core_news_lg,1063,PRIVATE_URL,191,198,aol.com,overlaps_other_reference_label,EMAIL,rbeitungs‑Workshop am 1978-02-10T00:00:00 in Innsbruck Pradl. Bitte senden Sie uns Ihre A@aol.com für weitere Informationen.
presidio_de_core_news_lg,1064,PRIVATE_URL,371,382,outlook.com,overlaps_other_reference_label,EMAIL,"ird, zu dokumentieren, benötigen wir Ihre Kontaktdaten, insbesondere die E‑Mail‑Adresse Z@outlook.com und die Telefonnummer +4 06 443.0861. Bitte senden Sie zudem eine Kopie Ihres Personalaus"
presidio_de_core_news_lg,1065,PRIVATE_URL,288,299,outlook.com,overlaps_other_reference_label,EMAIL,"57; Geschlecht (biologisch): M; Geschlechtsidentität: Geschlechterqueer; E‑Mail: getenani@outlook.com; Telefon: +21-700.423-8865; Anschrift: Fridrich Kaiser Gasse 42-46, Wien 8010; Führersche"
presidio_de_core_news_lg,1068,PRIVATE_URL,282,296,protonmail.com,overlaps_other_reference_label,EMAIL,"autet „Feuerfliegen im Volksglauben“. Bitte bestätigen Sie Ihre Teilnahme per E‑Mail an S@protonmail.com.

Herzliche Grüße,
Bljerton Geri"
presidio_de_core_news_lg,1069,PRIVATE_URL,180,187,aol.com,overlaps_other_reference_label,EMAIL,Food & Art Integration“ zu unterstützen. Name: Rada de Renzis Limena Mingote; E‑Mail: AAD@aol.com; Telefon: +68-111535682. Adresse: 6020 Innsbruck; Datum der Teilnahme: 03/06/2006. Wir sc
presidio_de_core_news_lg,1074,PRIVATE_URL,349,360,hotmail.com,overlaps_other_reference_label,EMAIL,Für Anfragen kontaktieren Sie bitte unser Presseteam unter (529) 3389366 oder dzeschubnel@hotmail.com.
presidio_de_core_news_lg,1075,PRIVATE_URL,900,911,outlook.com,overlaps_other_reference_label,EMAIL,"sstellungen interaktive Elemente einzubauen, bei denen Besucher ihre eigenen E‑Mails (BHT@outlook.com) an die dargestellten Persönlichkeiten senden können, um ein lebendiges Dialogfeld zu sch"
presidio_de_core_news_lg,1077,PRIVATE_URL,229,240,outlook.com,overlaps_other_reference_label,EMAIL,08/2024 in Linz (PLZ 6080) einladen. Bitte bestätigen Sie Ihre Teilnahme per E‑Mail an 2Z@outlook.com.
presidio_de_core_news_lg,1079,PRIVATE_URL,491,502,outlook.com,overlaps_other_reference_label,EMAIL,"ch ein kurzes Journal, das ich per E‑Mail an meine Schwester Yll Tane Sulei unter johmoum@outlook.com schickte. Sie antwortete mit dem Hinweis, dass sie ebenfalls ihr 76Z5SMSPH3 im Sattel las"
presidio_de_core_news_lg,1083,PRIVATE_URL,76,87,outlook.com,overlaps_other_reference_label,EMAIL,"Bitte senden Sie Ihre aktualisierten Kontaktdaten, einschließlich vinstagni@outlook.com und +334 886 464.4082, an das Koordinatorenbüro in der Hamburgerstraße 8, 6020 Linz Kapla"
presidio_de_core_news_lg,1086,PRIVATE_URL,128,137,yahoo.com,overlaps_other_reference_label,EMAIL,"entlichen Nahverkehr
Name: Paal Bergeot
Geburtsdatum: 22/03/2015
Geschlecht: F
E‑Mail: 9A@yahoo.com
Telefon: +43 74 952.6610
Adresse: Raiffeisenstraße 84F, 1200 Graz Geidorf
Ausweisnummer: "
presidio_de_core_news_lg,1087,PRIVATE_URL,868,879,hotmail.com,overlaps_other_reference_label,EMAIL,"tieren.
Für weitere Informationen kontaktieren Sie bitte das Presseteam unter francjebele@hotmail.com oder telefonisch unter +43.26763 7113."
presidio_de_core_news_lg,1088,PRIVATE_URL,346,353,aol.com,overlaps_other_reference_label,EMAIL,"chlecht (biologisch): Männlich
6. Geschlechtsidentität: Agender
7. E‑Mail-Adresse: mschwa@aol.com
8. Telefonnummer: 08181.433320
9. Straße: Eisenhandstraße
10. Hausnummer: 22
11. Ort: Wie"
presidio_de_core_news_lg,1092,PRIVATE_URL,347,359,tutanota.com,overlaps_other_reference_label,EMAIL,"iblich
6. Geschlechtsidentität des Besitzers: Zwei-Geister
7. Kontaktdaten: E‑Mail – 14SH@tutanota.com; Telefon – +18.503642033
8. Anschrift: Wildbergstraße 1, 6020 Natters
9. Identifikationsn"
presidio_de_core_news_lg,1094,PRIVATE_URL,19,31,tutanota.com,overlaps_other_reference_label,EMAIL,"In der E‑Mail an D@tutanota.com fragt Dr. Lizzeth nach den neuesten Messdaten von Linz Markartviertel und betont, dass da"
presidio_de_core_news_lg,1098,PRIVATE_URL,748,757,gmail.com,overlaps_other_reference_label,EMAIL,tunterlagen an die Personalabteilung von Thibau Lenox Rouine Moukanda Desscan (E‑Mail: RS@gmail.com) gesendet werden.
presidio_de_core_news_lg,1099,PRIVATE_URL,395,401,St.Pet,overlaps_other_reference_label,CITY,"Installation von Oberleitungen auf der Strecke zwischen Salzburg Nonntal Nonntal und Linz St.Peter zur Nutzung von erneuerbarer Windenergie.
8. Gewünschte Förderhöhe: 314903683039397747"
presidio_de_core_news_lg,1099,PRIVATE_URL,241,252,outlook.com,overlaps_other_reference_label,EMAIL,". Geschlecht: F
4. Anschrift: Gneiser Straße 2256, 1020 Salzburg
5. Kontakt‑E‑Mail: 31N@outlook.com
6. Telefon: +4307035.9063
7. Projektbeschreibung: Installation von Oberleitungen auf de"
presidio_de_core_news_lg,1100,PRIVATE_URL,311,322,hotmail.com,overlaps_other_reference_label,EMAIL,"logisch): F
   • Geschlechtsidentität: Männlich
2. Kontaktdaten
   • E‑Mail‑Adresse: 18JS@hotmail.com
   • Telefon (mobil): 04.24 95.70-09
3. Wohnadresse
   • Straße und Hausnummer: Coulinstr"
presidio_de_core_news_lg,1101,PRIVATE_URL,642,653,outlook.com,overlaps_other_reference_label,EMAIL,"end Lend oder laden Sie sie sicher über unser Online‑Portal hoch, das Sie unter eelkplass@outlook.com erreichen können. Für weiterführende Informationen stehen wir Ihnen jederzeit telefonisch"
presidio_de_core_news_lg,1103,PRIVATE_URL,216,225,gmail.com,overlaps_other_reference_label,EMAIL,ssorin Nebil Berzia am 21/11/1937; bitte bestätigen Sie Ihre Teilnahme per E‑Mail an LF02@gmail.com oder telefonisch unter +43-122322895.
presidio_de_core_news_lg,1104,PRIVATE_URL,361,370,yahoo.com,overlaps_other_reference_label,EMAIL,) gesendet wird. Die wöchentlichen Fortschrittsberichte werden per E‑Mail an qendalappatt@yahoo.com versendet; dabei wird das Geschlecht (M) und die Geschlechtsidentität (Transgender) berüc
presidio_de_core_news_lg,1106,PRIVATE_URL,165,179,protonmail.com,overlaps_other_reference_label,EMAIL,"e laufende Community‑Health‑Studie. Bitte antworten Sie innerhalb von sieben Tagen an 55K@protonmail.com und geben Sie zusätzlich Ihre Wohnadresse Alte Poststraße an. Die Angabe ist notwendig, u"
presidio_de_core_news_lg,1107,PRIVATE_URL,200,209,yahoo.com,overlaps_other_reference_label,EMAIL,uck Wilten Wilten erhalten und wird diese in der nächsten Woche per E‑Mail an hasmigkalus@yahoo.com versenden. Wir danken Ihnen für Ihre Mitarbeit und freuen uns auf die weiteren Erkenntnis
presidio_de_core_news_lg,1109,PRIVATE_URL,376,387,hotmail.com,overlaps_other_reference_label,EMAIL,"sphäre zu schützen, werden alle gesammelten Daten – darunter Ihre 81-0624568, gurdeleducq@hotmail.com und +06 79-758.7810 – ausschließlich für interne Analysezwecke verwendet und anschließend"
presidio_de_core_news_lg,1109,PRIVATE_URL,549,560,hotmail.com,overlaps_other_reference_label,EMAIL,"t und anschließend sicher gelöscht. Bitte bestätigen Sie Ihre Teilnahme per E‑Mail an DEW@hotmail.com bis spätestens zum 1996-07-06T00:00:00, damit wir die Abschlusspräsentation am Januar/52 "
presidio_de_core_news_lg,1110,PRIVATE_URL,147,159,tutanota.com,overlaps_other_reference_label,EMAIL," Kheder
Geburtsdatum: 12/08/1984 (Alter: 83)
Geschlecht: Nicht-binär
Kontakt‑E‑Mail: NGVM@tutanota.com
Telefon: 076 9783-7240
Ich bestätige, dass ich die Datenschutzerklärung gelesen habe und "
presidio_de_core_news_lg,1111,PRIVATE_URL,76,83,aol.com,overlaps_other_reference_label,EMAIL,"Bitte senden Sie Ihre Unterlagen, inkl. 12205412, D5529710 und britschmidel@aol.com, bis zum 21/05/1999."
presidio_de_core_news_lg,1112,PRIVATE_URL,523,535,tutanota.com,overlaps_other_reference_label,EMAIL,Prämienbelastung beeinflusst. Bitte senden Sie Ihre Rückmeldung bis zum 14/04/2014 an R65@tutanota.com und geben Sie dabei Ihre Referenznummer XGSSUG17UB an.
presidio_de_core_news_lg,1113,PRIVATE_URL,1173,1182,yahoo.com,overlaps_other_reference_label,EMAIL,"it freundlichen Grüßen,
Senator Nurudin Loeckx
Leiter/in der Rechts- und Ethikabteilung
T@yahoo.com"
presidio_de_core_news_lg,1113,PRIVATE_URL,829,841,tutanota.com,overlaps_other_reference_label,EMAIL,"eilung und Ihre Zustimmung zu den Änderungen, indem Sie eine kurze Rückmeldung an laagnar@tutanota.com senden. Für Rückfragen steht Ihnen unser Team unter der Telefonnummer (996).7368191 jeder"
presidio_de_core_news_lg,1114,PRIVATE_URL,369,381,tutanota.com,overlaps_other_reference_label,EMAIL,"7752472 für die Rechnungsstellung. Bitte senden Sie Ihre unterschriebene Bestätigung an Z@tutanota.com und geben Sie Ihre Kontaktdaten, inklusive 024 726-9009 und Wohnadresse (Wildbergstraße 2"
presidio_de_core_news_lg,1117,PRIVATE_URL,402,413,outlook.com,overlaps_other_reference_label,EMAIL,d 8073 750602 mit Ihrem Unternehmensprofil übereinstimmen; senden Sie die Details an 13SF@outlook.com und wir setzen uns innerhalb von 24 Stunden mit Ihnen in Verbindung.
presidio_de_core_news_lg,1118,PRIVATE_URL,179,190,hotmail.com,overlaps_other_reference_label,EMAIL,"für mittelalterliche Pilgertraditionen. In einem Brief an seine Familie, adressiert an MB@hotmail.com, erwähnte er, dass er am 15/12/1983 geboren wurde und nun im Alter von 47 Jahren seine Sp"
presidio_de_core_news_lg,1119,PRIVATE_URL,567,576,yahoo.com,overlaps_other_reference_label,EMAIL,r in Graz. Für weitere Informationen besuchen Sie unsere Webseite oder schreiben Sie an G@yahoo.com.
presidio_de_core_news_lg,1120,PRIVATE_URL,280,291,hotmail.com,overlaps_other_reference_label,EMAIL,"die Franz-Kain-Weg 1a verkehren nur alle zwei Stunden. Bitte kontaktieren Sie ihn unter K@hotmail.com oder telefonisch unter +432 85 002.7959, um alternative Transfers zu planen."
presidio_de_core_news_lg,1121,PRIVATE_URL,268,275,aol.com,overlaps_other_reference_label,EMAIL,"m 1940-06-10T00:00:00 die neue Route prüfen. Seine Kontaktinformationen: 005 723-8293, TH@aol.com."
presidio_de_core_news_lg,1122,PRIVATE_URL,167,179,tutanota.com,overlaps_other_reference_label,EMAIL,m Liftzentrum. Die Buchung erfolgt über die Hotline +43.704919471 oder per E‑Mail an YS27@tutanota.com.
presidio_de_core_news_lg,1127,PRIVATE_URL,117,126,yahoo.com,overlaps_other_reference_label,EMAIL,"eine Unterlagen für das Wald‑Retreat fertig?
Nginamau: Ja, ich habe gerade meine E‑Mail S@yahoo.com aktualisiert und meine Handynummer ist +83 93.156-7617.
Mathusan: Super! Ich brauche noch"
presidio_de_core_news_lg,1128,PRIVATE_URL,132,141,gmail.com,overlaps_other_reference_label,EMAIL,"e durchschnittliche Investitions‑Summe pro Benutzer, basierend auf den Angaben von 1986PU@gmail.com und der hinterlegten GEH9QBZ7NP, mit einer Standardabweichung von 1 Jahren angezeigt."
presidio_de_core_news_lg,1131,PRIVATE_URL,81,93,tutanota.com,overlaps_other_reference_label,EMAIL,"Betreff: Feedback zum digitalen Arbeitsplatz
Von: Frau Kajaanan Gastaud <1980BBP@tutanota.com>
Datum: September/77

Liebe IT‑Team,

ich nutze seit 16 Jahren die neue Collaboration‑Pla"
presidio_de_core_news_lg,1133,PRIVATE_URL,212,221,yahoo.com,overlaps_other_reference_label,EMAIL,"nagement‑Programms gestartet wird; bitte bestätigen Sie Ihre Teilnahme per E‑Mail an GS13@yahoo.com. Die Schulungsunterlagen werden bis zum genannten Datum im Intranet bereitgestellt, um re"
presidio_de_core_news_lg,1134,PRIVATE_URL,289,298,yahoo.com,overlaps_other_reference_label,EMAIL,"mit unterschiedlichem Männlich und 81 anspricht. Bitte senden Sie Ihren Lebenslauf an 26M@yahoo.com und fügen Sie eine Kopie Ihres 24603038 sowie Ihres C5951362 bei, damit wir die notwendig"
presidio_de_core_news_lg,1136,PRIVATE_URL,72,83,hotmail.com,overlaps_other_reference_label,EMAIL,"Im Anmeldeformular bitte ergänzen Sie Ihre Kontaktdaten: E‑Mail jawkara@hotmail.com, Telefon +767 138 549 2291 und, falls vorhanden, Ihre Z8340210 für eventuelle Auslandsrei"
presidio_de_core_news_lg,1137,PRIVATE_URL,75,84,gmail.com,overlaps_other_reference_label,EMAIL,Bitte senden Sie Ihre Zustimmung zum Teilen von Bild- und Tonmaterial an A@gmail.com; wir werden dafür Ihre 97859705 zur Verifikation nutzen.
presidio_de_core_news_lg,1138,PRIVATE_URL,630,641,outlook.com,overlaps_other_reference_label,EMAIL,"Für Rückfragen erreichen Sie mich unter +43 040.908.3928 oder per E‑Mail an avanibeaupain@outlook.com.

Vielen Dank im Voraus!

Mit freundlichen Grüßen
Seda Baraian
Januar/40"
presidio_de_core_news_lg,1139,PRIVATE_URL,251,265,protonmail.com,overlaps_other_reference_label,EMAIL,tviertel Markartviertel einzuladen. Bitte bestätigen Sie Ihre Teilnahme per E‑Mail an H28@protonmail.com.
presidio_de_core_news_lg,1142,PRIVATE_URL,85,94,gmail.com,overlaps_other_reference_label,EMAIL,"Ein kurzer Tipp: Wenn Sie sich gestresst fühlen, schicken Sie eine kurze E‑Mail an S@gmail.com und bitten um ein 5‑Minuten‑Check‑In, um Ihre Geduld neu zu kalibrieren."
presidio_de_core_news_lg,1144,PRIVATE_URL,492,499,aol.com,overlaps_other_reference_label,EMAIL,"mera, die über eine verschlüsselte Verbindung mit Ihrer persönlichen E‑Mail‑Adresse sfehr@aol.com synchronisiert wird. 3. Das System wird durch ein zentrales Steuerungsmodul betrieben, da"
presidio_de_core_news_lg,1147,PRIVATE_URL,246,258,tutanota.com,overlaps_other_reference_label,EMAIL,er Website anbieten. Bitte senden Sie mir weitere Details an meine E‑Mail-Adresse odfella@tutanota.com und bestätigen Sie die Verfügbarkeit bis zum 1970-10-19T00:00:00. Für Rückfragen erreiche
presidio_de_core_news_lg,1149,PRIVATE_URL,89,100,outlook.com,overlaps_other_reference_label,EMAIL,"Eine Kundenbefragung, durchgeführt von Meist Ferzane Azdejkovic Tompa Semsic (E‑Mail: AD@outlook.com), konzentrierte sich auf die Rolle von Marken‑ und Produktnamen auf dem Etikett. Die Teil"
presidio_de_core_news_lg,1151,PRIVATE_URL,150,161,hotmail.com,overlaps_other_reference_label,EMAIL,"estes tragbares Notstromaggregat vorstellen zu dürfen. Bitte senden Sie Ihre Anfrage an K@hotmail.com oder rufen Sie uns unter 09-4286.6746 an, damit wir Ihnen ein individuelles Angebot zukom"
presidio_de_core_news_lg,1155,PRIVATE_URL,356,363,aol.com,overlaps_other_reference_label,EMAIL,"d die Hoteladresse Gorianstraße 45a. Die Buchungsbestätigung wird per E‑Mail an satlebrón@aol.com gesendet, sodass kein physischer Papierkram nötig ist. Zusätzlich sollte die Notfall‑Kont"
presidio_de_core_news_lg,1160,PRIVATE_URL,344,358,protonmail.com,overlaps_other_reference_label,EMAIL,"ge Familien von neuen Förderprogrammen, die über die Stadtverwaltung über die E‑Mail ASNC@protonmail.com kommuniziert werden."
presidio_de_core_news_lg,1164,PRIVATE_URL,382,396,protonmail.com,overlaps_other_reference_label,EMAIL,kretär Eiko Dépierraz geleitet. Weitere Informationen erhalten Sie per E‑Mail an crisvoit@protonmail.com oder unter der Telefonnummer 01436 857207.
presidio_de_core_news_lg,1166,PRIVATE_URL,239,248,yahoo.com,overlaps_other_reference_label,EMAIL,"e Kommunikation als Zwei-Geister vermerkt. Bitte sende deine aktuelle E‑Mail‑Adresse (M11@yahoo.com) und die letzten vier Ziffern deiner Kreditkarte (3575600148454210) per sicherem Kanal, d"
presidio_de_core_news_lg,1167,PRIVATE_URL,891,902,hotmail.com,overlaps_other_reference_label,EMAIL,"milien die schnelle Anbindung schätzen.""

Weitere Informationen erhalten Sie unter thramo@hotmail.com oder telefonisch über die Bürgerservice‑Hotline 012 014.1098."
presidio_de_core_news_lg,1168,PRIVATE_URL,643,652,yahoo.com,overlaps_other_reference_label,EMAIL,"nsnummer (08-8847868) und ein Kostenplan. Bitte bestätigen Sie den Erhalt per E‑Mail an D@yahoo.com oder telefonisch unter 0043.71.368 4585.

Mit freundlichen Grüßen,
Malamatenia Saravo
Pro"
presidio_de_core_news_lg,1169,PRIVATE_URL,583,592,yahoo.com,overlaps_other_reference_label,EMAIL, am Mai/66 teil (Ort: Frau-Hitt-Straße 2) oder senden Sie Ihre Anregungen per E‑Mail an A@yahoo.com. Gemeinsam können wir die Zukunft unserer Gemeinde nachhaltig gestalten.
presidio_de_core_news_lg,1170,PRIVATE_URL,409,418,gmail.com,overlaps_other_reference_label,EMAIL,"e aktuelle Nummer ist AA1BBH92OA (für administrative Zwecke)
☑️ Kontakt für Rückfragen: C@gmail.com | 0043 13.037 1787"
presidio_de_core_news_lg,1171,PRIVATE_URL,347,356,yahoo.com,overlaps_other_reference_label,EMAIL,"(z. B. Transgender) führen. Bei Fragen wenden Sie sich an die Personalabteilung unter <ZS@yahoo.com> oder telefonisch unter <01095.06198 >."""
presidio_de_core_news_lg,1171,PRIVATE_URL,34,48,protonmail.com,overlaps_other_reference_label,EMAIL,"Hr Mizakete Timmers (<leyvbertuca@protonmail.com>) schreibt: ""Betreff: Richtlinien zur geschlechtlichen Gleichstellung – Bitte beachten Si"
presidio_de_core_news_lg,1172,PRIVATE_URL,190,197,aol.com,overlaps_other_reference_label,EMAIL,"Männlich/Androgyn. Adresse: Roseggerstraße 42, 6020 Linz Industriegelände; E‑Mail: ysanda@aol.com; Telefon: +43248.796-9589. Umweltversprechen: Ich verpflichte mich, während des Pilgerweg"
presidio_de_core_news_lg,1175,PRIVATE_URL,175,187,tutanota.com,overlaps_other_reference_label,EMAIL,"i
Geburtsdatum: 2003-01-13T00:00:00
Geschlecht: Männlich / Zwei-Geister
Kontakt‑E‑Mail: B@tutanota.com
Telefon: +31.244010006
Adresse der Niederlassung: Sadrachstraße 11
Postleitzahl: 1020
Sta"
presidio_de_core_news_lg,1178,PRIVATE_URL,42,54,tutanota.com,overlaps_other_reference_label,EMAIL,"Eltern wie Oihane Efthymiou prüfen die KA@tutanota.com‑Benachrichtigungen, um zu entscheiden, ob das monatliche Abo von 4138477121916423 Euro da"
presidio_de_core_news_lg,1179,PRIVATE_URL,431,443,tutanota.com,overlaps_other_reference_label,EMAIL,"anden, Ihre aktuelle SWFWRALVLG; senden Sie diese bitte sicher verschlüsselt an hemkalmyk@tutanota.com."
presidio_de_core_news_lg,1181,PRIVATE_URL,108,119,hotmail.com,overlaps_other_reference_label,EMAIL, Sie mit der neuen Wasserskulptur? (1‑5); Ihr Name: Sened Rendchen; E‑Mail: maleichsenrin@hotmail.com; Postleitzahl: 1080.
presidio_de_core_news_lg,1182,PRIVATE_URL,266,280,protonmail.com,overlaps_other_reference_label,EMAIL,"traße 53, 4020 Klagenfurt am Wörthersee Villacher Vorstadt
5. Kontakt‑E‑Mail: hindsauperl@protonmail.com
6. Telefon: +43 48479 8684
7. Identifikationsnummer (Personalausweis): 09962706
8. Führer"
presidio_de_core_news_lg,1183,PRIVATE_URL,536,545,gmail.com,overlaps_other_reference_label,EMAIL," beruflichen Position haben, informieren Sie bitte den Compliance‑Officer per E‑Mail an D@gmail.com."
presidio_de_core_news_lg,1186,PRIVATE_URL,338,349,hotmail.com,overlaps_other_reference_label,EMAIL,"ier Schoenenweid Palkovicová: 'Vielleicht sollten wir beide nutzen, je nach Kontext.'\n5S@hotmail.com: 'Feedback bitte an GD1998@outlook.com.'"
presidio_de_core_news_lg,1186,PRIVATE_URL,377,388,outlook.com,overlaps_other_reference_label,EMAIL,"ht sollten wir beide nutzen, je nach Kontext.'\n5S@hotmail.com: 'Feedback bitte an GD1998@outlook.com.'"
presidio_de_core_news_lg,1188,PRIVATE_URL,143,152,yahoo.com,overlaps_other_reference_label,EMAIL,ssdaten: Bitte senden Sie die aktuelle Passnummer von Marcel-André Hzami (I3384996) an 4S@yahoo.com bis zum nächsten Werktag.
presidio_de_core_news_lg,1190,PRIVATE_URL,200,209,yahoo.com,overlaps_other_reference_label,EMAIL,im 32 Kellerstraße in Innsbruck ein. Bitte bestätigen Sie Ihre Teilnahme per E‑Mail an HE@yahoo.com und teilen Sie uns Ihr Alter (50) sowie Ihre bevorzugte Telefonnummer (+43.91 504-3960) m
presidio_de_core_news_lg,1192,PRIVATE_URL,180,192,tutanota.com,overlaps_other_reference_label,EMAIL,"
2. Geburtsdatum: 26/08/1961
3. Geschlecht: Männlich / Agender
4. Kontaktemail: 1956YLHSE@tutanota.com
5. Telefonnummer: +43161.295 8978
6. Gewünschte Laufzeit: 6 Monate (bis März 9., 1955)
7."
presidio_de_core_news_lg,1192,PRIVATE_URL,391,405,protonmail.com,overlaps_other_reference_label,EMAIL,": 2203349900258710 €
Bitte unterschreiben Sie digital und senden Sie das Formular an 05JA@protonmail.com."
presidio_de_core_news_lg,1193,PRIVATE_URL,276,283,aol.com,overlaps_other_reference_label,EMAIL,"Führerschein Nr.: KD9UOC0WAG
Steuernummer: 89-6106357
Telefon: +2 184.186 1601
E‑Mail: LA@aol.com
Bitte senden Sie das ausgefüllte Formular an travel@faerchenreise.at."
presidio_de_core_news_lg,1193,PRIVATE_URL,336,352,faerchenreise.at,url_like_without_reference,,"n: +2 184.186 1601
E‑Mail: LA@aol.com
Bitte senden Sie das ausgefüllte Formular an travel@faerchenreise.at."
presidio_de_core_news_lg,1195,PRIVATE_URL,88,95,aol.com,overlaps_other_reference_label,EMAIL,"Die Klinik in Graz Gries hat einen neuen Leitfaden veröffentlicht, der unter kavyaseraf@aol.com erreichbar ist und die Bedeutung von Nicht-binär‑sensiblen Therapieansätzen für verschied"
presidio_de_core_news_lg,1196,PRIVATE_URL,419,430,hotmail.com,overlaps_other_reference_label,EMAIL," Hamijet Grossgasteiger integrieren. Bitte senden Sie mir Ihre Rückmeldung an ornelditter@hotmail.com oder rufen Sie mich unter +05 35-389 0231 an. Ich freue mich, Ihnen bis zum Dezember 1., "
presidio_de_core_news_lg,1198,PRIVATE_URL,518,525,aol.com,overlaps_other_reference_label,EMAIL,"teuer‑ID 13-8416515 und Ihre Bankverbindung. Bitte senden Sie diese Informationen an ND01@aol.com.

Wir garantieren, dass Ihre Daten gemäß DSGVO geschützt werden (Referenz: 7493 370616)."
presidio_de_core_news_lg,1200,PRIVATE_URL,284,295,outlook.com,overlaps_other_reference_label,EMAIL,"latz 24, 9020 Lans. Bitte senden Sie uns Ihre Kontaktdaten, einschließlich E‑Mail 1962NSS@outlook.com und Telefon +34 369.086.4918, bis zum 1977-02-23T00:00:00."
presidio_de_core_news_lg,1203,PRIVATE_URL,804,818,protonmail.com,overlaps_other_reference_label,EMAIL,0 Innsbruck Saggen zu verwenden ist. Rückfragen richten Sie bitte an die E‑Mail-Adresse B@protonmail.com.
presidio_de_core_news_lg,1204,PRIVATE_URL,313,320,aol.com,overlaps_other_reference_label,EMAIL,"entifikationsnummer (für Prämienabrechnung): 85-7645876
6. E‑Mail‑Adresse für Updates: NZ@aol.com
7. Telefonische Erreichbarkeit: 08-1372-1928

Bitte prüfen Sie alle Angaben sorgfältig un"
presidio_de_core_news_lg,1209,PRIVATE_URL,185,192,aol.com,overlaps_other_reference_label,EMAIL, deine 66615128 zur Verifizierung. Bitte sende diese zusammen mit dem Link zum Video an A@aol.com bis zum Oktober/42.
presidio_de_core_news_lg,1212,PRIVATE_URL,95,104,gmail.com,overlaps_other_reference_label,EMAIL,"ktperson für das Programm: Manager Arulampalam Hatidza Barnert Sobanska, E‑Mail: tomclaer@gmail.com, Telefon: +8.930-089 6437."
presidio_de_core_news_lg,1214,PRIVATE_URL,25,37,tutanota.com,overlaps_other_reference_label,EMAIL,"Bitte senden Sie Ihre MM@tutanota.com und Ihre +346 52 169 5100, um einen persönlichen Zeitplan zu erhalten, der auf Ihrem 27 s"
presidio_de_core_news_lg,1215,PRIVATE_URL,349,360,outlook.com,overlaps_other_reference_label,EMAIL,"nen arbeiten. Bitte senden Sie Ihre Kontaktdaten, einschließlich Ihrer E‑Mail‑Adresse 44K@outlook.com und Ihrer Telefonnummer 066 2218216 , an unser Koordinationsbüro in Linz St. Magdalena St"
presidio_de_core_news_lg,1228,PRIVATE_URL,192,204,tutanota.com,overlaps_other_reference_label,EMAIL," Geburtsdatum: November 30., 2002
3. Alter: 49 Jahre, Geschlecht: M
4. Kontakt‑E‑Mail: ST@tutanota.com
5. Telefonnummer: +5 355-840 4337
Bitte füllen Sie das Formular vollständig aus und sende"
presidio_de_core_news_lg,1229,PRIVATE_URL,367,378,hotmail.com,overlaps_other_reference_label,EMAIL,"prüfen Sie die Vollständigkeit der folgenden PII‑Platzhalter: Samuel Farrukh, Kahle, 02AD@hotmail.com, +43-53 128-8443 sowie die finanzielle Kennziffer 3175401405362280744. Ein abschließender"
presidio_de_core_news_lg,1231,PRIVATE_URL,694,703,yahoo.com,overlaps_other_reference_label,EMAIL,"steinschätzung (inkl. 74 Jahre, F, Bigender und April 29., 2006) bis zum 11/09/1981 an HL@yahoo.com.

Für Rückfragen steht Ihnen unser Diversity‑Team unter 014366 311 6938 oder persönlich"
presidio_de_core_news_lg,1232,PRIVATE_URL,974,986,tutanota.com,overlaps_other_reference_label,EMAIL,"entifikationsnummer: 24-3964120

Bitte senden Sie das ausgefüllte Formular digital an A@tutanota.com oder per Post an die Personalabteilung, Am Lansersee 35, 1090 Wien KG Leopoldstadt. Wir d"
presidio_de_core_news_lg,1232,PRIVATE_URL,634,646,tutanota.com,overlaps_other_reference_label,EMAIL,"nder

3. Kontaktinformationen (optional, für eventuelle Nachfragen):
   - E‑Mail: AA66@tutanota.com
   - Telefon: 05-23 47.05.07

4. Weitere relevante Angaben:
   - Staatsangehörigkeit "
presidio_de_core_news_lg,1237,PRIVATE_URL,399,410,hotmail.com,overlaps_other_reference_label,EMAIL,t ab sofort für 15 Jahre erhältlich. Für Rückfragen senden Sie bitte eine E‑Mail an L1939@hotmail.com oder rufen Sie uns unter 004.7012346  an. Wir freuen uns auf Ihre Bestellung bis zum 1985
presidio_de_core_news_lg,1239,PRIVATE_URL,481,492,outlook.com,overlaps_other_reference_label,EMAIL,en Sie sich bei Fragen unter der Telefonnummer +697-90-469.3754 oder per E‑Mail an MR1946@outlook.com.
presidio_de_core_news_lg,1241,PRIVATE_URL,569,581,tutanota.com,overlaps_other_reference_label,EMAIL,"nt zu verfassen, das meine Erfahrungen zusammenfasst und es über meine private E‑Mail 61L@tutanota.com an das gesamte Team versende."
presidio_de_core_news_lg,1255,PRIVATE_URL,497,504,aol.com,overlaps_other_reference_label,EMAIL,"ätzlichen Spalte aufgeführt sind. Bitte prüfe, dass meine Kontaktdaten – E‑Mail: hütekako@aol.com und Telefon: +5 38-750 5526 – korrekt sind, damit ich bei eventuellen Rückfragen sofort e"
presidio_de_core_news_lg,1257,PRIVATE_URL,54,63,yahoo.com,overlaps_other_reference_label,EMAIL,"Bitte senden Sie Ihre Kontaktdaten, einschließlich RA@yahoo.com und +43.81.426 4446, an die Koordinationsstelle, damit wir individuelle Pflegepläne für P"
presidio_de_core_news_lg,1259,PRIVATE_URL,176,190,protonmail.com,overlaps_other_reference_label,EMAIL," Geburtsdatum: 02/04/2001
   - Geschlecht: M / Nicht spezifiziert
   - Kontakt‑E‑Mail: SM@protonmail.com
   - Telefonnummer: 04.2083.8648
2. Vorfallbeschreibung (mindestens 4 Sätze): ___________"
presidio_de_core_news_lg,1259,PRIVATE_URL,857,868,hotmail.com,overlaps_other_reference_label,EMAIL,"itte senden Sie das ausgefüllte Formular bis spätestens Dezember 12., 1982 an valvisinand@hotmail.com oder an die interne Poststelle."
presidio_de_core_news_lg,1261,PRIVATE_URL,225,237,tutanota.com,overlaps_other_reference_label,EMAIL,e Vorabgenehmigung beantragen. Bitte senden Sie die Bestätigung an meine E‑Mail‑Adresse P@tutanota.com oder kontaktieren Sie mich telefonisch unter 065 858.9932. Meine Identität kann mittels m
presidio_de_core_news_lg,1262,PRIVATE_URL,669,678,gmail.com,overlaps_other_reference_label,EMAIL,ngsnummern (5840 821020) anonymisiert darstellen. Für Rückfragen stehen wir Ihnen unter M@gmail.com oder telefonisch unter +55-04704.1481 zur Verfügung. Die endgültige Entscheidung wird vor
presidio_de_core_news_lg,1267,PRIVATE_URL,349,358,yahoo.com,overlaps_other_reference_label,EMAIL,"; Geschlechtsidentität: Nicht-binär; Telefonnummer: +43.60-300-2701; E‑Mail-Adresse: MAMD@yahoo.com; Anschrift: Ziggulnstraße 2, 4020 Linz Hartmayrsiedlung; Ausweisnummer: 06398974; Führers"
presidio_de_core_news_lg,1268,PRIVATE_URL,126,135,gmail.com,overlaps_other_reference_label,EMAIL,"um Juli 31., 1993 den ausgefüllten Anmeldebogen von George-Robert Bemanga an evedelcambre@gmail.com."
presidio_de_core_news_lg,1280,PRIVATE_URL,634,646,tutanota.com,overlaps_other_reference_label,EMAIL,hritte: Alle offenen Datensätze bis zum 13. September 1957 finalisieren und an ivemavroma@tutanota.com senden.
presidio_de_core_news_lg,1283,PRIVATE_URL,1052,1059,aol.com,overlaps_other_reference_label,EMAIL,d. Für Fragen zur Umsetzung wenden Sie sich bitte an die Compliance‑Abteilung via MAC1969@aol.com oder rufen Sie die Hotline unter +4340358-0288 an.
presidio_de_core_news_lg,1284,PRIVATE_URL,1096,1107,outlook.com,overlaps_other_reference_label,EMAIL,gebäudes in Graz stattfinden; bitte bestätigen Sie Ihre Teilnahme per E‑Mail an somstroie@outlook.com.
presidio_de_core_news_lg,1285,PRIVATE_URL,22,33,hotmail.com,overlaps_other_reference_label,EMAIL,"Bitte senden Sie an R@hotmail.com den Nachweis Ihrer 46895205 sowie eine aktuelle 14/02/1937, damit wir die rechtlichen Vor"
presidio_de_core_news_lg,1289,PRIVATE_URL,605,612,aol.com,overlaps_other_reference_label,EMAIL,"n Sie die Angaben sorgfältig, unterschreiben Sie digital und senden Sie das Formular an C@aol.com bis zum Juni/45."
presidio_de_core_news_lg,1290,PRIVATE_URL,535,549,protonmail.com,overlaps_other_reference_label,EMAIL,"derte zudem den Zugriff auf das Protokoll von Edy Piergiorgio Saju (E‑Mail: kajeeasatrian@protonmail.com), um die Quelle des Datenlecks zu identifizieren. Um die rechtlichen Folgen zu minimieren"
presidio_de_core_news_lg,1292,PRIVATE_URL,260,271,outlook.com,overlaps_other_reference_label,EMAIL,inär Nebels geliefert. Weitere Informationen erhalten Medienvertreter unter der E‑Mail AC@outlook.com oder telefonisch unter 038-9813179 .
presidio_de_core_news_lg,1294,PRIVATE_URL,656,670,protonmail.com,overlaps_other_reference_label,EMAIL,"rnehmung der betroffenen Bevölkerung zu erfassen. Die Befragung wird sowohl online (via V@protonmail.com) als auch in Papierform (Adresse: Schwindstraße 8, 5020 Innsbruck) bereitgestellt. Weiter"
presidio_de_core_news_lg,1295,PRIVATE_URL,694,706,tutanota.com,overlaps_other_reference_label,EMAIL,"nken. Verantwortlich für das Projekt ist Zeliko Endters, deren E‑Mail‑Kontakt lautet 20SD@tutanota.com; Telefonisch erreichbar unter 014361416-2669. Weitere Informationen, inklusive einer PDF‑"
presidio_de_core_news_lg,1300,PRIVATE_URL,237,246,yahoo.com,overlaps_other_reference_label,EMAIL,"tionen benötigen, kontaktieren Sie bitte Frau Barlin Leonetti Dzeljadini per E‑Mail an BC@yahoo.com oder telefonisch unter 0143 801586576."
presidio_de_core_news_lg,1304,PRIVATE_URL,260,269,gmail.com,overlaps_other_reference_label,EMAIL,en Ihnen unser Koordinator Rajmund Jeyarajah unter +10.93-750 7261 oder per Mail an 28GRW@gmail.com zur Verfügung.
presidio_de_core_news_lg,1305,PRIVATE_URL,335,346,hotmail.com,overlaps_other_reference_label,EMAIL,"34-9654190
Adresse: Traisengasse 50c, 4040 Innsbruck Reichenau
Kontakt‑E‑Mail: allsuchoms@hotmail.com
Telefon: 0043-53938 4691
Unterschrift des Erziehungsberechtigten: ______________________"
presidio_de_core_news_lg,1307,PRIVATE_URL,437,448,hotmail.com,overlaps_other_reference_label,EMAIL,"nline‑Formular und geben Sie Ihre Kontaktdaten an: Name (Hadji Follens), E‑Mail (matneghe@hotmail.com), Telefon (+41-49 556 7518) sowie Ihr Geburtsdatum (20/01/2021). Für Teilnehmerinnen und "
presidio_de_core_news_lg,1309,PRIVATE_URL,271,280,yahoo.com,overlaps_other_reference_label,EMAIL,ung erfolgt bis spätestens zum 5. September 2014 und wir informieren Sie per E‑Mail an AB@yahoo.com.
presidio_de_core_news_lg,1311,PRIVATE_URL,268,279,hotmail.com,overlaps_other_reference_label,EMAIL,"u den derzeitigen Datenquellen.
Bitte senden Sie die vollständige Aufstellung an vikonrad@hotmail.com und bestätigen Sie Ihre Verfügbarkeit für ein Gespräch unter der Nummer +433 974-451.2393"
presidio_de_core_news_lg,1313,PRIVATE_URL,43,52,yahoo.com,overlaps_other_reference_label,EMAIL,"Bitte senden Sie Ihre Rückmeldung an 1984N@yahoo.com oder rufen Sie uns unter 1988.752-5831 an; die Korrespondenzadresse lautet Seestraße 1, 6"
presidio_de_core_news_lg,1315,PRIVATE_URL,281,288,aol.com,overlaps_other_reference_label,EMAIL,nnen leider nicht mehr berücksichtigt werden. Bei Unklarheiten melden Sie sich bitte an G@aol.com. Wir zählen auf Ihre pünktliche Mitarbeit. Vielen Dank für Ihr Engagement.
presidio_de_core_news_lg,1316,PRIVATE_URL,295,304,yahoo.com,overlaps_other_reference_label,EMAIL,"Jahreszeit. Wenn Sie weitere Anregungen benötigen, erreichen Sie mich jederzeit unter G16@yahoo.com oder telefonisch unter 06 7779.3849. Ich freue mich auf die nächsten kreativen Beiträge. "
presidio_de_core_news_lg,1317,PRIVATE_URL,130,144,protonmail.com,overlaps_other_reference_label,EMAIL,hnitzel‑Rezept verspricht eine knusprige goldene Kruste und kann bequem per E‑Mail an CDB@protonmail.com angefordert werden.
presidio_de_core_news_lg,1322,PRIVATE_URL,215,227,tutanota.com,overlaps_other_reference_label,EMAIL,"lechtsfluid
Adresse: Almgasse 14
Postleitzahl: 6080
Stadt: Wien Brigittenau
E‑Mail: V1939@tutanota.com
Telefon: (13).1550 4894
Ausweisnummer: 22827427
Steuernummer: 04-7911303

Bitte unterschr"
presidio_de_core_news_lg,1328,PRIVATE_URL,321,333,tutanota.com,overlaps_other_reference_label,EMAIL,"et. Wir senden Ihnen in den nächsten Tagen eine Bestätigung an Ihre E‑Mail-Adresse (T1971@tutanota.com) und freuen uns, Sie bald zu einer unserer nächsten Aktivitäten begrüßen zu dürfen."
presidio_de_core_news_lg,1329,PRIVATE_URL,269,278,gmail.com,overlaps_other_reference_label,EMAIL,wicklungszentrum in Innsbruck entwickelt wurden. Bitte senden Sie Ihre Rückmeldung an GDK@gmail.com oder rufen Sie uns unter +4395-201.3456 an.
presidio_de_core_news_lg,1331,PRIVATE_URL,402,411,gmail.com,overlaps_other_reference_label,EMAIL, Sie Unstimmigkeiten sofort an die Hotline unter 0029 10-898 6466 oder per E‑Mail an 20SJ@gmail.com.
presidio_de_core_news_lg,1331,PRIVATE_URL,209,216,aol.com,overlaps_other_reference_label,EMAIL, über die firmeneigene Plattform erfolgen müssen. Jeder Teilnehmer muss sich mit seiner E@aol.com authentifizieren und eine aktuelle JCCP36R3O4 als zusätzlichen Faktor hinterlegen. Bitte 
presidio_de_core_news_lg,1332,PRIVATE_URL,335,346,hotmail.com,overlaps_other_reference_label,EMAIL,"thofweg mit der Postleitzahl 5020. Bitte bestätigen Sie Ihre Teilnahme per E‑Mail an 10GL@hotmail.com und teilen Sie uns mit, ob Sie besondere Bedürfnisse haben, damit wir das Programm optima"
presidio_de_core_news_lg,1334,PRIVATE_URL,274,283,gmail.com,overlaps_other_reference_label,EMAIL,"line und dauert weniger als fünf Minuten. Bitte geben Sie Ihre E‑Mailadresse (zhihschalow@gmail.com) nur an, wenn Sie später an den Ergebnissen interessiert sind. Zusätzlich helfen uns Anga"
presidio_de_core_news_lg,1337,PRIVATE_URL,350,361,hotmail.com,overlaps_other_reference_label,EMAIL,"082741411 an. Senden Sie die vollständig ausgefüllten Daten bis zum August 18., 1971 an R@hotmail.com."
presidio_de_core_news_lg,1338,PRIVATE_URL,249,260,hotmail.com,overlaps_other_reference_label,EMAIL,echtigung zum Treuhandamt prüfen können; das ausgefüllte Dokument senden Sie bitte an M24@hotmail.com unter Angabe Ihres 7‑Jahre‑Alters und Ihres Geburtsdatums (30/09/2014).
presidio_de_core_news_lg,1339,PRIVATE_URL,209,223,protonmail.com,overlaps_other_reference_label,EMAIL,"inklusive seiner Geburtsdaten (14/01/1984) und seines Alters (82), werden per E‑Mail an L@protonmail.com gesendet."
presidio_de_core_news_lg,1342,PRIVATE_URL,165,174,yahoo.com,overlaps_other_reference_label,EMAIL," Bericht enthält ein Deckblatt mit den Kontaktdaten: Dahabo Dorothéa Tulchynska, E‑Mail P@yahoo.com, Telefon 05.5391-6158. Alle Daten wurden gemäß Datenschutzrichtlinien anonymisiert."
presidio_de_core_news_lg,1343,PRIVATE_URL,364,371,aol.com,overlaps_other_reference_label,EMAIL, am Pichlerstraße 22 in Wien Leopoldstadt Praktika absolvierten und tauschten ihre camarc@aol.com Kontakte aus.
presidio_de_core_news_lg,1345,PRIVATE_URL,485,499,protonmail.com,overlaps_other_reference_label,EMAIL,"rten Daten finden Sie im Anhang, und ich freue mich auf Ihr Feedback per E‑Mail an tduboc@protonmail.com. Für Rückfragen stehe ich Ihnen gern telefonisch unter (55)-3035.2443 zur Verfügung. Mit "
presidio_de_core_news_lg,1347,PRIVATE_URL,183,194,outlook.com,overlaps_other_reference_label,EMAIL,mer 77 in Innsbruck Pradl das Spielerlebnis beeinflusst; Rückfragen senden Sie bitte an A@outlook.com.
presidio_de_core_news_lg,1349,PRIVATE_URL,90,101,outlook.com,overlaps_other_reference_label,EMAIL,"Sehr geehrte(r) Meister Kjemal Ernez Weibel-Gasser Zeghal, wir benötigen Ihre aktuelle SB@outlook.com für den Versand der Projektunterlagen. Bitte fügen Sie außerdem die Kopie Ihres 0FGQ8IVC6"
presidio_de_core_news_lg,1350,PRIVATE_URL,55,62,aol.com,overlaps_other_reference_label,EMAIL,"Bitte senden Sie Ihre Kostüm‑Entwürfe per E‑Mail an XK@aol.com und fügen Sie ein Foto Ihrer aktuellen Garderobe hinzu, damit wir Matejas und das Team be"
presidio_de_core_news_lg,1352,PRIVATE_URL,301,315,protonmail.com,overlaps_other_reference_label,EMAIL,"alausweis‑Nr.: 26837695
Führerschein‑Nr.: XK8TACEGQ5
Steuer‑ID: 58-6930096
E‑Mail: roglas@protonmail.com
Telefon: +46-47 660.0494
Bitte kreuzen Sie an, ob Sie Kunstwerke aus folgenden Bereichen "
presidio_de_core_news_lg,1353,PRIVATE_URL,791,805,protonmail.com,overlaps_other_reference_label,EMAIL,"B@yahoo.com)

Bitte senden Sie den ausgefüllten Fragebogen bis zum August/18 an ilierenle@protonmail.com. Danke für Ihre Mitarbeit!"
presidio_de_core_news_lg,1353,PRIVATE_URL,703,712,yahoo.com,overlaps_other_reference_label,EMAIL,"__________
7. Ihre E‑Mail-Adresse für Rückfragen: ____________________________ (z. B. MSB@yahoo.com)

Bitte senden Sie den ausgefüllten Fragebogen bis zum August/18 an ilierenle@protonmail."
presidio_de_core_news_lg,1356,PRIVATE_URL,228,237,gmail.com,overlaps_other_reference_label,EMAIL,"-Geister / Geschlecht (biologisch): Männlich
4. Kontakt: Telefon +4335509 4144, E‑Mail MB@gmail.com
5. Anschrift: Morzger Straße 37, 5020 Wien
6. Führerschein‑Nr.: BE9G39L240
7. Sozialversi"
presidio_de_core_news_lg,1362,PRIVATE_URL,460,469,yahoo.com,overlaps_other_reference_label,EMAIL,ie Einrichtung Ihres Zugangs benötigen wir außerdem Ihre geschäftliche E‑Mailadresse (ASW@yahoo.com) und Ihre Telefonnummer (014.873-2923). Ihr Startdatum ist der 15. September 2000 und wir
presidio_de_core_news_lg,1363,PRIVATE_URL,255,267,tutanota.com,overlaps_other_reference_label,EMAIL,"067, 6020 Linz Neue Welt erfolgreich ist; bitte bestätigen Sie per E‑Mail an karstkarizad@tutanota.com oder telefonisch unter +43 752-843.2535."
presidio_de_core_news_lg,1365,PRIVATE_URL,441,452,outlook.com,overlaps_other_reference_label,EMAIL,"renwerte über 10.000 €.

Bitte beachten Sie, dass alle Anfragen per E‑Mail an shkrmohidin@outlook.com zu richten sind und Rückfragen telefonisch unter +114.60 141-4930 geklärt werden können. "
presidio_de_core_news_lg,1366,PRIVATE_URL,596,607,outlook.com,overlaps_other_reference_label,EMAIL,"s: Notieren Sie alle Angaben im System, senden Sie das Protokoll per E‑Mail an ogancarcík@outlook.com und bedanken Sie sich höflich."
presidio_de_core_news_lg,1369,PRIVATE_URL,363,375,tutanota.com,overlaps_other_reference_label,EMAIL,1164 EUR liegt. Bitte bestätigen Sie Ihr Interesse bis zum 20. April 1946 per E‑Mail an H@tutanota.com oder telefonisch unter +03-57.358-1888.
presidio_de_core_news_lg,1370,PRIVATE_URL,1129,1140,hotmail.com,overlaps_other_reference_label,EMAIL,__ und senden Sie das ausgefüllte Formular bis spätestens September/61 an die Adresse J50@hotmail.com.
presidio_de_core_news_lg,1370,PRIVATE_URL,289,300,outlook.com,overlaps_other_reference_label,EMAIL,"Geschlecht (Sex): F
   - Geschlechtsidentität: Weiblich
2. Kontaktdaten:
   - E‑Mail: 11W@outlook.com
   - Telefon: 05 39-59-22-66
   - Adresse: Kärntner Straße 55, 8010 Innsbruck
3. Identifi"
presidio_de_core_news_lg,1377,PRIVATE_URL,247,259,tutanota.com,overlaps_other_reference_label,EMAIL,"zten Inseln vegane Mahlzeiten angeboten werden? Meine Kontaktdaten: 05-5061 6132, suplaci@tutanota.com.
Danke und beste Grüße,
Selia Klavdiya"
presidio_de_core_news_lg,1378,PRIVATE_URL,392,403,hotmail.com,overlaps_other_reference_label,EMAIL,lle Steuer‑Identifikationsnummer (08-3442063) bis zum 1951-08-02T00:00:00 per E‑Mail an S@hotmail.com.
presidio_de_core_news_lg,1379,PRIVATE_URL,244,255,hotmail.com,overlaps_other_reference_label,EMAIL,"aße 5 startet.
Bitte bestätigen Sie Ihre Teilnahme bis zum September/09 per E‑Mail an 06Y@hotmail.com oder telefonisch unter +6.175.819 7074.
Für die Sicherheitsüberprüfung benötigen wir Ihre"
presidio_de_core_news_lg,1380,PRIVATE_URL,638,649,outlook.com,overlaps_other_reference_label,EMAIL,"ldstraße in Innsbruck-Land; bitte sendet die finalen Unterlagen bis zum 10/11/2014 an RWP@outlook.com."""
presidio_de_core_news_lg,1382,PRIVATE_URL,288,302,protonmail.com,overlaps_other_reference_label,EMAIL,"ifizierst (Zwei-Geister) und sende uns bei Rückfragen deine aktuelle E‑Mail-Adresse (CM27@protonmail.com). Für die finale Auswertung benötigen wir außerdem deine Postleitzahl (8010), damit wir m"
presidio_de_core_news_lg,1383,PRIVATE_URL,249,263,protonmail.com,overlaps_other_reference_label,EMAIL,"ät: Männlich
Adresse: Obere Augartenstraße 9, 8020 Wien
Telefon: 8002.400-4993
E‑Mail: CE@protonmail.com

Lehre: „Gewaltlosigkeit ist nicht nur ein moralischer, sondern ein praktischer Ansatz fü"
presidio_de_core_news_lg,1384,PRIVATE_URL,140,149,yahoo.com,overlaps_other_reference_label,EMAIL,Käufer: Rakia Schnetter\nGeburtsdatum: 10. Januar 1990\nGeschlecht: M\nE‑Mail: elzanjuban@yahoo.com\nTelefon: 06016.809319\n\nLieferadresse:\nEdlbacherstraße 19\n1030 Graz\n\nProduktdetails
presidio_de_core_news_lg,1385,PRIVATE_URL,815,822,aol.com,overlaps_other_reference_label,EMAIL,"hren. Für weitere Fragen erreichen Sie uns unter 0081-380-039 0385 oder per E‑Mail an O57@aol.com.

Mit sportlichen Grüßen,"
presidio_de_core_news_lg,1385,PRIVATE_URL,383,394,outlook.com,overlaps_other_reference_label,EMAIL,"resse lautet: Posthofstraße 47A, 1070 Graz; bitte bestätigen Sie Ihre E‑Mail schaporporin@outlook.com und Telefonnummer (471).5337951 für Notfälle. Zusätzlich sollten Sie Ihr Geburtsdatum Jan"
presidio_de_core_news_lg,1386,PRIVATE_URL,545,552,aol.com,overlaps_other_reference_label,EMAIL,üro der öffentlichen Kunst (6072 Salzburg Schallmoos) oder die E‑Mail-Adresse lindimauras@aol.com zur Verfügung.
presidio_de_core_news_lg,1392,PRIVATE_URL,142,153,outlook.com,overlaps_other_reference_label,EMAIL,"Rajenthiran Toprak Boma, geboren am 15/10/1983 (M), teilen Sie uns Ihre E‑Mail-Adresse (H@outlook.com) und Ihre Postleitzahl (4040) mit, damit wir Ihre personalisierten HUD‑Einstellungen spei"
presidio_de_core_news_lg,1393,PRIVATE_URL,306,315,yahoo.com,overlaps_other_reference_label,EMAIL,"1452257970
Zahlungsfrist bis zum Oktober 22., 2016.
Bei Fragen wenden Sie sich bitte an A@yahoo.com oder rufen Sie unter 087.6331.9353 an."
presidio_de_core_news_lg,1394,PRIVATE_URL,343,352,yahoo.com,overlaps_other_reference_label,EMAIL,ll kontaktieren Sie bitte die Hotline unter 05844 31311  oder senden Sie eine E‑Mail an R@yahoo.com.
presidio_de_core_news_lg,1398,PRIVATE_URL,314,325,hotmail.com,overlaps_other_reference_label,EMAIL,"6. Telefonnummer: +43-08131.1143
Bitte senden Sie das ausgefüllte Formular an dadominioni@hotmail.com."
presidio_de_core_news_lg,1398,PRIVATE_URL,212,223,hotmail.com,overlaps_other_reference_label,EMAIL," Standort des Fundes: Akademiestraße 20, 6020 Graz Geidorf Geidorf
5. Kontakt‑E‑Mail: WBE@hotmail.com
6. Telefonnummer: +43-08131.1143
Bitte senden Sie das ausgefüllte Formular an dadominioni"
presidio_de_core_news_lg,1399,PRIVATE_URL,727,741,protonmail.com,overlaps_other_reference_label,EMAIL,"zu schützen. Abschließend bat Bgm Letka um die Zusendung von Kontaktdaten per E‑Mail an L@protonmail.com und um Bestätigung der Teilnahme bis zum September 25., 2015."
presidio_de_core_news_lg,1400,PRIVATE_URL,553,564,hotmail.com,overlaps_other_reference_label,EMAIL,"ntuelle Diät‑Einschränkungen bis zum 15/02/1952 an, indem Sie eine kurze Nachricht an V13@hotmail.com senden. Für Fragen erreichen Sie uns unter 035 2596 8574 oder direkt bei Aurèle Malathy A"
presidio_de_core_news_lg,1401,PRIVATE_URL,683,692,gmail.com,overlaps_other_reference_label,EMAIL,"ird an die Kooperationspartner, einschließlich der Behörde für Naturschutz (Kontakt: 83EB@gmail.com), gesendet."
presidio_de_core_news_lg,1403,PRIVATE_URL,249,258,yahoo.com,overlaps_other_reference_label,EMAIL," Bitte überweisen Sie den Betrag auf das Konto, das wir Ihnen per E‑Mail an masumritzenth@yahoo.com zugesandt haben."
presidio_de_core_news_lg,1404,PRIVATE_URL,155,162,aol.com,overlaps_other_reference_label,EMAIL,"burtsdatum und Ihre Kontaktdaten: Edonit Zuchart, geboren am 6. Januar 1969; E‑Mail: NGPF@aol.com; Telefon: +10 414-013-5378. Bitte geben Sie Ihre Anschrift an: Naglergasse 104, 1010 Wien"
presidio_de_core_news_lg,1407,PRIVATE_URL,265,274,gmail.com,overlaps_other_reference_label,EMAIL,an. Das System bestätigte die Registrierung und sendete ein Willkommens‑Mail an rinabenha@gmail.com.
presidio_de_core_news_lg,1408,PRIVATE_URL,1022,1036,protonmail.com,overlaps_other_reference_label,EMAIL," HR‑Portale ausgetauscht werden.

Für Rückfragen steht das Compensation‑Team unter UÇ1971@protonmail.com zur Verfügung."
presidio_de_core_news_lg,1410,PRIVATE_URL,188,199,hotmail.com,overlaps_other_reference_label,EMAIL,"vá
2. Geburtsdatum: Juni/16
3. Adresse: Schubertstraße 8, 5020 Graz
4. E‑Mail: gastonassi@hotmail.com – für Rückfragen erreichen Sie uns unter 037-370.5825."
presidio_de_core_news_lg,1412,PRIVATE_URL,157,171,protonmail.com,overlaps_other_reference_label,EMAIL,", ich habe die Unterlagen geprüft. Bitte schickt mir eure Bestätigung per E‑Mail an tde d@protonmail.com bis zum April/00. Bei Fragen erreicht ihr mich unter +43-45320.6469."
presidio_de_core_news_lg,1413,PRIVATE_URL,285,297,tutanota.com,overlaps_other_reference_label,EMAIL,"Straße 1763 abkühlen lassen können; schreiben Sie uns dazu eine Bestätigung an topeuckert@tutanota.com. Vergessen Sie nicht, die Kontaktdaten von Herr Momeni zu hinterlegen, falls Sie während "
presidio_de_core_news_lg,1416,PRIVATE_URL,376,383,aol.com,overlaps_other_reference_label,EMAIL,"9 und die Postleitzahl 5020 für zukünftige Anfragen. Für Rückfragen steht die E‑Mail LS18@aol.com zur Verfügung, und bei Bedarf kann das Originaldokument über die Referenznummer 35283915 "
presidio_de_core_news_lg,1417,PRIVATE_URL,549,556,aol.com,overlaps_other_reference_label,EMAIL,zwecken verwendet werden darf und jede Weitergabe eine schriftliche Genehmigung von 44RBW@aol.com erfordert.
presidio_de_core_news_lg,1421,PRIVATE_URL,276,288,tutanota.com,overlaps_other_reference_label,EMAIL,"nke an alle Unterstützer, insbesondere an Shevki Zwettler für das Coaching und an najossa@tutanota.com für die Koordination."
presidio_de_core_news_lg,1423,PRIVATE_URL,202,213,hotmail.com,overlaps_other_reference_label,EMAIL,"949-01-17T00:00:00 einzuladen, bitte bestätigen Sie Ihre Teilnahme per E‑Mail an elahyani@hotmail.com.'"
presidio_de_core_news_lg,1424,PRIVATE_URL,233,247,protonmail.com,overlaps_other_reference_label,EMAIL,"bgewickelt wird, wobei die Kontaktdaten des Ansprechpartners 0122-02893785 und armaillard@protonmail.com lauten."
presidio_de_core_news_lg,1426,PRIVATE_URL,186,197,outlook.com,overlaps_other_reference_label,EMAIL,"ben:
   Vorname: Eesa Bless
   Nachname: Barquera Ongu
   Anrede: Dr
   E‑Mail: ghfermino@outlook.com
   Telefon: +42-042.060-5909

2. Adresse:
   Straße und Hausnummer: Andreas Hofer Weg 951"
presidio_de_core_news_lg,1426,PRIVATE_URL,864,876,tutanota.com,overlaps_other_reference_label,EMAIL,"

Bitte senden Sie das ausgefüllte Formular bis spätestens 06/11/1977 per E‑Mail an C1950@tutanota.com oder per Post an die oben genannte Adresse. Wir bestätigen Ihnen Ihre Teilnahme innerhalb"
presidio_de_core_news_lg,1430,PRIVATE_URL,134,143,gmail.com,overlaps_other_reference_label,EMAIL,r“: Kentin Laid Ansbro; Feld „Geburtsdatum“: 10/09/1954; Feld „Kontakt‑E‑Mail“: sanüssler@gmail.com; Feld „Telefon“: +717-147-763 3606.
presidio_de_core_news_lg,1431,PRIVATE_URL,220,229,yahoo.com,overlaps_other_reference_label,EMAIL,"r, bitte reichen Sie alle Belege bis zum 31. März ein und senden Sie eine Übersicht an 8N@yahoo.com; Ihre Steuer-ID ist 80-2312000."
presidio_de_core_news_lg,1433,PRIVATE_URL,448,455,aol.com,overlaps_other_reference_label,EMAIL,"d im Anhang zusammengefasst. Bitte prüfen Sie die Punkte, senden Sie Ihre Kommentare an M@aol.com und bestätigen Sie den Erhalt bis zum 1976-07-15T00:00:00 unter Angabe Ihrer 79097447."
presidio_de_core_news_lg,1437,PRIVATE_URL,477,484,aol.com,overlaps_other_reference_label,EMAIL,"rstellen zu können, senden wir Ihnen gern unser ausführliches Pitch‑Deck per E‑Mail an SÇ@aol.com. Der offizielle Starttermin ist der 28. September 1986."
presidio_de_core_news_lg,1438,PRIVATE_URL,227,236,gmail.com,overlaps_other_reference_label,EMAIL,"op‑Up‑Store-Design erarbeiten. Bitte bestätigen Sie Ihre Teilnahme per E‑Mail an abdthauv@gmail.com oder telefonisch unter +4365627.0724 bis spätestens zum September 6., 2013. Wir freuen un"
presidio_de_core_news_lg,1440,PRIVATE_URL,382,393,hotmail.com,overlaps_other_reference_label,EMAIL,Festes für die Gemeinschaft beschreibt; das Dokument enthält außerdem die Kontaktdaten JO@hotmail.com und +27-30 745 2777 für Rückfragen.
presidio_de_core_news_lg,1441,PRIVATE_URL,270,279,gmail.com,overlaps_other_reference_label,EMAIL,"e bis zum 07/05/1994 die aktuellen Messdaten des Felsens an meine E‑Mailadresse flhapuoja@gmail.com. Die Daten sollten die Koordinaten (Latitude/Longitude), das Vermessungsdatum und eine ku"
presidio_de_core_news_lg,1442,PRIVATE_URL,260,267,aol.com,overlaps_other_reference_label,EMAIL," Androgyn
Adresse: Kerschbuchhofweg 6, 5020 Wien KG Landstraße KG Landstraße
E‑Mail: CD15@aol.com
Telefon: 3490-202-7029
Sozialversicherungsnummer: 0165 820207
Steuer ID: 59-2230424
Reise"
presidio_de_core_news_lg,1447,PRIVATE_URL,155,162,aol.com,overlaps_other_reference_label,EMAIL,"mmer: 4582 520228

Geburtsdatum: 16/03/1988

Biologisches Geschlecht: F

Kontaktmail: 23P@aol.com"
presidio_de_core_news_lg,1449,PRIVATE_URL,475,486,hotmail.com,overlaps_other_reference_label,EMAIL,"nd anonymisiert gespeichert. Zusätzlich benötigen wir Ihre aktuelle E‑Mail‑Adresse (1983A@hotmail.com), damit wir Ihnen die Ergebnisse der Analyse zusenden können. Die Arbeitsplätze, die Sie "
presidio_de_core_news_lg,1451,PRIVATE_URL,48,55,aol.com,overlaps_other_reference_label,EMAIL,"Bitte senden Sie Ihre Bestellbestätigung per AT@aol.com und geben Sie Ihre 1307 sowie 6020 an, damit wir den Throw nach Graz Geidorf Geidorf lief"
presidio_de_core_news_lg,1453,PRIVATE_URL,345,357,tutanota.com,overlaps_other_reference_label,EMAIL,stellvolumen. Bitte prüfen Sie die beigefügten Ergebnisse und melden Sie Rückfragen an AL@tutanota.com.
presidio_de_core_news_lg,1454,PRIVATE_URL,209,220,hotmail.com,overlaps_other_reference_label,EMAIL,4/08/2025 in Wien (Postleitzahl 6020) verfasst; die Kontaktmöglichkeiten lauten E‑Mail: B@hotmail.com und Telefon: +77-804.005.6917. In der Einleitung wird das Alter des Hauptforschers mit 23
presidio_de_core_news_lg,1455,PRIVATE_URL,931,940,yahoo.com,overlaps_other_reference_label,EMAIL,"orscher seine jeweiligen Kontaktinformationen – insbesondere aktuelle E‑Mail-Adresse (PHA@yahoo.com) und Telefon (+4334.252.3151) – bis zum 30. April einreicht, damit das zentrale Datenmana"
presidio_de_core_news_lg,1458,PRIVATE_URL,356,365,gmail.com,overlaps_other_reference_label,EMAIL,"straße 3, erfolgt nun jede Stunde.
Falls Sie Fragen haben, kontaktieren Sie uns unter SYD@gmail.com oder telefonisch unter +8-16-025-2038."
presidio_de_core_news_lg,1459,PRIVATE_URL,183,190,aol.com,overlaps_other_reference_label,EMAIL,"thane, nehme euch mit auf eine virtuelle Surftour. Fragen? Schreiben Sie mir einfach an C@aol.com."
presidio_de_core_news_lg,1462,PRIVATE_URL,395,407,tutanota.com,overlaps_other_reference_label,EMAIL,"hlen, das nur 9020 Euro pro Nacht verlangt. Bei Interesse bitte eine kurze Nachricht an A@tutanota.com oder rufen Sie unter 0012.47 620.7350 an, damit wir die Gruppengröße festlegen können. De"
presidio_de_core_news_lg,1463,PRIVATE_URL,661,672,outlook.com,overlaps_other_reference_label,EMAIL,"asse 160
13. Postleitzahl: 4020

Bitte senden Sie das ausgefüllte Formular an aricarapina@outlook.com bis spätestens eine Woche vor dem geplanten Termin. Nach Eingang Ihrer Daten erhalten Sie"
presidio_de_core_news_lg,1464,PRIVATE_URL,211,220,yahoo.com,overlaps_other_reference_label,EMAIL,turmereignisses am März/39. Bitte übermitteln Sie Ihre aktuelle +0622544-7048 und imzrome@yahoo.com für Rückfragen. Die eingesetzten Sensoren werden an der Adresse Rathausgasse 580 in Innsb
presidio_de_core_news_lg,1466,PRIVATE_URL,200,209,yahoo.com,overlaps_other_reference_label,EMAIL," Plattenweg 7 in Innsbruck Vill ein. Bitte bestätigen Sie Ihre Teilnahme per E‑Mail an DM@yahoo.com bis zum September 28., 1961."
presidio_de_core_news_lg,1467,PRIVATE_URL,189,198,yahoo.com,overlaps_other_reference_label,EMAIL,s zum 1949-03-07T00:00:00 über deine Lieblingsspiele und Verbesserungsvorschläge an N1958@yahoo.com.
presidio_de_core_news_lg,1469,PRIVATE_URL,323,334,hotmail.com,overlaps_other_reference_label,EMAIL,6161 Innsbruck Hungerburg. Bitte bestätigen Sie Ihre Teilnahme per E‑Mail an electrbujara@hotmail.com und geben Sie dabei Ihr Alter (54) sowie Ihr biologisches Geschlecht (Männlich) an. Für d
presidio_de_core_news_lg,1470,PRIVATE_URL,457,468,hotmail.com,overlaps_other_reference_label,EMAIL,"ng durchführen. Für die Buchung benötigen wir zudem Ihre Kontaktdaten: E‑Mail ittahaubenr@hotmail.com und Telefon 011076564-6327.
Zur Bestätigung Ihrer Teilnahme teilen Sie uns bitte Ihr Gebu"
presidio_de_core_news_lg,1477,PRIVATE_URL,105,114,gmail.com,overlaps_other_reference_label,EMAIL,"e Ihre Daten, einschließlich Geschlechterqueer, 2005-05-13T00:00:00 und 1575 910928, an M@gmail.com, um an der Initiative zur Gleichstellung in der Medizin teilzunehmen."
presidio_de_core_news_lg,1482,PRIVATE_URL,175,190,www.example.com,url_like_without_reference,,ruck Pradl! Freue dich auf exklusive Badges und wöchentliche Challenges. Mehr Infos unter www.example.com.'
presidio_de_core_news_lg,1486,PRIVATE_URL,163,174,outlook.com,overlaps_other_reference_label,EMAIL,"Server Linz Volksgartenviertel Volksgartenviertel; verantwortlicher Account: cyansriruban@outlook.com (Alter: 18 Jahre, Geschlecht: Nicht-binär)."
presidio_de_core_news_lg,1489,PRIVATE_URL,162,171,yahoo.com,overlaps_other_reference_label,EMAIL,"m Zeitbank‑Projekt in Salzburg Altstadt. Bitte senden Sie Ihre Kontaktdaten, inkl. rguggi@yahoo.com und 06348-256283, damit wir Sie für zukünftige Tausch‑ und Hilfsaktionen eintragen können"
presidio_de_core_news_lg,1490,PRIVATE_URL,346,357,outlook.com,overlaps_other_reference_label,EMAIL,"eichtern, benötigen wir Ihre Rückmeldung bis zum Oktober 15., 1973 per E‑Mail an shkobelt@outlook.com."
presidio_de_core_news_lg,1491,PRIVATE_URL,332,346,protonmail.com,overlaps_other_reference_label,EMAIL,endet. Bitte bestätigen Sie den Erhalt mit einer kurzen Nachricht an 038-7223.6241 oder J@protonmail.com.
presidio_de_core_news_lg,1492,PRIVATE_URL,51,58,aol.com,overlaps_other_reference_label,EMAIL,"E‑Mail: Remote‑Device‑Management‑Anfrage

Von: 51K@aol.com
An: sarisivapunn@yahoo.com
Betreff: Anfrage zu Remote‑Device‑Management‑Richtlinien

Hall"
presidio_de_core_news_lg,1492,PRIVATE_URL,76,85,yahoo.com,overlaps_other_reference_label,EMAIL,"E‑Mail: Remote‑Device‑Management‑Anfrage

Von: 51K@aol.com
An: sarisivapunn@yahoo.com
Betreff: Anfrage zu Remote‑Device‑Management‑Richtlinien

Hallo Herr Karbacher,

ich habe"
presidio_de_core_news_lg,1495,PRIVATE_URL,303,315,tutanota.com,overlaps_other_reference_label,EMAIL,"lnen Posten haben, kontaktieren Sie uns bitte unter 0143-69 726-5664 oder per E‑Mail an K@tutanota.com. Wir freuen uns auf eine weiterhin erfolgreiche Partnerschaft."
presidio_de_core_news_lg,1496,PRIVATE_URL,75,82,aol.com,overlaps_other_reference_label,EMAIL,Für Rückfragen zur Logistik können Sie sich an Pane Nyikus Tapfer unter LK@aol.com oder telefonisch unter +43.821226710 wenden.
presidio_de_core_news_lg,1499,PRIVATE_URL,398,412,protonmail.com,overlaps_other_reference_label,EMAIL,"ummer: 62-8995905
Ausweis‑Nr.: 81958464
Bitte senden Sie das ausgefüllte Formular an HMPH@protonmail.com."
presidio_de_core_news_lg,1499,PRIVATE_URL,221,232,hotmail.com,overlaps_other_reference_label,EMAIL,"ter: 18
Geschlecht (Biologisch): F
Geschlechtsidentität: Geschlechterqueer
E‑Mail: LH1951@hotmail.com
Telefon: 095 014.5130
Adresse: Rudolfsbahngürtel 1527, 5020 Götzens
Steuernummer: 62-8995"
presidio_de_core_news_lg,1501,PRIVATE_URL,462,473,outlook.com,overlaps_other_reference_label,EMAIL,"schlägt er vor, dass alle Versicherer ihre Kundenkommunikation über +4392530-1586 und BBM@outlook.com bis zum Februar/58 zentralisieren, um Servicequalität und Nachverfolgbarkeit zu erhöhen."
presidio_de_core_news_lg,1503,PRIVATE_URL,213,224,outlook.com,overlaps_other_reference_label,EMAIL,"eschlechterqueer / F
Adresse: Riesenhofstraße 34, 5020 Wien Mariahilf
Kontakt: E‑Mail MZA@outlook.com, Telefon +153-82-437 5599
Steuer‑ID: 43-9850813
Bitte unterschreiben Sie mit Ihrem Namen "
presidio_de_core_news_lg,1505,PRIVATE_URL,411,420,gmail.com,overlaps_other_reference_label,EMAIL,latzhalter) und Ihre Steueridentifikationsnummer 23-7593426 hinzu. Fragen können Sie an N@gmail.com richten.
presidio_de_core_news_lg,1508,PRIVATE_URL,111,120,yahoo.com,overlaps_other_reference_label,EMAIL,"den Sie Ihre Weihnachtskarte bis spätestens zum Oktober 5., 1980 an Artijola (E‑Mail: SLH@yahoo.com, Telefon: +00-31-484 0171), damit wir alle Beiträge rechtzeitig zusammenstellen können."
presidio_de_core_news_lg,1510,PRIVATE_URL,355,369,protonmail.com,overlaps_other_reference_label,EMAIL,ches Geschlecht (Männlich) und bestätigen bitte Ihre Kontaktdaten per E‑Mail an fnägelein@protonmail.com. Ihr erster Termin ist für den 05/04/1953 im Gesundheitszentrum Graz vorgesehen.
presidio_de_core_news_lg,1511,PRIVATE_URL,502,513,hotmail.com,overlaps_other_reference_label,EMAIL,"
Bitte senden Sie das ausgefüllte Formular bis zum 17. Oktober 1965 per E‑Mail an 1988RD@hotmail.com zurück. Wir bestätigen den Eingang umgehend und erstellen Ihnen ein individuelles Angebot"
presidio_de_core_news_lg,1511,PRIVATE_URL,250,261,outlook.com,overlaps_other_reference_label,EMAIL,"3. Geburtsdatum: 2003-09-22T00:00:00
4. Geschlecht: Transgender
5. E‑Mail: normanramajo@outlook.com
6. Telefon: +766 735 164.3946
7. Gewünschte Schwanz‑Länge (cm): ______
8. Stoffauswahl"
presidio_de_core_news_lg,1512,PRIVATE_URL,892,903,outlook.com,overlaps_other_reference_label,EMAIL,"orhanden, das K7655690 mit. Für Rückfragen erreichst Du mich jederzeit per E‑Mail unter M@outlook.com oder telefonisch unter 016.564.665 4691. Ich freue mich auf unser Gespräch und darauf, ge"
presidio_de_core_news_lg,1513,PRIVATE_URL,781,790,gmail.com,overlaps_other_reference_label,EMAIL,"____________________ (1996-06-10T00:00:00)\n\nBitte senden Sie dieses Formular an 1967DMM@gmail.com oder per Post an:\nSchießstattweg 12\n9020 Linz Franckviertel Franckviertel, Österreich.\"
presidio_de_core_news_lg,1513,PRIVATE_URL,246,257,hotmail.com,overlaps_other_reference_label,EMAIL, _______ Jahre (65)\nGeschlecht: _______ (Weiblich)\nE‑Mail: _______________________ (CPA@hotmail.com)\nTelefon: _______________________ (089.3352-6043)\n\n1. Wie oft üben Sie Ihre Monologe p
presidio_de_core_news_lg,1514,PRIVATE_URL,269,283,protonmail.com,overlaps_other_reference_label,EMAIL,"test du bitte deine Verfügbarkeit am Januar 22., 1944 prüfen und mir das Ergebnis per N02@protonmail.com zurücksenden?"
presidio_de_core_news_lg,1515,PRIVATE_URL,365,379,protonmail.com,overlaps_other_reference_label,EMAIL,"r Männergesundheitsforschung zu verbinden. Interessierte können sich per E‑Mail an 2017JM@protonmail.com oder telefonisch unter 03-94-73-18 07 anmelden. Die Teilnahme ist kostenfrei, jedoch ist "
presidio_de_core_news_lg,1516,PRIVATE_URL,173,185,tutanota.com,overlaps_other_reference_label,EMAIL,"ustellen, das am April/86 veröffentlicht wird. Bitte senden Sie Ihre besten Fotos an 18AB@tutanota.com und geben Sie dabei Ihre 41745001 sowie das Geburtsdatum 1969-05-12T00:00:00 an, damit wi"
presidio_de_core_news_lg,1518,PRIVATE_URL,354,368,protonmail.com,overlaps_other_reference_label,EMAIL,"igt, wie wichtig Wertschätzung im Team ist. Für Rückfragen erreichst du mich unter BP2026@protonmail.com oder telefonisch unter 0143-98 676-4988."""
presidio_de_core_news_lg,1519,PRIVATE_URL,174,185,outlook.com,overlaps_other_reference_label,EMAIL,"re Bewertung (1‑5), Anregungen und eventuelle Änderungen Ihrer Kontaktdaten (z. B. neue P@outlook.com oder 01439.78-297-6879) angeben können."
presidio_de_core_news_lg,1521,PRIVATE_URL,273,280,aol.com,overlaps_other_reference_label,EMAIL,am weiteres Wissen zu teilen – bei Fragen erreichen Sie uns jederzeit unter jasinmc nulty@aol.com oder +437.051 469.8681.
presidio_de_core_news_lg,1523,PRIVATE_URL,160,171,hotmail.com,overlaps_other_reference_label,EMAIL,"en Sparschwein‑App! Bitte geben Sie Ihren Namen (Azalia Maurício), Ihre E‑Mail-Adresse (C@hotmail.com) und Ihre aktuelle Stadt (Innsbruck Pradl Pradl) an. Beschreiben Sie kurz, welche Funktio"
presidio_de_core_news_lg,1524,PRIVATE_URL,414,421,aol.com,overlaps_other_reference_label,EMAIL,"771926) für die Teilnahmegebühr von 45 €. Bitte senden Sie die Daten verschlüsselt an NVH@aol.com.
Die Veranstaltung findet im Saal 3 der Kunstakademie in der Augarten 109 statt, Postleit"
presidio_de_core_news_lg,1530,PRIVATE_URL,54,68,protonmail.com,overlaps_other_reference_label,EMAIL,"Bitte senden Sie Ihre Kontaktdaten, einschließlich MM@protonmail.com und 0823-62747477, an die Touragentur, um das exklusive Ticket für die nächtliche Lichtsh"
presidio_de_core_news_lg,1532,PRIVATE_URL,595,609,protonmail.com,overlaps_other_reference_label,EMAIL,"5
Bitte unterschreiben Sie das Formular am Ende und senden Sie es per E‑Mail an esterbosn@protonmail.com zurück. Wir bestätigen den Eingang innerhalb von drei Werktagen.

Datum: 14/09/1983
Unter"
presidio_de_core_news_lg,1532,PRIVATE_URL,211,220,gmail.com,overlaps_other_reference_label,EMAIL," Damkham
   - Geburtsdatum: Juni 3., 1991
   - Alter: 76
2. Kontaktdaten
   - E‑Mail: R25@gmail.com
   - Telefon: 091-2003-2918
   - Anschrift: Sill-Vill Steig 34, 4040 Salzburg
3. Finanzin"
presidio_de_core_news_lg,1533,PRIVATE_URL,234,246,tutanota.com,overlaps_other_reference_label,EMAIL," spezifiziert; Anschrift: Torschauerweg 26, 5020 Salzburg; Kontaktdaten: E‑Mail malisigfa@tutanota.com, Telefon 0143305.327 7583. Wir benötigen ebenfalls Ihre Führerschein‑Nummer (348UD2LRD7) "
presidio_de_core_news_lg,1535,PRIVATE_URL,942,954,tutanota.com,overlaps_other_reference_label,EMAIL,"uns im Voraus für Ihre Unterstützung und stehen bei Rückfragen jederzeit per E‑Mail an LM@tutanota.com oder telefonisch unter +4309752 1061 zur Verfügung.

Mit freundlichen Grüßen,
Shada Maéli"
presidio_de_core_news_lg,1538,PRIVATE_URL,118,127,yahoo.com,overlaps_other_reference_label,EMAIL,"folios benötigen wir Ihre Steueridentifikationsnummer 75-9541722, Ihre E‑Mail‑Adresse GGS@yahoo.com und Telefonnummer 01444-62120  sowie Ihre aktuelle Wohnadresse Kraßniggstraße 4 in 4020 W"
presidio_de_core_news_lg,1539,PRIVATE_URL,456,463,aol.com,overlaps_other_reference_label,EMAIL,"‑Spezifischen Zielsetzungen bietet. Bitte bestätigen Sie Ihre Teilnahme per E‑Mail an GLv@aol.com oder telefonisch unter 0017-08.960 5654. Wir freuen uns, Sie dort zu sehen!"
presidio_de_core_news_lg,1542,PRIVATE_URL,209,218,yahoo.com,overlaps_other_reference_label,EMAIL,tungskordinator Damião Louis-Alexandre Zellmer unter +3.52 926.5102 oder per E‑Mail an SV@yahoo.com.
presidio_de_core_news_lg,1543,PRIVATE_URL,631,640,gmail.com,overlaps_other_reference_label,EMAIL,"ückfragen erreicht Ihr mich jederzeit unter +6.832 527-1543 oder per E‑Mail an suvadgehri@gmail.com.

Ich freue mich sehr darauf, dass wir gemeinsam Erinnerungen schaffen – und übrigens, ic"
presidio_de_core_news_lg,1544,PRIVATE_URL,64,73,yahoo.com,overlaps_other_reference_label,EMAIL,"Bitte übermitteln Sie ergänzende Informationen per E‑Mail an SG@yahoo.com oder rufen Sie uns unter 062 405.6654 an, damit wir das Risiko gemäß 08-3200404 vollständ"
presidio_de_core_news_lg,1545,PRIVATE_URL,128,139,outlook.com,overlaps_other_reference_label,EMAIL,"em hat am Dezember 9., 1994 eine neue Kreditauskunft von Ihrer E‑Mailadresse gerevythilin@outlook.com registriert, die Ihre Punktzahl beeinflussen könnte."
presidio_de_core_news_lg,1547,PRIVATE_URL,453,460,aol.com,overlaps_other_reference_label,EMAIL,"1-6358994) erforderlich. Bitte übermitteln Sie diese Informationen bis zum 10. April an A@aol.com – wir garantieren, dass alle Daten gemäß DSGVO behandelt werden."
presidio_de_core_news_lg,1548,PRIVATE_URL,264,271,aol.com,overlaps_other_reference_label,EMAIL,"sstandard zertifiziert sind.
Giosia Jomard (09:18): Ja, und ich habe gerade meine richekr@aol.com an den Asset‑Manager geschickt, um das Informationsblatt anzufordern. Brauche nur noch me"
presidio_de_core_news_lg,1551,PRIVATE_URL,508,519,hotmail.com,overlaps_other_reference_label,EMAIL,1 oder teilen Sie mir alternative Lösungsmöglichkeiten mit. Sie können mich unter lblakel@hotmail.com oder telefonisch unter +63 95026 9400 erreichen.
presidio_de_core_news_lg,1552,PRIVATE_URL,193,204,outlook.com,overlaps_other_reference_label,EMAIL,icher Praxis Ihre Herz‑Kohärenz zu steigern – melden Sie sich noch heute per E‑Mail an: C@outlook.com und erhalten Sie das Webinar‑Datum am 03/10/2021 in Salzburg.
presidio_de_core_news_lg,1553,PRIVATE_URL,203,214,hotmail.com,overlaps_other_reference_label,EMAIL,": 17/01/1978; Alter: 83; Geschlecht: M (bitte auswählen).
Kontaktinformationen: E‑Mail AP@hotmail.com; Telefon +43-709831696; Adresse: Stockbauernstraße 4, 8043 Linz Hafenviertel.
Währungsprä"
presidio_de_core_news_lg,1554,PRIVATE_URL,508,515,aol.com,overlaps_other_reference_label,EMAIL,"0:00:00 Muela: 'Einverstanden. Ich erstelle das Dokument und sende es an seine E‑Mail J01@aol.com bis spätestens 4. Dezember 2000.'
Januar 24., 2011 Hussein Santino: 'Perfekt, danke! Und "
presidio_de_core_news_lg,1557,PRIVATE_URL,59,68,yahoo.com,overlaps_other_reference_label,EMAIL,"Abschließend empfehlen wir, den Legacy Leader‑Report an FS@yahoo.com zu senden, wobei das Dokument das Erstellungsdatum 10/07/1950 trägt und alle relevanten D"
presidio_de_core_news_lg,1564,PRIVATE_URL,91,105,protonmail.com,overlaps_other_reference_label,EMAIL,ewsletter‑Teaser: Unser neues Projekt nutzt Altglas für Baustoffe – mehr Infos an mezylfi@protonmail.com oder telefonisch +43 75055-6224.
presidio_de_core_news_lg,1566,PRIVATE_URL,75,87,tutanota.com,overlaps_other_reference_label,EMAIL,"Bitte liefern Sie bis zum November/25 Ihre Kontaktdaten, insbesondere 12LD@tutanota.com und +4394.235 2935, an die Koordinatorin Türkân Mulero, um die Trainingslogistik zu optim"
presidio_de_core_news_lg,1570,PRIVATE_URL,128,135,aol.com,overlaps_other_reference_label,EMAIL,benötigen wir Ihre XEJQ18Y8OZ als Nachweis der Authentizität. Bitte senden Sie diese an F@aol.com und bestätigen Sie den Erhalt per Telefon unter +10.610-764-6184.
presidio_de_core_news_lg,1571,PRIVATE_URL,217,228,outlook.com,overlaps_other_reference_label,EMAIL,gie für Kernaufgaben haben; weitere Informationen erhalten Sie von Louai per E‑Mail (23LO@outlook.com) oder Telefon (01932.158.350-8873).
presidio_de_core_news_lg,1573,PRIVATE_URL,335,349,protonmail.com,overlaps_other_reference_label,EMAIL,"ohl F als auch Transgender Personen, und wir bitten um Rückmeldung per E‑Mail an prtzokas@protonmail.com oder Telefon 04350 39524 ."
presidio_de_core_news_lg,1574,PRIVATE_URL,347,356,gmail.com,overlaps_other_reference_label,EMAIL,"ch ist und deren Geschlechtsidentität Agender lautet. Bitte kontaktieren Sie uns unter SV@gmail.com oder telefonisch unter +43.573 625-2873, wenn Sie Fragen zu den Vorgaben für Ihren Stando"
presidio_de_core_news_lg,1575,PRIVATE_URL,338,349,outlook.com,overlaps_other_reference_label,EMAIL,"laubnis‑Nummer (9QXPERCBZ7) und deine Sozialversicherungs‑Nummer (3657 700213) an 1959SGS@outlook.com oder rufe die Personalabteilung unter 01431 14-956 3763 an. Diese Angaben helfen uns, die"
presidio_de_core_news_lg,1578,PRIVATE_URL,246,257,hotmail.com,overlaps_other_reference_label,EMAIL," Die Leitung übernimmt Bürgermeisterin Mithula Hancke, der Sie bei Fragen per E‑Mail an X@hotmail.com erreichen können. Die Veranstaltung wird durch das Kulturförderprogramm mit der Steueride"
presidio_de_core_news_lg,1580,PRIVATE_URL,297,308,hotmail.com,overlaps_other_reference_label,EMAIL,atenbank speichert jedes Profil mit eindeutiger Kennung 7298 090825 und E‑Mail-Adresse GA@hotmail.com. Alle Angaben werden ausschließlich zu Zwecken der Transparenz und Gesetzestreue verwende
presidio_de_core_news_lg,1583,PRIVATE_URL,473,487,protonmail.com,overlaps_other_reference_label,EMAIL,enehmigung. Meine Fahrerlaubnisnummer lautet M5RIPRN3FC und meine Kontaktdaten sind BWM08@protonmail.com sowie +431 67.353-0191.
presidio_de_core_news_lg,1584,PRIVATE_URL,496,505,yahoo.com,overlaps_other_reference_label,EMAIL,"rgerweg in den Bezirken 5020 und 6020.
Weitere Informationen erhalten Sie unter nbroekstr@yahoo.com oder telefonisch unter +75-40.543-7810."
presidio_de_core_news_lg,1585,PRIVATE_URL,576,585,gmail.com,overlaps_other_reference_label,EMAIL,"erfügen, sind ausgenommen.

Für weitere Fragen kontaktieren Sie das Bürgerbüro unter ASNR@gmail.com oder per Telefon 03249 82624 ."
presidio_de_core_news_lg,1589,PRIVATE_URL,234,245,hotmail.com,overlaps_other_reference_label,EMAIL,"ltest du dein Studium und deine Forschungserfahrung klar hervorheben und deine E‑Mail (KM@hotmail.com) für weitere Infos prüfen.“
Frank-Jürgen Atlan: „Muss ich noch zusätzliche Dokumente einr"
presidio_de_core_news_lg,1591,PRIVATE_URL,676,688,tutanota.com,overlaps_other_reference_label,EMAIL, soziale Struktur zu rekonstruieren. Für Rückfragen steht die Autorin unter der E‑Mail DA@tutanota.com oder telefonisch unter 094.115-7104 zur Verfügung.
presidio_de_core_news_lg,1597,PRIVATE_URL,391,405,protonmail.com,overlaps_other_reference_label,EMAIL,insbesondere Ihre aktuelle Telefonnummer (+43.26763 7113) und E‑Mail-Adresse (aídahegyalj@protonmail.com). Durch Ihre Unterschrift akzeptieren Sie sämtliche oben genannten Bedingungen sowie die 
presidio_de_core_news_lg,1598,PRIVATE_URL,231,238,aol.com,overlaps_other_reference_label,EMAIL,"zu achten. Verwenden Sie täglich ein Produkt mit Hyaluronsäure, das Sie per E‑Mail an JFB@aol.com anfordern können. Bitte vereinbaren Sie einen Termin bis zum Dezember/21 unter der Nummer"
presidio_de_core_news_lg,1599,PRIVATE_URL,95,102,aol.com,overlaps_other_reference_label,EMAIL,"eitere Fragen steht Ihnen unser Serviceteam unter +930 619-226 2944 oder per E‑Mail an LD@aol.com zur Verfügung. Wir empfehlen, Ihre Hautpflegeprodukte alle 23 Jahre zu überprüfen, besond"
presidio_de_core_news_lg,1600,PRIVATE_URL,219,233,protonmail.com,overlaps_other_reference_label,EMAIL,e alte Leidenschaft für Ökologie einbringt; bitte senden Sie Ihre Anmeldebestätigung an A@protonmail.com und bestätigen Sie Ihre Teilnahme bis zum 8. Juli 1962.
presidio_de_core_news_lg,1602,PRIVATE_URL,333,342,yahoo.com,overlaps_other_reference_label,EMAIL," 8163111457626269 für die Zahlung. Eine Kopie der Rechnung wird an Ihre E‑Mail‑Adresse DR@yahoo.com gesendet. Wir danken Ihnen für die rechtzeitige Zahlung und freuen uns, Sie bald begrüßen"
presidio_de_core_news_lg,1604,PRIVATE_URL,341,350,yahoo.com,overlaps_other_reference_label,EMAIL,"gebots verwendet. Sollten Sie Änderungen wünschen, kontaktieren Sie uns per E‑Mail an ELL@yahoo.com."
presidio_de_core_news_lg,1605,PRIVATE_URL,305,316,outlook.com,overlaps_other_reference_label,EMAIL,"ostleitzahlbereich 4040 registriert und weitere Details finden Sie in der Datei, die an K@outlook.com gesendet wurde."
presidio_de_core_news_lg,1606,PRIVATE_URL,635,646,outlook.com,overlaps_other_reference_label,EMAIL,"expense ratio against the benchmark performance before committing capital. Their email (H@outlook.com) and phone (07120.94550 ) were used to send a detailed breakdown.

Given the importance o"
presidio_de_core_news_lg,1607,PRIVATE_URL,196,205,gmail.com,overlaps_other_reference_label,EMAIL,": Mai/02
Adresse: Kunzgasse 229, 8010 Linz Pöstlingberg
Telefon: 3510-642-7318
E‑Mail: AT@gmail.com
Welches Umweltphänomen haben Sie in den letzten 10 Jahren beobachtet? ___________________"
presidio_de_core_news_lg,1608,PRIVATE_URL,377,389,tutanota.com,overlaps_other_reference_label,EMAIL,truktur bis zum Juli/81 überarbeiten. Bitte senden Sie die unterschriebene Erklärung an V@tutanota.com bis spätestens 15/09/2000.
presidio_de_core_news_lg,1610,PRIVATE_URL,127,138,hotmail.com,overlaps_other_reference_label,EMAIL,chfüllantrag ist eingegangen am 1938-09-28T00:00:00. Bitte bestätigen Sie per E‑Mail an K@hotmail.com oder telefonisch unter +43.86.350 9329. Ihr Alter: 22 Jahre.
presidio_de_core_news_lg,1611,PRIVATE_URL,196,207,outlook.com,overlaps_other_reference_label,EMAIL,"lung
Steuernummer: 95-2464371
Datum: 26. Juni 1945
Bitte senden Sie die Bestätigung an ES@outlook.com."
presidio_de_core_news_lg,1614,PRIVATE_URL,253,265,tutanota.com,overlaps_other_reference_label,EMAIL,"stischen Kriterien anzuwenden, benötigen wir Ihre Juli/15 und Ihr Bigender sowie Ihre 28M@tutanota.com für Rückfragen."
presidio_de_core_news_lg,1615,PRIVATE_URL,262,274,tutanota.com,overlaps_other_reference_label,EMAIL,"Sie, Ihre aktuelle 9RXVMKKWNZ sowie eine Kopie Ihrer letzten Laborwerte per E‑Mail an 28B@tutanota.com zu übermitteln."
presidio_de_core_news_lg,1620,PRIVATE_URL,80,91,outlook.com,overlaps_other_reference_label,EMAIL,"Bitte bestätigen Sie Ihre Teilnahme bis zum 27. August 2007 per E‑Mail an KTA28@outlook.com und teilen Sie uns Ihre Sonderwünsche (z. B. vegetarische Mahlzeiten, barrierefreie Kundr"
presidio_de_core_news_lg,1628,PRIVATE_URL,56,63,aol.com,overlaps_other_reference_label,EMAIL,"Der Newsletter von Drahomíra Sadia (E‑Mail: tahserianni@aol.com) betont, dass das Pflanzen von Bäumen im Jahr Oktober 29., 2001 die lokale Luftqualität v"
presidio_de_core_news_lg,1629,PRIVATE_URL,221,232,hotmail.com,overlaps_other_reference_label,EMAIL,er-Straße 35 in Salzburg einzuladen. Bitte bestätigen Sie Ihre Teilnahme per E‑Mail an AD@hotmail.com oder telefonisch unter +31 06-305-6495.
presidio_de_core_news_lg,1631,PRIVATE_URL,251,262,outlook.com,overlaps_other_reference_label,EMAIL,erg einzuladen. Bitte bestätigen Sie Ihre Teilnahme bis zum 04/08/1960 per E‑Mail an AB11@outlook.com oder telefonisch unter +48 86617-7617. Zur Vorbereitung teilen Sie uns bitte Ihr Geburtsd
presidio_de_core_news_lg,1634,PRIVATE_URL,201,212,hotmail.com,overlaps_other_reference_label,EMAIL,inder im Alter von 11 Jahren; bitte bestätigen Sie den Erhalt per E‑Mail an iseultspencer@hotmail.com oder telefonisch unter +65 66250.6824. In unserem Kurs in Linz Hartmayrsiedlung (6020) le
presidio_de_core_news_lg,1635,PRIVATE_URL,136,145,yahoo.com,overlaps_other_reference_label,EMAIL,"anuar/22
Verantwortliche: Ehrenwert Jumanah Bedert
Kontakt: +64.33 207.8070 | firehiorive@yahoo.com
Ort: Im Hühnersteig 709, 8010 Klagenfurt am Wörthersee
Maßnahmen: Einlasskontrolle mit 82"
presidio_de_core_news_lg,1636,PRIVATE_URL,148,160,tutanota.com,overlaps_other_reference_label,EMAIL,"-Andreea Rokos
Geburtsdatum: 15. Dezember 1995
Geschlecht: M / Männlich
E‑Mail: irmkayser@tutanota.com
Telefon: 0143.94484-3080
Staatsangehörigkeit: __________
Ich stimme den Sicherheitsbestim"
presidio_de_core_news_lg,1641,PRIVATE_URL,154,168,protonmail.com,overlaps_other_reference_label,EMAIL,"sundheits‑Tracking‑System entschieden haben.
Bitte prüfen Sie Ihre Kontaktdaten: E‑Mail P@protonmail.com und Handy +43970.577.9112.
Ihr Profil zeigt ein Alter von 55 Jahren und ein Geschlecht vo"
presidio_de_core_news_lg,1642,PRIVATE_URL,95,104,gmail.com,overlaps_other_reference_label,EMAIL,"dem Training erhalten Sie einen personalisierten Fortschrittsbericht, der per E‑Mail an M@gmail.com gesendet wird. Falls Sie Fragen haben, können Sie jederzeit unser Support‑Team unter +72-"
presidio_de_core_news_lg,1643,PRIVATE_URL,255,267,tutanota.com,overlaps_other_reference_label,EMAIL,"it, ob Sie zusätzliche Trainingsgeräte benötigen, indem Sie Ihre Wunschliste an taladebec@tutanota.com senden."
presidio_de_core_news_lg,1647,PRIVATE_URL,56,67,hotmail.com,overlaps_other_reference_label,EMAIL,"Sehr geehrte Frau Herr Maaya Ditte de Fusco (E‑Mail: BL@hotmail.com), ich möchte Sie herzlich zu meinem Vortrag über die Entwicklung der Gemeindeschriften am"
presidio_de_core_news_lg,1648,PRIVATE_URL,326,337,hotmail.com,overlaps_other_reference_label,EMAIL,26-2347199 verknüpft war. Für Rückfragen erreichen Sie ihn unter +5420323-3726 oder via J@hotmail.com.
presidio_de_core_news_lg,1651,PRIVATE_URL,91,102,outlook.com,overlaps_other_reference_label,EMAIL,"etreff: Installationsantrag für das Kunstwerk ""Präsident Mael Frowin Crombez""\nVon: E1962@outlook.com\nDatum: 20. November 2025\nBitte bestätigen Sie, dass die folgenden Angaben korrekt sind:"
presidio_de_core_news_lg,1652,PRIVATE_URL,69,78,yahoo.com,overlaps_other_reference_label,EMAIL,"E‑Mail‑Bestätigung der Installation\nVon: Y@tutanota.com\nAn: BFHV11@yahoo.com\nBetreff: Bestätigung – Kunstwerk ""Bgm Mylo Bolino""\nSehr geehrte(r) Herr/Frau le Tensore"
presidio_de_core_news_lg,1652,PRIVATE_URL,44,56,tutanota.com,overlaps_other_reference_label,EMAIL,"E‑Mail‑Bestätigung der Installation\nVon: Y@tutanota.com\nAn: BFHV11@yahoo.com\nBetreff: Bestätigung – Kunstwerk ""Bgm Mylo Bolino""\nSehr geehrte(r"
presidio_de_core_news_lg,1653,PRIVATE_URL,370,381,hotmail.com,overlaps_other_reference_label,EMAIL,r die Lieferung ins Ausland schicken müssen: D3167520. Schreib mir kurz per E‑Mail an 04C@hotmail.com oder ruf mich unter 009.236.639.8132 an.
presidio_de_core_news_lg,1654,PRIVATE_URL,114,126,tutanota.com,overlaps_other_reference_label,EMAIL,"tte bestätigt eure Teilnahme bis zum August 7., 2010 und sendet eure Kontaktdaten (TD1959@tutanota.com, 0048-323 328 0196) an Zopito Saedia Arda vom Organisationsteam."
presidio_de_core_news_lg,1656,PRIVATE_URL,309,318,gmail.com,overlaps_other_reference_label,EMAIL,"t (biologisch): F
   • Geschlechtsidentität: Weiblich
2. Kontaktdaten:
   • E‑Mail: 1984G@gmail.com
   • Telefon: 0130 08193531
   • Straße/Hausnummer: Prinz-Eugen-Straße 59
   • PLZ/Ort: 1"
presidio_de_core_news_lg,1658,PRIVATE_URL,354,363,gmail.com,overlaps_other_reference_label,EMAIL,"itsbescheinigung (unter Ihrer G9205999 registriert) hochladen und gleichzeitig Ihr 1992JA@gmail.com im System aktualisieren, damit wir Sie im Notfall schnell erreichen können. Darüber hinau"
presidio_de_core_news_lg,1659,PRIVATE_URL,288,302,protonmail.com,overlaps_other_reference_label,EMAIL,"zungsdatum: Juli/61 – Ort: Sendlweg 2, 4040 Graz
5. Kontaktinformationen: E‑Mail = JKZS26@protonmail.com; Telefon = 0160 84.181 8113
6. Ziel der Sitzung (max. 150 Zeichen): ....................."
presidio_de_core_news_lg,1663,PRIVATE_URL,172,181,gmail.com,overlaps_other_reference_label,EMAIL,"htlinien zu Barrierefreiheit, inklusive Sprache und anonymen Feedback‑Möglichkeiten via E@gmail.com. Die Verantwortlichen, darunter Cengizhan Himmet, stehen für Rückfragen rund um die 1010‑"
presidio_de_core_news_lg,1664,PRIVATE_URL,395,406,hotmail.com,overlaps_other_reference_label,EMAIL,"TVR0M0HP sowie einen Nachweis über die letzte Tierarzt‑Kontrolle (z. B. ein PDF von BZT29@hotmail.com) mit, damit wir alle Sicherheitsstandards erfüllen. Wer mit dem Auto anreist, sollte den "
presidio_de_core_news_lg,1664,PRIVATE_URL,754,761,aol.com,overlaps_other_reference_label,EMAIL,"a‑Team, vertreten durch Richt Jiali Dégardin Venancio Bourdeille, jederzeit per E‑Mail (P@aol.com) oder telefonisch (+43888-701-4936) zur Verfügung. Wir freuen uns auf einen schönen Tag v"
presidio_de_core_news_lg,1665,PRIVATE_URL,207,219,tutanota.com,overlaps_other_reference_label,EMAIL, Sie Ihre 17‑jährige Vergangenheit neu schreiben können – melden Sie sich per E‑Mail an A@tutanota.com oder rufen Sie +4.309.199-3222 an.
presidio_de_core_news_lg,1666,PRIVATE_URL,254,265,outlook.com,overlaps_other_reference_label,EMAIL,"nnsbruck Hötting Hötting.
Bitte senden Sie uns Ihre Kontaktdaten, einschließlich E‑Mail M@outlook.com und Telefon +43.671 477-6257.
Für die steuerliche Abwicklung benötigen wir Ihre Steueride"
presidio_de_core_news_lg,1667,PRIVATE_URL,293,302,yahoo.com,overlaps_other_reference_label,EMAIL,"pätestens eine Woche vorher, ob Ihre Kontaktdaten, insbesondere Ihre E‑Mail‑Adresse E1952@yahoo.com und Telefonnummer 00060.31.656-8417, aktuell sind. Für die Risikobewertung benötigen wir "
presidio_de_core_news_lg,1667,PRIVATE_URL,567,579,tutanota.com,overlaps_other_reference_label,EMAIL,"en 37 mit. Sollten Sie Fragen haben, wenden Sie sich gerne an die HR‑Abteilung unter 03MV@tutanota.com oder telefonisch unter +5-397-207.4086.

Mit freundlichen Grüßen,
Sen Synar Desaulniers S"
presidio_de_core_news_lg,1668,PRIVATE_URL,296,307,outlook.com,overlaps_other_reference_label,EMAIL,"htenbahnhof 38 in Wien für den Notfall‑Kontaktplan.

Yury: Meine Daten: E‑Mail adayduttli@outlook.com, Telefon 059.8511267 , Führerschein 1AC1F65GVJ.

Dizem: Vergesst nicht, euer Geschlecht u"
presidio_de_core_news_lg,1669,PRIVATE_URL,621,630,gmail.com,overlaps_other_reference_label,EMAIL,erung benötigen. Für weitere Informationen kontaktieren Sie uns bitte per E‑Mail unter AC@gmail.com oder telefonisch unter 08641.151226.
presidio_de_core_news_lg,1670,PRIVATE_URL,148,157,yahoo.com,overlaps_other_reference_label,EMAIL,nnely Nereu. Die Teilnehmerliste wird am 19/06/2007 an die angegebene E‑Mail‑Adresse (28D@yahoo.com) gesendet.
presidio_de_core_news_lg,1674,PRIVATE_URL,586,595,gmail.com,overlaps_other_reference_label,EMAIL,"n sowie 88-4729741 Steuernummern geprüft. Bitte bestätigen Sie den Erhalt per E‑Mail an Z@gmail.com oder telefonisch unter 07513-985790; falls weitere Dokumente wie GAENQ5CB2F Führerschein,"
presidio_de_core_news_lg,1675,PRIVATE_URL,130,141,hotmail.com,overlaps_other_reference_label,EMAIL," hat den monatlichen Umsatzbericht für unsere Sprachübersetzungs‑Dienstleistungen an BM26@hotmail.com gesendet. Der Bericht enthält die Gesamteinnahmen, die Verteilung nach Kundensegmenten un"
presidio_de_core_news_lg,1677,PRIVATE_URL,289,301,tutanota.com,overlaps_other_reference_label,EMAIL,optimal zuzuweisen. Bitte senden Sie die Daten zusammen mit Ihrem 3417 731013 an steyawer@tutanota.com.
presidio_de_core_news_lg,1681,PRIVATE_URL,401,408,aol.com,overlaps_other_reference_label,EMAIL,"ellt.
Bitte kontaktieren Sie uns unter 0152 44.895.2869 oder per E‑Mail an tesfagkeegstra@aol.com, damit wir Ihre Lieferadresse in der Kerschhoferweg 7, 8020 Innsbruck bestätigen können.
"
presidio_de_core_news_lg,1682,PRIVATE_URL,158,165,aol.com,overlaps_other_reference_label,EMAIL,"eine Einwilligung zur Einnahme des Kräuterpräparats.
Meine Kontaktdaten sind: E‑Mail 27TC@aol.com, Telefon +430-09-408-4155, Adresse Mönchsberg 26, 5020 Innsbruck.
Ich bin mir bewusst, da"
presidio_de_core_news_lg,1683,PRIVATE_URL,339,350,outlook.com,overlaps_other_reference_label,EMAIL,"nto, das du in deiner letzten E‑Mail angegeben hast, und bestätige mir den Transfer per J@outlook.com. Falls du Fragen hast, melde dich gerne bei mir."
presidio_de_core_news_lg,1684,PRIVATE_URL,500,511,outlook.com,overlaps_other_reference_label,EMAIL,"huldners lautet Rembrandtgasse 12, 4040 Wien Mariahilf; die Kontakt‑E‑Mail ist delfinnaud@outlook.com und die Telefonnummer +43-10.110-3089."
presidio_de_core_news_lg,1687,PRIVATE_URL,369,376,aol.com,overlaps_other_reference_label,EMAIL,"

Börsegasse 1-3
4020 Linz

Falls Sie Fragen haben, schreiben Sie uns bitte an tsaabdulfa@aol.com oder rufen Sie uns unter +43-53-357 2032 an.

Mit freundlichen Grüßen,
Ihr SnackTeam"
presidio_de_core_news_lg,1688,PRIVATE_URL,595,606,hotmail.com,overlaps_other_reference_label,EMAIL,"13-4306247 Sorgen machen.“. Bitte senden Sie mir Ihre Rückmeldung per E‑Mail an 1982AYCRN@hotmail.com oder rufen Sie mich unter 048-8592075  an, falls Sie weitere Beispiele wünschen. Ich bin "
presidio_de_core_news_lg,1689,PRIVATE_URL,315,324,gmail.com,overlaps_other_reference_label,EMAIL," LinkedIn aktiv unterstützt wird; bitte senden Sie Ihre Kontaktdaten, insbesondere Ihre S@gmail.com und Ihre 00438.404-075 9241, damit wir Ihnen personalisierte Inhalte zusenden können. Auß"
presidio_de_core_news_lg,1692,PRIVATE_URL,463,475,tutanota.com,overlaps_other_reference_label,EMAIL,uerbelastung führt. Bitte bestätigen Sie die Richtigkeit dieser Angaben per E‑Mail an L15@tutanota.com.
presidio_de_core_news_lg,1694,PRIVATE_URL,167,176,gmail.com,overlaps_other_reference_label,EMAIL," an einem Workshop für traditionelle Holzschnitzereien, wobei sie per E‑Mail unter kbatta@gmail.com und Telefon 0728-85749666 erreichbar ist."
presidio_de_core_news_lg,1696,PRIVATE_URL,266,277,outlook.com,overlaps_other_reference_label,EMAIL," Geschlecht: Nicht spezifiziert
   - Telefonnummer: +053 70 065-1222
   - E‑Mail: nlanitz@outlook.com

2. Wohnsitz
   - Straße: Kirchenstraße
   - Hausnummer: 156
   - PLZ: 8010
   - Stadt: I"
presidio_de_core_news_lg,1696,PRIVATE_URL,632,646,roboadvisor.at,url_like_without_reference,,chreiben Sie digital mit Ihrer 95996077 und senden Sie das Formular per E‑Mail an support@roboadvisor.at.
presidio_de_core_news_lg,1697,PRIVATE_URL,290,304,protonmail.com,overlaps_other_reference_label,EMAIL,"e: Maximal zwei Übernachtungsgäste pro Woche, Anmeldung bei Afifa über E‑Mail (lizzemolan@protonmail.com).
3. Küchennutzung: Lebensmittel werden separat im Kühlschrank aufbewahrt (Regal 1: Aslan"
presidio_de_core_news_lg,1698,PRIVATE_URL,238,247,gmail.com,overlaps_other_reference_label,EMAIL,"Bestätigungen für die digitalisierten Besuchsdaten. Bitte sende die gescannten PDFs an CH@gmail.com oder rufe uns unter 014344391-4444 an, falls du Fragen hast. Der Standort war Graz.

Dank"
presidio_de_core_news_lg,1699,PRIVATE_URL,416,425,yahoo.com,overlaps_other_reference_label,EMAIL,nomie) werden in der Anlage genauer beschrieben. Bitte senden Sie die Bestätigung an CM12@yahoo.com oder kontaktieren Sie die Sekretärin Diemut per Telefon unter +43817.195.0262.
presidio_de_core_news_lg,1700,PRIVATE_URL,317,331,protonmail.com,overlaps_other_reference_label,EMAIL," in den Ordner Neubaugasse 64 abgelegt und können über das Netzwerk unter der Adresse E24@protonmail.com abgerufen werden. Bitte beachten Sie, dass die Zugangsdaten (Passwort: 311036220880135320"
presidio_de_core_news_lg,1701,PRIVATE_URL,472,486,protonmail.com,overlaps_other_reference_label,EMAIL,"Einlasskontrolle vorzeigen können. Bitte bestätigen Sie Ihre Teilnahme per E‑Mail an NV21@protonmail.com oder telefonisch unter +43-17.185.4882, damit wir Ihre 9405 660527 und 96-6468997 für die"
presidio_de_core_news_lg,1707,PRIVATE_URL,188,199,hotmail.com,overlaps_other_reference_label,EMAIL,"/08/2003 um 10:00 Uhr via Video‑Call zu führen; den Zugangslink sende ich an ambmcdonnell@hotmail.com. Falls Sie ein alternatives Datum benötigen, melden Sie sich bitte unter 04 7620-3325."
presidio_de_core_news_lg,1709,PRIVATE_URL,83,90,aol.com,overlaps_other_reference_label,EMAIL,"Bitte reichen Sie Ihren Projektvorschlag bis zum September/45 per E‑Mail an 2008JD@aol.com ein, damit wir das Potenzial gemeinsam evaluieren können."
presidio_de_core_news_lg,1711,PRIVATE_URL,238,249,outlook.com,overlaps_other_reference_label,EMAIL,"uergürtel 678 in Wien KG Leopoldstadt, PLZ 4020. Senden Sie das ausgefüllte Dokument an U@outlook.com."
presidio_de_core_news_lg,1712,PRIVATE_URL,35,44,gmail.com,overlaps_other_reference_label,EMAIL,"Eine aktuelle Umfrage, die an KA01@gmail.com gesendet wurde, ergab, dass Wanderer die Bergpfade wegen ihrer gleichmäßigen Steigungen b"
presidio_de_core_news_lg,1714,PRIVATE_URL,362,371,gmail.com,overlaps_other_reference_label,EMAIL,itte senden Sie Ihre Anmeldebestätigung zusammen mit einer Kopie Ihres HTZDQ17YFM an SRSA@gmail.com. Wir benötigen zudem Ihre Angabe zum 62 sowie Ihr Geschlechtsfluid für statistische Zweck
presidio_de_core_news_lg,1715,PRIVATE_URL,256,265,yahoo.com,overlaps_other_reference_label,EMAIL,": O / Androgyn
Adresse: Bachgangweg 1411, 6020 Klagenfurt am Wörthersee
Kontakt‑E‑Mail: M@yahoo.com
Telefon: 0168-25 314-6927

Der Antragsteller bestätigt, dass er im Besitz einer gültigen "
presidio_de_core_news_lg,1717,PRIVATE_URL,433,444,hotmail.com,overlaps_other_reference_label,EMAIL,"rt werden.\nBitte senden Sie uns Ihre Kontaktdaten, insbesondere Ihre E‑Mail-Adresse AQFN@hotmail.com und Telefonnummer +43.86 788.0219, damit wir Sie über Updates informieren können."
presidio_de_core_news_lg,1718,PRIVATE_URL,390,404,protonmail.com,overlaps_other_reference_label,EMAIL,"t geprüft werden; hierfür benötigen wir Ihre Kontaktdaten, insbesondere Ihre zacwespi-tsc@protonmail.com und Ihre 095 5756129 . Das Layout‑Gridsystem soll künftig einen Mindestabstand von 8 px z"
presidio_de_core_news_lg,1719,PRIVATE_URL,82,93,hotmail.com,overlaps_other_reference_label,EMAIL,"E‑Mail an das Logistikteam – Arctic Bonfire Adaptation

Von: Thymian Rotarescu <M@hotmail.com>
An: Logistik <logistik@arcticbonfire.at>
Betreff: Materialbestellung für das Arctic Bonf"
presidio_de_core_news_lg,1719,PRIVATE_URL,118,134,arcticbonfire.at,url_like_without_reference,," Arctic Bonfire Adaptation

Von: Thymian Rotarescu <M@hotmail.com>
An: Logistik <logistik@arcticbonfire.at>
Betreff: Materialbestellung für das Arctic Bonfire Event

Liebes Logistikteam,
für das b"
presidio_de_core_news_lg,1722,PRIVATE_URL,61,72,outlook.com,overlaps_other_reference_label,EMAIL,"Bitte senden Sie Ihre 27228864 und eine Bestätigung per 10RF@outlook.com bis zum 10/08/1959, damit wir Ihre Teilnahme an der nächtlichen Kanalwanderung in Salzbur"
presidio_de_core_news_lg,1723,PRIVATE_URL,202,213,outlook.com,overlaps_other_reference_label,EMAIL,"ialversicherungsnummer (optional): 3572 880518
Bitte sende das ausgefüllte Formular an GM@outlook.com."
presidio_de_core_news_lg,1726,PRIVATE_URL,319,330,outlook.com,overlaps_other_reference_label,EMAIL,"echt (biologisch): F
   - Geschlechtsidentität: Weiblich
2. Kontaktdaten
   - E‑Mail: 20M@outlook.com
   - Telefon: 0089 11.139-2241
   - Straße & Hausnummer: Paschbergweg 55
   - Postleitzah"
presidio_de_core_news_lg,1729,PRIVATE_URL,256,263,aol.com,overlaps_other_reference_label,EMAIL,"Healthcare‑Ausrüstungsaktien am 25/08/2012 endet. Bitte senden Sie Ihre Unterlagen an S63@aol.com oder kontaktieren Sie Herr Portilla Minichilli Barreras unter +43 76-269.5054, falls Sie "
presidio_de_core_news_lg,1730,PRIVATE_URL,293,304,outlook.com,overlaps_other_reference_label,EMAIL,einen Spritzer 4040 Zitronensaft mischen; senden Sie das fertige Rezept per E‑Mail an DOM@outlook.com und geben Sie dabei Ihre 87494811 für die persönliche Anpassung an.
presidio_de_core_news_lg,1733,PRIVATE_URL,190,201,outlook.com,overlaps_other_reference_label,EMAIL,"ernahme vorab zu bestätigen?
Antwortmöglichkeiten: a) Lonit Melevs E‑Mail an graciasenyük@outlook.com; b) Ein Schreiben vom 40 Siebenbrunnenplatz in 4020 Salzburg; c) Beide."
presidio_de_core_news_lg,1734,PRIVATE_URL,120,132,tutanota.com,overlaps_other_reference_label,EMAIL,"
Abteilung: Steuer & Recht
Verantwortlich: Jose-Antonio Axl Mikerevic (E‑Mail: sériglotto@tutanota.com)

Thema: Gewinnbeteiligungs‑Spin‑off – neue Steuer‑Frameworks
Frist: bis zum September/68"
presidio_de_core_news_lg,1736,PRIVATE_URL,318,329,hotmail.com,overlaps_other_reference_label,EMAIL,"e Stadt gespeichert. Bei Änderungen der Kontaktdaten, etwa einer neuen E‑Mail-Adresse N27@hotmail.com, informieren Sie bitte sofort das Agraramt."
presidio_de_core_news_lg,1737,PRIVATE_URL,517,526,gmail.com,overlaps_other_reference_label,EMAIL,"J8517052 hat.
- Im Notfall erreichen Sie uns unter (57)-1893-6893 oder per E‑Mail an SA23@gmail.com.

Mit freundlichen Grüßen,"
presidio_de_core_news_lg,1738,PRIVATE_URL,248,259,hotmail.com,overlaps_other_reference_label,EMAIL,"datum (03/02/1947), Geschlecht (Männlich), Alter (62).
2. Kontaktinformationen: E‑Mail (R@hotmail.com), Telefon (039 218 2751), Anschrift: Straße (Traungauergasse) Hausnummer (54), PLZ (6020)"
presidio_de_core_news_lg,1739,PRIVATE_URL,230,239,yahoo.com,overlaps_other_reference_label,EMAIL,"0 vorstellen; bitte senden Sie Ihre Anmerkungen bis spätestens Dezember 6., 1971 an 1964G@yahoo.com. Zusätzlich benötigen wir die aktualisierten Kontaktdaten, insbesondere die aktuelle +43."
presidio_de_core_news_lg,1740,PRIVATE_URL,464,473,yahoo.com,overlaps_other_reference_label,EMAIL,rio mit den Unternehmenszielen abgleicht. Der Plan wird bis zum 20. März 1991 an 1992AKGS@yahoo.com gesendet.
presidio_de_core_news_lg,1743,PRIVATE_URL,685,696,outlook.com,overlaps_other_reference_label,EMAIL,"iches Verhalten): ________________________________
9. Kontakt‑E‑Mail für Rückfragen: BD28@outlook.com
10. Telefonnummer für Notfälle: 8032.615.8095

Bitte senden Sie das ausgefüllte Formular "
presidio_de_core_news_lg,1743,PRIVATE_URL,831,842,outlook.com,overlaps_other_reference_label,EMAIL,"5

Bitte senden Sie das ausgefüllte Formular am Ende jeder Woche per E‑Mail an hael hlimi@outlook.com oder laden Sie es in die Cloud‑App des Lizard Shed Cycle Tracker hoch. Vielen Dank für Ih"
presidio_de_core_news_lg,1744,PRIVATE_URL,264,276,tutanota.com,overlaps_other_reference_label,EMAIL,gen auf Ihr Konto überwiesen. Eine Bestätigung erhalten Sie zudem per E‑Mail (tshallegger@tutanota.com) und wir stehen Ihnen gern für Rückfragen unter 0143 506-992 9559 zur Verfügung.
presidio_de_core_news_lg,1747,PRIVATE_URL,649,656,aol.com,overlaps_other_reference_label,EMAIL,"8424370025051) bezahlt werden, und wir senden Ihnen die Rechnung an Ihre E‑Mail-Adresse B@aol.com.
Wir können es kaum erwarten, mit Ihnen die Farben des Frühlings zu kochen!"
presidio_de_core_news_lg,1754,PRIVATE_URL,72,84,tutanota.com,overlaps_other_reference_label,EMAIL,Wir freuen uns auf Ihr Feedback; bitte senden Sie Ihre Anmerkungen an M@tutanota.com und beziehen Sie sich dabei auf Ihren Namen Yola Pavina Mazzarini.\nFalls Sie Fragen habe
presidio_de_core_news_lg,1755,PRIVATE_URL,743,757,protonmail.com,overlaps_other_reference_label,EMAIL,"sicherungsnummer 8177 490419.
Bitte senden Sie die Bestätigung an meine E‑Mailadresse JNW@protonmail.com oder kontaktieren Sie mich telefonisch unter 00439 527 000.1848, falls weitere Unterlagen"
presidio_de_core_news_lg,1756,PRIVATE_URL,960,974,protonmail.com,overlaps_other_reference_label,EMAIL,am Wörthersee (Postleitzahl 9010) senden können. Bitte senden Sie Ihre Rückmeldung an 17P@protonmail.com und teilen Sie uns etwaige Änderungen bis zum 14/02/1993 mit; wir stehen Ihnen für weiter
presidio_de_core_news_lg,1760,PRIVATE_URL,74,86,tutanota.com,overlaps_other_reference_label,EMAIL,"Im Anmeldeformular für das Forschungsprojekt geben Sie bitte Ihren 1948PB@tutanota.com, Ihre Telefonnummer +43.450019984 sowie Ihre Anschrift (Kellerstraße 8, 6020 Linz Innenst"
presidio_de_core_news_lg,1761,PRIVATE_URL,442,451,gmail.com,overlaps_other_reference_label,EMAIL,"ist. Falls Sie Ihr Passwort zurücksetzen möchten, senden Sie uns eine Nachricht an nde be@gmail.com mit Ihrer 14933445 und Ihrem Geburtsdatum August/67. Wir freuen uns, Sie bald in der Lese"
presidio_de_core_news_lg,1764,PRIVATE_URL,343,352,gmail.com,overlaps_other_reference_label,EMAIL," eine Analyse der aktuellen Abrechnungsdaten, die Sie unter Ihrer E‑Mail-Adresse AMDK1960@gmail.com erhalten werden. Bitte senden Sie uns zusätzlich eine Kopie Ihres Personalausweises (2641"
presidio_de_core_news_lg,1768,PRIVATE_URL,312,321,gmail.com,overlaps_other_reference_label,EMAIL,"erlegen.“
Antwort von Rosângela Emy Hubel: „Ja, ich habe die Dokumente (inkl. 5020 und SL@gmail.com) bereits an die Finanzabteilung gesendet; wir sollten in Kürze eine Bestätigung erhalten."
presidio_de_core_news_lg,1769,PRIVATE_URL,268,280,tutanota.com,overlaps_other_reference_label,EMAIL,n stattfindet. Bitte bestätigen Sie Ihre Teilnahme bis zum 1. November per E‑Mail an JKSI@tutanota.com oder telefonisch unter +43 56-658-2120.
presidio_de_core_news_lg,1774,PRIVATE_URL,122,133,outlook.com,overlaps_other_reference_label,EMAIL,"ju (Alter 50) hat sich als Freiwilliger zum Feueraufbau gemeldet; seine Kontaktdaten: M25@outlook.com, +18 63.480 5442, Wohnort 1030 Klagenfurt am Wörthersee."
presidio_de_core_news_lg,1775,PRIVATE_URL,463,470,aol.com,overlaps_other_reference_label,EMAIL,"richten.

Bitte registrieren Sie sich über den folgenden Link und geben Sie dabei Ihren W@aol.com sowie Ihre 0154 60 838-7734 an, damit wir Ihnen die Zugangsdaten rechtzeitig zusenden kön"
presidio_de_core_news_lg,1776,PRIVATE_URL,592,606,protonmail.com,overlaps_other_reference_label,EMAIL,"Formular (URL: https://example.org/feedback) und geben Sie Ihre Kontaktdaten an: E‑Mail P@protonmail.com, Telefon 014-4618911 .

Mit freundlichen Grüßen,
Hr Abderrezak von Beust
Leitung Gesundhe"
presidio_de_core_news_lg,1776,PRIVATE_URL,517,545,https://example.org/feedback,url_like_without_reference,,"llen (Passwort: Z7695177).

Zur Rückmeldung verwenden Sie bitte das Online‑Formular (URL: https://example.org/feedback) und geben Sie Ihre Kontaktdaten an: E‑Mail P@protonmail.com, Telefon 014-4618911 .

Mit "
presidio_de_core_news_lg,1777,PRIVATE_URL,242,251,yahoo.com,overlaps_other_reference_label,EMAIL,",
Unterstützen Sie uns mit Ihrer 48-jährigen Erfahrung und melden Sie sich an unter N1989@yahoo.com."
presidio_de_core_news_lg,1780,PRIVATE_URL,267,278,hotmail.com,overlaps_other_reference_label,EMAIL,on 92 % besonders hervorsticht. Für weitere Details können Mitarbeitende eine E‑Mail an M@hotmail.com senden oder sich telefonisch unter +43-11-336 9525 melden.
presidio_de_core_news_lg,1781,PRIVATE_URL,427,438,hotmail.com,overlaps_other_reference_label,EMAIL,"nsnummer (63-7042554) haben, informieren Sie bitte die Personalabteilung per E‑Mail an DM@hotmail.com."
presidio_de_core_news_lg,1782,PRIVATE_URL,169,180,hotmail.com,overlaps_other_reference_label,EMAIL, er seine 8 Jahre Erfahrung und verweist auf detaillierte Informationen per E‑Mail an 24M@hotmail.com.
presidio_de_core_news_lg,1784,PRIVATE_URL,457,468,outlook.com,overlaps_other_reference_label,EMAIL,"en lassen.'
Abubacar: 'Schick mir deine Kontaktdaten, also deine +43-110 393-6660 und 11J@outlook.com, dann koordiniere ich das.'"
presidio_de_core_news_lg,1785,PRIVATE_URL,765,779,protonmail.com,overlaps_other_reference_label,EMAIL,ve Belastbarkeit symbolisiert. Für weiterführende Korrespondenz steht der Autor unter <LZ@protonmail.com> oder telefonisch unter +34 28406 0677.
presidio_de_core_news_lg,1786,PRIVATE_URL,288,299,hotmail.com,overlaps_other_reference_label,EMAIL,"gisch): M
6. Geschlechtsidentität: Nicht-binär
7. Telefon: +02.57-890 9549
8. E‑Mail: KWR@hotmail.com
9. Straße und Hausnummer: Seilerstätte 208
10. Postleitzahl: 5020
11. Ort: Salzburg
12. S"
presidio_de_core_news_lg,1787,PRIVATE_URL,818,832,protonmail.com,overlaps_other_reference_label,EMAIL,"_________________________________
Bitte senden Sie Ihre Antworten bis zum 15/02/1981 an M@protonmail.com. Danke für Ihre Mithilfe!"
presidio_de_core_news_lg,1789,PRIVATE_URL,454,461,aol.com,overlaps_other_reference_label,EMAIL,reditkarte (2202568944502100) und wird nach Bestätigung des Eingangs per E‑Mail an 1979IS@aol.com bestätigt.
presidio_de_core_news_lg,1790,PRIVATE_URL,209,220,outlook.com,overlaps_other_reference_label,EMAIL,ormationen zu Ihrer Kraftstoffsteuergutschrift. Bei Fragen schreiben Sie bitte an tbastia@outlook.com.
presidio_de_core_news_lg,1791,PRIVATE_URL,364,373,gmail.com,overlaps_other_reference_label,EMAIL,Für Rückfragen kontaktieren Sie bitte unser Team unter 032 233-7809 oder per E‑Mail an EJ@gmail.com.
presidio_de_core_news_lg,1797,PRIVATE_URL,624,635,outlook.com,overlaps_other_reference_label,EMAIL,"ls. Bitte füllen Sie den kurzen Online‑Fragebogen aus, den wir an Ihre E‑Mail‑Adresse MYD@outlook.com gesendet haben, und geben Sie dabei Ihren 49 sowie Ihr Geschlecht (Weiblich oder Nicht sp"
presidio_de_core_news_lg,1798,PRIVATE_URL,414,425,outlook.com,overlaps_other_reference_label,EMAIL,-7788115 und 9125 661231 enthält. Interessierte Zuschauer können Tickets per E‑Mail an SN@outlook.com oder telefonisch unter 045.581 1052 reservieren.
presidio_de_core_news_lg,1799,PRIVATE_URL,418,427,gmail.com,overlaps_other_reference_label,EMAIL,"gasse
   • Hausnummer: 30
   • Ort: Graz Jakomini
   • Postleitzahl: 6020
   • E‑Mail: JA@gmail.com
   • Telefon: 0168 74849581
3. Identitätsnachweise
   • Personalausweisnummer: 06326721
 "
presidio_de_core_news_lg,1800,PRIVATE_URL,419,430,outlook.com,overlaps_other_reference_label,EMAIL," Vorab‑Visum einreisen. Wir sollten aber noch unsere Reisepässe prüfen und die aktuelle S@outlook.com für eventuelle Updates im Auge behalten."" 
Jasmire Lhaning Gasparac: ""Gute Idee. Ich rufe"
presidio_de_core_news_lg,1801,PRIVATE_URL,407,419,tutanota.com,overlaps_other_reference_label,EMAIL,"ten. Bitte bestätigen Sie Ihre Teilnahme bis spätestens eine Woche vorher per E‑Mail an D@tutanota.com oder telefonisch unter +88.33-603 6564, damit wir die Ausrüstung individuell an Ihr Alter"
presidio_de_core_news_lg,1802,PRIVATE_URL,91,103,tutanota.com,overlaps_other_reference_label,EMAIL,"itte übermitteln Sie Ihre aktuelle Steuer‑ID (96-6081239) und Ihr Email‑Kontakt (corgasmi@tutanota.com), damit wir die Risikobewertung Ihrer Portfolio‑Strategie finalisieren können."
presidio_de_core_news_lg,1804,PRIVATE_URL,193,204,outlook.com,overlaps_other_reference_label,EMAIL, Nicht-binär sowie das Geburtsdatum 09/06/1939. Melden Sie Ihr Kind unter der E‑Mail TSSG@outlook.com an der Grundschule in Innsbruck Pradl an.
presidio_de_core_news_lg,1806,PRIVATE_URL,71,82,hotmail.com,overlaps_other_reference_label,EMAIL,"Bitte senden Sie bis zum Januar/56 Ihre Vorschläge für Workshops an GC@hotmail.com, damit wir ein buntes Programm für das nächste Quartal planen können."
presidio_de_core_news_lg,1807,PRIVATE_URL,319,328,yahoo.com,overlaps_other_reference_label,EMAIL,nung mit Ihrer Kreditkarte (344089223656259) oder kontaktieren Sie uns per E‑Mail unter S@yahoo.com für alternative Zahlungsweisen.
presidio_de_core_news_lg,1813,PRIVATE_URL,258,272,protonmail.com,overlaps_other_reference_label,EMAIL,sprechpartner wie Direktor Kamilj N'kouanga aus dem Bezirk Innsbruck häufig per E‑Mail (K@protonmail.com) nachfragen.
presidio_de_core_news_lg,1814,PRIVATE_URL,244,255,outlook.com,overlaps_other_reference_label,EMAIL,"chub gab. Wenn du auch etwas Aufmunterndes willst, schick mir eine kurze Nachricht an JGT@outlook.com oder ruf mich an unter +1.270 303 4142; ich kann dir das Rezept je nach deinem Agender Ge"
presidio_de_core_news_lg,1816,PRIVATE_URL,71,80,yahoo.com,overlaps_other_reference_label,EMAIL,"Ein täglicher Bericht über Ihre Vitalwerte wird Ihnen per E‑Mail an L2@yahoo.com zugeschickt, inklusive eines Überblicks über Herzfrequenz, Blutdruck und Schrittzahl. Der"
presidio_de_core_news_lg,1817,PRIVATE_URL,215,227,tutanota.com,overlaps_other_reference_label,EMAIL,"der Antarktis. Verantwortlicher Produzent: Bürgermeisterin Jiaming Khawaja (E‑Mail: GSYGL@tutanota.com). Budget: ca. 2200518752146602 USD, wobei 15 % für Spezialausrüstung wie 9583 370127‑gesc"
presidio_de_core_news_lg,1818,PRIVATE_URL,384,395,outlook.com,overlaps_other_reference_label,EMAIL,"tattung. Sobald die Unterlagen vorliegen, erhalten Sie eine Bestätigung per E‑Mail an 12M@outlook.com."
presidio_de_core_news_lg,1819,PRIVATE_URL,126,135,yahoo.com,overlaps_other_reference_label,EMAIL,"er daran, das Buch 'Der Steppenwolf' bis zum 04/04/1971 zu lesen und ihre Gedanken per SI@yahoo.com zu teilen. Die nächste Treffen wird am August/37 im Café an der Grauer-Stein-Weg 46 in Li"
presidio_de_core_news_lg,1820,PRIVATE_URL,165,174,yahoo.com,overlaps_other_reference_label,EMAIL,chlern‑App am 1983-10-02T00:00:00; bitte bestätigen Sie Ihre E‑Mail‑Adresse mayutpastusza@yahoo.com.
presidio_de_core_news_lg,1822,PRIVATE_URL,27,38,outlook.com,overlaps_other_reference_label,EMAIL,"From: Hr Jordann D'ogny <N@outlook.com>
Date: 13. Februar 2000
Subject: Unexpected Resonance between Molecular Vibrations and Cl"
presidio_de_core_news_lg,1824,PRIVATE_URL,842,851,gmail.com,overlaps_other_reference_label,EMAIL,"osium unterstützt, zu dem Experten wie Prof. Dr. Shailene Celma Sebold (E‑Mail: 1974JSSOS@gmail.com) eingeladen sind. Für Sponsoren und Interessierte ist ein persönlicher Termin am 21/10/19"
presidio_de_core_news_lg,1824,PRIVATE_URL,591,600,gmail.com,overlaps_other_reference_label,EMAIL,"ponierausweis** (IFXTI1U6DA) sowie ein kostenloses **Programmheft**, das per E‑Mail an NB@gmail.com verschickt wird; bitte geben Sie hierfür Ihren Namen und Ihre **Personenkennziffer** (486"
presidio_de_core_news_lg,1825,PRIVATE_URL,248,262,protonmail.com,overlaps_other_reference_label,EMAIL,"radl zusammenzuarbeiten. Die Aktualisierung umfasst die Änderung der Kontakt‑E‑Mail zu BS@protonmail.com und der Telefonnummer zu 0025 14 750.3242, sowie die Ergänzung der Adresse Südtiroler Pla"
presidio_de_core_news_lg,1826,PRIVATE_URL,333,345,tutanota.com,overlaps_other_reference_label,EMAIL,ei der Zahlung Ihre Kundennummer 98602415 an. Bei Rückfragen kontaktieren Sie uns unter K@tutanota.com oder telefonisch unter +64 04 572 3424.
presidio_de_core_news_lg,1827,PRIVATE_URL,176,188,tutanota.com,overlaps_other_reference_label,EMAIL,f 2 nach Wien abgesichert und die Teilnehmer erhalten einen Ersatzplan per E‑Mail an 08SS@tutanota.com.
presidio_de_core_news_lg,1830,PRIVATE_URL,434,441,aol.com,overlaps_other_reference_label,EMAIL,"56198) nicht für Online-Apotheken preisgeben, sondern sich an den Kundendienst unter 13TC@aol.com wenden. Weitere Informationen erhalten Sie auf der Website der Gesundheitsbehörde oder te"
presidio_de_core_news_lg,1833,PRIVATE_URL,217,228,outlook.com,overlaps_other_reference_label,EMAIL,"08/2013
4. Alter des Besitzers: 80 Jahre
5. Geschlecht des Besitzers: F
6. E‑Mail: SP1999@outlook.com
7. Telefon: 01178 910007
8. Adresse: Wassergasse 2632, 1050 Salzburg
9. Tierart: ________"
presidio_de_core_news_lg,1834,PRIVATE_URL,428,437,gmail.com,overlaps_other_reference_label,EMAIL,"m haben.""
Gürsel Nareg: ""Verstanden, ich schicke das heute noch per E‑Mail an maliqbrégea@gmail.com. Danke!"""
presidio_de_core_news_lg,1836,PRIVATE_URL,324,336,tutanota.com,overlaps_other_reference_label,EMAIL,"r Praxis beginnen.'
Khamar: 'Super, bitte sende die Bestätigung an die E‑Mail svon martin@tutanota.com und notiere die Telefonnummer +9.612.944.0591 für Rückfragen.'
Si: 'Alles klar, ich habe "
presidio_de_core_news_lg,1839,PRIVATE_URL,89,100,hotmail.com,overlaps_other_reference_label,EMAIL,"E‑Mail‑Anfrage – Turnover Cost Analysis Unterstützung

Von: Wilma Cavalcante Skillman <T@hotmail.com>
An: Alle Minur El Borai <T@protonmail.com>
Gesendet: August/90 09:15
Betreff: Bitte um D"
presidio_de_core_news_lg,1839,PRIVATE_URL,810,821,outlook.com,overlaps_other_reference_label,EMAIL,"en.

Bitte senden Sie die Daten bis spätestens 5. Dezember 1954 an meine E‑Mail-Adresse D@outlook.com oder laden Sie sie in den SharePoint-Ordner ""Innsbruck Hungerburg – Fluktuation"" hoch. So"
presidio_de_core_news_lg,1839,PRIVATE_URL,129,143,protonmail.com,overlaps_other_reference_label,EMAIL," Unterstützung

Von: Wilma Cavalcante Skillman <T@hotmail.com>
An: Alle Minur El Borai <T@protonmail.com>
Gesendet: August/90 09:15
Betreff: Bitte um Daten für Turnover Cost Analysis

Hallo Sen "
presidio_de_core_news_lg,1840,PRIVATE_URL,191,202,outlook.com,overlaps_other_reference_label,EMAIL,"rin
Geburtsdatum: Juli 25., 1982
Alter: 88 Jahre
Geschlecht: F / Nicht-binär
E‑Mail: 29JW@outlook.com
Telefon: (75)-9848.8233
Adresse: Wolkensteingasse 40, 4020 Klagenfurt am Wörthersee
ID‑Nu"
presidio_de_core_news_lg,1848,PRIVATE_URL,146,157,hotmail.com,overlaps_other_reference_label,EMAIL,raxis an der Seberinysteig 13 in Linz Hafenviertel (6020). Eine Kopie wurde an ingdinqneh@hotmail.com gesendet.
presidio_de_core_news_lg,1849,PRIVATE_URL,222,233,hotmail.com,overlaps_other_reference_label,EMAIL,"b: ""Wir atmen jetzt gemeinsam, ein neues Kapitel beginnt."" Ein kurzer Funkspruch an 1939S@hotmail.com bestätigte den Triumph, während das Telefon unter 0164 979605419 jubelte."
presidio_de_core_news_lg,1851,PRIVATE_URL,68,74,St.Pet,overlaps_other_reference_label,CITY,"Zeitungsartikel – Erhalt der historischen Straßenbahnlinien in Linz St.Peter
Die Stadtverwaltung hat beschlossen, die jahrhundertealte Straßenbahnlinie neu zu bele"
presidio_de_core_news_lg,1854,PRIVATE_URL,296,307,outlook.com,overlaps_other_reference_label,EMAIL," mehr aktuell sind, aktualisieren Sie bitte Ihre 89876083 und informieren Sie uns per LSP@outlook.com."
presidio_de_core_news_lg,1855,PRIVATE_URL,279,291,tutanota.com,overlaps_other_reference_label,EMAIL,ich bitte an unser Support‑Team unter der Nummer 0043.33 257 4125 oder per E‑Mail an 73JE@tutanota.com.
presidio_de_core_news_lg,1856,PRIVATE_URL,204,218,protonmail.com,overlaps_other_reference_label,EMAIL,"einold Weisgram, Geburtsdatum: 26/11/1956, Alter: 75, Geschlecht: Männlich, E‑Mail: 31EKE@protonmail.com, Telefon: +436-26-927.2200, Straße: Nordbergstraße, Hausnummer: 11, PLZ: 5101, Stadt: Inn"
presidio_de_core_news_lg,1860,PRIVATE_URL,46,58,tutanota.com,overlaps_other_reference_label,EMAIL,"In einer E‑Mail vom April/69 an amirrajemison@tutanota.com teilte Ayça mit, dass der Helix‑Nebelfotografie‑Workshop am 1969-04-03T00:00:00 aufgrund "
presidio_de_core_news_lg,1861,PRIVATE_URL,379,390,outlook.com,overlaps_other_reference_label,EMAIL,"55717 und Ihrer E‑Mail-Adresse dredaelli@hotmail.com, bis zum 1971-08-13T00:00:00 an EB97@outlook.com oder rufen Sie +43.75 698 2483 an."
presidio_de_core_news_lg,1861,PRIVATE_URL,330,341,hotmail.com,overlaps_other_reference_label,EMAIL,"hließlich Ihrer Steueridentifikationsnummer 77-2255717 und Ihrer E‑Mail-Adresse dredaelli@hotmail.com, bis zum 1971-08-13T00:00:00 an EB97@outlook.com oder rufen Sie +43.75 698 2483 an."
presidio_de_core_news_lg,1864,PRIVATE_URL,623,634,hotmail.com,overlaps_other_reference_label,EMAIL,"I‑Schwellen freigegeben werden. Bitte bestätigen Sie die Aktualisierung per E‑Mail an SM6@hotmail.com oder telefonisch unter 051 3351-0225 bis spätestens zum 23. Dezember 1949.
Mit freundlich"
presidio_de_core_news_lg,1865,PRIVATE_URL,119,133,protonmail.com,overlaps_other_reference_label,EMAIL,"e einreichen
Name: Taimoor Keerthigan Mraovic Thavanesan
Alter: 2
Geschlecht: F
E‑Mail: H@protonmail.com
Ort der Geschichte: Salzburg Altstadt Altstadt
Kurzbeschreibung (max. 200 Zeichen): ""Nice"
presidio_de_core_news_lg,1868,PRIVATE_URL,317,324,aol.com,overlaps_other_reference_label,EMAIL,"te senden Sie uns bis zum 2002-09-12T00:00:00 einen Kostenvoranschlag per E‑Mail an W1955@aol.com. In Ihrer Offerte sollten die Modelle, die Stromversorgung (Solar‑ oder Batteriebetrieb) "
presidio_de_core_news_lg,1869,PRIVATE_URL,229,238,gmail.com,overlaps_other_reference_label,EMAIL,Sie die Angaben von Fadhel bezüglich der Notausgänge und bestätigen Sie per E‑Mail an Z67@gmail.com.
presidio_de_core_news_lg,1873,PRIVATE_URL,339,350,hotmail.com,overlaps_other_reference_label,EMAIL,"Nr. 3. Der Nutzer bestätigte die Auswahl per Sprachbefehl, wobei seine E‑Mail-Adresse BAW@hotmail.com im System hinterlegt ist. Zusätzlich wurde sein Alter von 43 Jahren und sein Geschlecht ("
presidio_de_core_news_lg,1874,PRIVATE_URL,1034,1043,gmail.com,overlaps_other_reference_label,EMAIL,n 15 % auf die Grundgebühr. Weitere Informationen erhalten Sie unter der E‑Mail-Adresse G@gmail.com.
presidio_de_core_news_lg,1877,PRIVATE_URL,417,426,gmail.com,overlaps_other_reference_label,EMAIL,"90820, Ihren 4OUYF7OPLP sowie Ihr Geburtsdatum 23/10/2010 per verschlüsselter E‑Mail an B@gmail.com senden. Für Rückfragen stehen wir Ihnen unter (53).1256 6263 zur Verfügung; unser Team in"
presidio_de_core_news_lg,1881,PRIVATE_URL,495,507,tutanota.com,overlaps_other_reference_label,EMAIL,"3, Personalausweis‑Nummer – 92771998; senden Sie das ausgefüllte Formular an jivanrejaibi@tutanota.com oder bringen Sie es persönlich zum Büro in der Kaiserjägerstraße 6a, 9020 Wien."
presidio_de_core_news_lg,1886,PRIVATE_URL,491,505,protonmail.com,overlaps_other_reference_label,EMAIL,165 und Ihre Steuernummer 38-1994420 an. Bei Fragen kontaktieren Sie mich per E‑Mail an A@protonmail.com oder telefonisch unter 00-05.64 86 02.
presidio_de_core_news_lg,1888,PRIVATE_URL,735,742,aol.com,overlaps_other_reference_label,EMAIL,"as externe Dienstleistungsbüro, Kontaktperson: Priyankan Boogen Omuro, E‑Mail: yasharde c@aol.com.
b) Verbesserung der Arbeitsbedingungen am Standort Lerchenfelder Straße 2177 in Wien Leo"
presidio_de_core_news_lg,1889,PRIVATE_URL,243,252,gmail.com,overlaps_other_reference_label,EMAIL,entitätsprüfung senden Sie bitte Ihre 13811261 sowie Ihre aktuelle E‑Mail-Adresse ADM2011@gmail.com an unser Study‑Team.
presidio_de_core_news_lg,1892,PRIVATE_URL,502,514,tutanota.com,overlaps_other_reference_label,EMAIL,Luftfeuchtigkeit nun bei 78% liegt. Für Rückfragen erreichen Sie mich per E‑Mail unter GS@tutanota.com oder telefonisch unter 0022-98050557. Die vollständigen Datensätze inklusive Gen‑Sequenzi
presidio_de_core_news_lg,1893,PRIVATE_URL,241,250,gmail.com,overlaps_other_reference_label,EMAIL,"deutsche Krankenversicherungskarte, bitte senden Sie diese Dokumente per E‑Mail an lamiin@gmail.com."
presidio_de_core_news_lg,1894,PRIVATE_URL,225,236,outlook.com,overlaps_other_reference_label,EMAIL,"71), die jeweiligen 3866592096752871 für die Kostenbeteiligung und die Kontakt‑E‑Mail F47@outlook.com."
presidio_de_core_news_lg,1895,PRIVATE_URL,178,189,outlook.com,overlaps_other_reference_label,EMAIL,"Name: Robi Zijadin Fornerod
Geburtsdatum: 30/09/1979
Geschlecht: M
E‑Mail: nandhiradautan@outlook.com
Postanschrift: Sebastian-Scheel-Straße 1763, 4040 Meiningen
Nach dem Absenden erhalten Si"
presidio_de_core_news_lg,1900,PRIVATE_URL,189,200,hotmail.com,overlaps_other_reference_label,EMAIL,‑Flow‑Mapping zu übermitteln; senden Sie die CSV‑Dateien bitte an meine E‑Mail‑Adresse KP@hotmail.com und fügen Sie Ihre Kundennummer 65777007 sowie Ihren Geburtsort Salzburg Riedenburg bei.
presidio_de_core_news_lg,1902,PRIVATE_URL,353,367,protonmail.com,overlaps_other_reference_label,EMAIL, anhand von 3077 500504‑Statistiken belegt. Für Rückfragen steht er unter der E‑Mail RBMK@protonmail.com oder telefonisch unter +87.09337 1686 zur Verfügung.
presidio_de_core_news_lg,1903,PRIVATE_URL,436,445,yahoo.com,overlaps_other_reference_label,EMAIL,"mer wurden gebeten, ihre eigenen Projektbeschreibungen bis zum 1939-06-21T00:00:00 an TAC@yahoo.com zu senden, damit ein zweiter Review erfolgen kann."
presidio_de_core_news_lg,1904,PRIVATE_URL,270,284,protonmail.com,overlaps_other_reference_label,EMAIL,14 in Wien Brigittenau Brigittenau stattfindet. Bitte bestätigen Sie meine sarecabdulqadi@protonmail.com und meine 006089633.4124.
presidio_de_core_news_lg,1905,PRIVATE_URL,269,281,tutanota.com,overlaps_other_reference_label,EMAIL,z Jakomini Jakomini erhältlich sein wird. Bitte senden Sie Ihre Rückmeldung sowie Ihre LI@tutanota.com und Ihre Telefonnummer +43.187 772-3717 bis zum 1944-02-24T00:00:00 an unser Vertriebstea
presidio_de_core_news_lg,1906,PRIVATE_URL,865,872,aol.com,overlaps_other_reference_label,EMAIL,"von 9817 631216 und 46-1329394 erforderlich sein kann, und die Unterlagen per E‑Mail an K@aol.com senden."
presidio_de_core_news_lg,1907,PRIVATE_URL,67,78,outlook.com,overlaps_other_reference_label,EMAIL,"Bitte senden Sie Ihre Rückmeldung bis zum 1971-01-30T00:00:00 an M@outlook.com oder rufen Sie uns unter +377.900-847 4553 an; unser Büro befindet sich in der Heuweg 4, "
presidio_de_core_news_lg,1910,PRIVATE_URL,373,385,tutanota.com,overlaps_other_reference_label,EMAIL,"hließlich Ihres 09673790 und einer Kopie des Z9991185, bis spätestens Juni 22., 1972 an H@tutanota.com. Für Rückfragen stehen wir Ihnen unter 0065.66731475 zur Verfügung."
presidio_de_core_news_lg,1912,PRIVATE_URL,74,83,gmail.com,overlaps_other_reference_label,EMAIL,"Bitte lassen Sie uns Ihre Ermias Ziemowit Hormozi sowie die zugehörige SR@gmail.com zukommen, damit wir Ihr persönliches DIY‑Hygienekit zusammenstellen und am 1962-11-08T00:"
presidio_de_core_news_lg,1915,PRIVATE_URL,162,171,yahoo.com,overlaps_other_reference_label,EMAIL,"schlecht: F / Männlich; Adresse: 38 Dürerstraße, 4020 Lengfelden; Kontaktdaten: E‑Mail DM@yahoo.com, Telefon 01439.81 569.0123.\nBitte fügen Sie eine Kopie Ihres Personalausweises (27704168"
presidio_de_core_news_lg,1916,PRIVATE_URL,314,326,tutanota.com,overlaps_other_reference_label,EMAIL,pien Ihres Reisepasses (L0110295) und Ihrer Kreditkarte (4509032123882535) an kavisastell@tutanota.com.
presidio_de_core_news_lg,1922,PRIVATE_URL,470,484,protonmail.com,overlaps_other_reference_label,EMAIL," aktuelle Adresse (Am Winterhafen 101, 6072 Salzburg-Umgebung) und Ihre Kontaktdaten (CJL@protonmail.com, 0043-40-962.5856) mit.
Als Nachweis Ihrer Identität benötigen wir eine Kopie Ihres Perso"
presidio_de_core_news_lg,1932,PRIVATE_URL,173,182,gmail.com,overlaps_other_reference_label,EMAIL," intuitiven Lernmodulen zu erhalten. Geben Sie Ihre Kontaktdaten ein, z. B. E‑Mail: K1937@gmail.com und Telefon: 072-0760.7614, sowie Ihren Wohnort (Freistädter Straße 22, 5020 Salzburg)."
presidio_de_core_news_lg,1934,PRIVATE_URL,760,769,yahoo.com,overlaps_other_reference_label,EMAIL,agen kontaktieren Sie uns bitte unter 014360486 6047 oder senden Sie eine Nachricht an SA@yahoo.com; wir stehen Ihnen gerne zur Verfügung.
presidio_de_core_news_lg,1937,PRIVATE_URL,297,306,gmail.com,overlaps_other_reference_label,EMAIL,"lles Alter (17). Weiterhin muss das Geschlecht (Agender) sowie die E‑Mail‑Adresse (JB1938@gmail.com) angegeben werden, um Systembenachrichtigungen zu erhalten. Für die Verifikation sind Tel"
presidio_de_core_news_lg,1943,PRIVATE_URL,162,171,gmail.com,overlaps_other_reference_label,EMAIL,"cht: Agender
Adresse: Badstraße 170, 6020 Innsbruck Sadrach
Kontakt: +9666193-5187 | PMAL@gmail.com
Steuer‑ID: 67-7137007
Bank‑Info: 6225067751775913
Bitte senden Sie das ausgefüllte Formul"
presidio_de_core_news_lg,1944,PRIVATE_URL,694,701,aol.com,overlaps_other_reference_label,EMAIL, Antworten zusammen mit Ihrer 78733876 und Ihrem bevorzugten Kommunikationsweg (E‑Mail: S@aol.com oder Telefon: 02-4430.6950) bis zum August/57 an unser Team. Als Dankeschön erhalten Sie 
presidio_de_core_news_lg,1945,PRIVATE_URL,390,401,outlook.com,overlaps_other_reference_label,EMAIL,"e Ergebnisse im Projekt‑Management, unterstützt durch die persönliche E‑Mail-Adresse 24SS@outlook.com und die telefonische Erreichbarkeit unter 014301.931-0432.
Zusätzliche administrative Dat"
presidio_de_core_news_lg,1946,PRIVATE_URL,201,213,tutanota.com,overlaps_other_reference_label,EMAIL,"eren, empfehlen wir die Erweiterung Ihres Online‑Shops über die Plattformen von heldahohl@tutanota.com und die Integration einer automatisierten Zahlungsabwicklung mittels 6595117452867221; gl"
presidio_de_core_news_lg,1949,PRIVATE_URL,410,417,aol.com,overlaps_other_reference_label,EMAIL,"eitsteht. Bitte bestätigen Sie Ihre Teilnahme bis zum 15. des Monats per E‑Mail an TB1950@aol.com und geben Sie dabei Ihre aktuelle Telefonnummer für Rückfragen an: +5-26-179-4641.

Mit f"
presidio_de_core_news_lg,1951,PRIVATE_URL,718,729,outlook.com,overlaps_other_reference_label,EMAIL," Der Bericht schlägt vor, dass jede Sitzung mit einer kurzen Bestätigung per E‑Mail an LC@outlook.com abgeschlossen wird, in der sowohl das erreichte Ziel als auch das nächste konkrete Ziel ("
presidio_de_core_news_lg,1952,PRIVATE_URL,482,489,aol.com,overlaps_other_reference_label,EMAIL,tte bestätigen Sie Ihre Teilnahme bis zum 2026-02-23T00:00:00 per E‑Mail an sayimantrilli@aol.com oder telefonisch unter (98).5394 7646. Wir freuen uns auf einen inspirierenden Abend voll
presidio_de_core_news_lg,1953,PRIVATE_URL,208,219,hotmail.com,overlaps_other_reference_label,EMAIL,"lnehmen möchten. Bitte teilen Sie Ihre bevorzugten Kommunikationskanäle per E‑Mail an AMO@hotmail.com und Ihre Verfügbarkeit am 21. Dezember 2017 mit. Ihre Rückmeldung hilft uns, ein inklusiv"
presidio_de_core_news_lg,1954,PRIVATE_URL,286,295,yahoo.com,overlaps_other_reference_label,EMAIL,"Nummer: 69121738
Führerschein‑Nr.: H0PBNOVVM2
Steuer‑Nr.: 12-0276678
Kontakt‑E‑Mail: L@yahoo.com
Unterschrift: _______________________   Datum: 24/05/1936"
presidio_de_core_news_lg,1956,PRIVATE_URL,1130,1141,outlook.com,overlaps_other_reference_label,EMAIL,"Projektkoordinator
Unterer Plumes 1699
4040 Wien
Telefon: +9-636-251.1155  
E‑Mail: 01IOG@outlook.com"
presidio_de_core_news_lg,1956,PRIVATE_URL,448,455,aol.com,overlaps_other_reference_label,EMAIL,"ntifizieren. Bitte bestätigen Sie Ihre Teilnahme bis zum Mai/78 per E‑Mail an dorstachowi@aol.com oder telefonisch unter +43.28186.8068.

Für die Organisation benötigen wir zusätzlich die"
presidio_de_core_news_lg,1957,PRIVATE_URL,291,303,tutanota.com,overlaps_other_reference_label,EMAIL,"aplanhof Kaplanhof stattfinden wird. Bitte bestätigen Sie Ihre Teilnahme per E‑Mail an CM@tutanota.com oder telefonisch unter +43-19-520.0068, damit wir die Teilnehmer‑liste finalisieren könne"
presidio_de_core_news_lg,1958,PRIVATE_URL,167,179,tutanota.com,overlaps_other_reference_label,EMAIL,"Lisibach
Geburtsdatum: 28/09/1984
Geschlecht (biologisch): Männlich
E‑Mail: mohandpajares@tutanota.com
Telefon: 08 63-61-12-53
Adresse: Rauchenbichlerstraße 86, 4020 Linz Niedernhart Niedernha"
presidio_de_core_news_lg,1959,PRIVATE_URL,266,280,protonmail.com,overlaps_other_reference_label,EMAIL,"fiziert sich als Männlich.
Melde dich bis zum 22. September 2023 per E‑Mail an ikramcrenn@protonmail.com an, um ein Meet‑and‑Greet zu sichern.
Wir freuen uns auf ein windiges Erlebnis!"
presidio_de_core_news_lg,1960,PRIVATE_URL,544,553,yahoo.com,overlaps_other_reference_label,EMAIL,"nd 64-7046067 erforderlich, während die Kontaktinformationen per E‑Mail an leeyabergström@yahoo.com und telefonisch unter +77.666977723 erfolgen sollten. Die Produktionsstätte befindet sich"
presidio_de_core_news_lg,1962,PRIVATE_URL,227,238,outlook.com,overlaps_other_reference_label,EMAIL,. September 1995 erfolgreich war. Bitte bestätigen Sie Ihre Kontaktdaten per E‑Mail an ND@outlook.com oder telefonisch unter (50).9092-6957. Wir stehen Ihnen für Rückfragen jederzeit zur Verf
presidio_de_core_news_lg,1963,PRIVATE_URL,146,160,protonmail.com,overlaps_other_reference_label,EMAIL,w Drop Meditations durch; bitte geben Sie Ihr Alter an (38) und Ihre E‑Mail-Adresse (SPST@protonmail.com) für eventuelle Rückmeldungen. Ihre geschlechtliche Identität (Androgyn) ist ebenfalls vo
presidio_de_core_news_lg,1965,PRIVATE_URL,666,678,tutanota.com,overlaps_other_reference_label,EMAIL,ich bitte um Rückmeldung bis zum 1966-06-19T00:00:00 an meine Kontaktadresse aneedehelean@tutanota.com oder per Fax an 0043-76-611.9507.
presidio_de_core_news_lg,1966,PRIVATE_URL,602,613,outlook.com,overlaps_other_reference_label,EMAIL,nis bis zum 22/05/1999 über die Plattform zurück; Ihre Bestätigung kann per E‑Mail an DSA@outlook.com oder via verschlüsseltem Link erfolgen.
presidio_de_core_news_lg,1968,PRIVATE_URL,58,69,outlook.com,overlaps_other_reference_label,EMAIL,Bitte bestätigen Sie Ihre Teilnahme per E‑Mail an ksioros@outlook.com oder telefonisch unter 8603.146-5004 bis zum 1980-08-31T00:00:00.
presidio_de_core_news_lg,1969,PRIVATE_URL,567,579,tutanota.com,overlaps_other_reference_label,EMAIL, Sie es zusammen mit einer Kopie Ihres 36472029 bis spätestens 3. Oktober 2022 an quiseys@tutanota.com zurück. Sollten Sie Fragen zu Ihrer Teilnahme oder zu eventuellen Gesundheitsbeschränkung
presidio_de_core_news_lg,1974,PRIVATE_URL,452,459,aol.com,overlaps_other_reference_label,EMAIL,"eren. Sie empfiehlt zudem, bei der Buchung von Unterkünften stets die offizielle E‑Mail N@aol.com zu verwenden und die Kontaktperson dort nach einer Bestätigung des Aufenthalts zu fragen."
presidio_de_core_news_lg,1978,PRIVATE_URL,205,216,hotmail.com,overlaps_other_reference_label,EMAIL,r Vorstadt; bitte bestätigen Sie Ihre Anwesenheit bis zum 29/01/2015 per E‑Mail an tisirg@hotmail.com.
presidio_de_core_news_lg,1979,PRIVATE_URL,226,240,protonmail.com,overlaps_other_reference_label,EMAIL,"tum: Februar 8., 1971 – Alter: 40 – Geschlecht: F / Identität: Weiblich
Kontakt: E‑Mail G@protonmail.com, Telefon +43.47.630.0525
Adresse: Kellergasse 19, 1200 Salzburg Liefering Liefering
Steue"
presidio_de_core_news_lg,1980,PRIVATE_URL,124,133,yahoo.com,overlaps_other_reference_label,EMAIL,"c, bitte übermitteln Sie für das neue Talent‑Scouting‑Verfahren Ihre Kontaktdaten inkl. F@yahoo.com, +5.760 859-7843 und Geburtsdatum 29/02/2008; zudem benötigen wir Ihre aktuelle Anschrift"
presidio_de_core_news_lg,1984,PRIVATE_URL,645,656,outlook.com,overlaps_other_reference_label,EMAIL,"betreffen. Bitte schicke mir eine kurze Bestätigung deinerseits an die E‑Mail‑Adresse SGS@outlook.com oder ruf mich an (025 236-4846), damit wir gemeinsam einen für beide passenden Rhythmus f"
presidio_de_core_news_lg,1987,PRIVATE_URL,348,357,gmail.com,overlaps_other_reference_label,EMAIL," Römerberg Römerberg und wir dokumentierten jedes Naturschauspiel per E‑Mail an aelitrins@gmail.com.
Nach einem atemberaubenden Tag voller Spray und Gischt versprachen wir, am nächsten Morg"
presidio_de_core_news_lg,1989,PRIVATE_URL,528,539,hotmail.com,overlaps_other_reference_label,EMAIL,"
Mironija (Kunde): „Super, danke! Meine aktuelle E‑Mail‑Adresse für Rückfragen lautet JFd@hotmail.com.""

Choeying (Support): „Bitte beachten Sie, dass das Mindestalter für die Teilnahme 18 Ja"
presidio_de_core_news_lg,1990,PRIVATE_URL,72,83,outlook.com,overlaps_other_reference_label,EMAIL,"April 28., 2008 Bgm Jana-Maria Siranee Terrazzano Mornata Büsch (<T1990@outlook.com>) schreibt:
""Sehr geehrte/r Frau/Herr Supakaran,
im Rahmen unserer kontinuierlichen Bewer"
presidio_de_core_news_lg,1991,PRIVATE_URL,159,168,gmail.com,overlaps_other_reference_label,EMAIL,"eichnung: ""Präs Nachhaltigkeitsinitiative"" – Verantwortlich: Autumn Üzgün (E‑Mail: 1949US@gmail.com)
2. Grundlegende Kennzahlen: 
   - Gesamteindruck: ★★★★☆
   - Ökologische Fußspur: 821923"
presidio_de_core_news_lg,1992,PRIVATE_URL,433,444,hotmail.com,overlaps_other_reference_label,EMAIL,"en. Sollten Sie weitere Informationen benötigen, senden Sie bitte eine Nachricht an 1958M@hotmail.com; wir antworten innerhalb von 24 Stunden. Wir freuen uns darauf, Sie bald in unserer Praxi"
presidio_de_core_news_lg,1993,PRIVATE_URL,72,86,protonmail.com,overlaps_other_reference_label,EMAIL,"Um eine Dolmetscher‑Begleitung zu organisieren, senden Sie bitte Ihre M@protonmail.com an unser Koordinationsteam und geben Sie Ihren Geschlechterqueer an."
presidio_de_core_news_lg,1997,PRIVATE_URL,54,61,aol.com,overlaps_other_reference_label,EMAIL,Herr Kerry Scheuring hat die Daten per E‑Mail an MBGE@aol.com übermittelt und wartet auf das finale Go‑Signal.
presidio_de_core_news_lg,1999,PRIVATE_URL,132,146,protonmail.com,overlaps_other_reference_label,EMAIL,"ie Ihr aktuelles Atemvolumen mit dem Gerät und teilen Sie uns Ihre Werte per E‑Mail an PI@protonmail.com mit.
Patient: Danke, ich werde die Daten heute Abend hochladen; meine Kreditkartennummer "
presidio_de_core_news_lg,2000,PRIVATE_URL,62,73,hotmail.com,overlaps_other_reference_label,EMAIL,Wir senden Ihnen gerne die Vertragsdetails per E‑Mail an SM19@hotmail.com und bestätigen Ihnen den Termin am 27. Februar 1966. Für die Sicherheitsprüfung ist ein g
presidio_de_core_news_lg,2003,PRIVATE_URL,90,104,protonmail.com,overlaps_other_reference_label,EMAIL,Bitte kontaktieren Sie den Veranstaltungsleiter unter (893)-9063673 oder per E‑Mail an SB@protonmail.com; die Teilnahmegebühr von 120 € kann bequem mit Ihrer Kreditkarte (5478811923297841) oder 
presidio_de_core_news_lg,2004,PRIVATE_URL,335,344,gmail.com,overlaps_other_reference_label,EMAIL,bt mir eine kurze Nachricht an +2.230.028.1770 oder teilt Ihre Kontaktdaten per E‑Mail (M@gmail.com).
presidio_de_core_news_lg,2006,PRIVATE_URL,133,140,aol.com,overlaps_other_reference_label,EMAIL,"ampikowski Uicker
Datum: November 14., 2015
Postleitzahl: 5020 Linz
Kontakt: E‑Mail 1950A@aol.com, Telefon +430 663.755.5012
Kurzfassung: Die Analyse von Stammzellen zeigt vielversprechen"
presidio_de_core_news_lg,2009,PRIVATE_URL,281,293,tutanota.com,overlaps_other_reference_label,EMAIL," Ihnen angegebene Konto überwiesen; eine Bestätigung wurde an Ihre E‑Mail-Adresse (1979PM@tutanota.com) gesendet. Ihre vollständige Adresse lautet Pachmayrstraße 2, 6020 Klagenfurt am Wörthers"
presidio_de_core_news_lg,2010,PRIVATE_URL,529,538,yahoo.com,overlaps_other_reference_label,EMAIL,"s über die Steuernummer 31-0279314 abgewickelt wird, und benötigen die Kontaktdaten von B@yahoo.com sowie +4 824.734.8596 für Rückfragen. Bitte prüfen Sie die Angaben und bestätigen Sie per"
presidio_de_core_news_lg,2013,PRIVATE_URL,448,457,gmail.com,overlaps_other_reference_label,EMAIL,"tte senden Sie uns Ihre aktuellen Kontaktdaten, einschließlich Ihrer E‑Mail‑Adresse (SVFK@gmail.com) und Telefonnummer (+4307-987-8340), sowie Ihre Steueridentifikationsnummer (46-5858936) "
presidio_de_core_news_lg,2014,PRIVATE_URL,447,461,protonmail.com,overlaps_other_reference_label,EMAIL,"h, sowie die Sozialversicherungsnummer 5462 881115. Bitte senden Sie die Bestätigung an H@protonmail.com und geben Sie Ihre Anschrift, Amraser Straße 28, 1190 Graz Lend Lend."
presidio_de_core_news_lg,2016,PRIVATE_URL,219,230,hotmail.com,overlaps_other_reference_label,EMAIL,"r 20., 1944 in Linz Kaplanhof Kaplanhof einzuladen. Bitte bestätigen Sie per E‑Mail an Gv@hotmail.com."
presidio_de_core_news_lg,2018,PRIVATE_URL,95,109,protonmail.com,overlaps_other_reference_label,EMAIL,"deformular:
Senator Nagjie Olds Cherreck
Geburtstag: 9. Mai 2018
Geschlecht: F
E‑Mail: KS@protonmail.com
Adresse: Waldeggstraße 48-50, 6072 Leonding"
presidio_de_core_news_lg,2019,PRIVATE_URL,294,305,outlook.com,overlaps_other_reference_label,EMAIL,rvollständigen; bei Fragen kontaktieren Sie uns unter 000 372 3201 oder per E‑Mail an N18@outlook.com.
presidio_de_core_news_lg,2021,PRIVATE_URL,362,371,gmail.com,overlaps_other_reference_label,EMAIL,g zu verhindern. Interessierte Unternehmen können weitere Informationen per E‑Mail an S05@gmail.com oder telefonisch unter 06.75.97-19-31 erhalten. Die Maßnahme wird durch die neue Steuerid
presidio_de_core_news_lg,2023,PRIVATE_URL,197,204,aol.com,overlaps_other_reference_label,EMAIL," erhalten?""
Medusa Dharma antwortet: ""Ja, ich habe das Memo am 19/06/2022 per E‑Mail (11H@aol.com) bekommen. Meine Fahrerlaubnis‑Nummer ist APRUT5NR8D und die Sozialversicherungs‑Nummer 3"
presidio_de_core_news_lg,2024,PRIVATE_URL,178,185,aol.com,overlaps_other_reference_label,EMAIL,aus und senden Sie es bis zum 22. Mai 2024 zurück. Geben Sie dafür Ihre E‑Mail-Adresse NP@aol.com sowie Ihre Telefonnummer +438.74 988-4450 an. Zusätzlich benötigen wir Ihr Geburtsdatum 2
presidio_de_core_news_lg,2028,PRIVATE_URL,493,502,gmail.com,overlaps_other_reference_label,EMAIL,"ltung schicken?'
Sen Shafi Kalbermatter: 'Klar, ich sende das heute noch per E‑Mail an FM@gmail.com zusammen mit meiner Kreditkarteninfo 8246079051155447 für die Bezahlung der Lichter.'"
presidio_de_core_news_lg,2030,PRIVATE_URL,352,363,outlook.com,overlaps_other_reference_label,EMAIL,"hrer Wohnadresse (Austraßensiedlung 31, 1020 Linz) und bestätigen Sie per E‑Mail an Z2018@outlook.com bis zum 02/10/1985."
presidio_de_core_news_lg,2033,PRIVATE_URL,172,183,hotmail.com,overlaps_other_reference_label,EMAIL,m Urbanskistraße 665 in Salzburg. Bitte bestätigen Sie Ihre Teilnahme per E‑Mail an 2012M@hotmail.com oder telefonisch unter (65)-7272.7730.
presidio_de_core_news_lg,2037,PRIVATE_URL,419,428,yahoo.com,overlaps_other_reference_label,EMAIL,"A
   - Postleitzahl: 5020
   - Ort: Hötting
   - Telefon: +43-67.886 6843
   - E‑Mail: LB@yahoo.com

3. Identitätsnachweise
   - Personalausweis‑Nummer: 22659592
   - Führerschein‑Nummer: N"
presidio_de_core_news_lg,2038,PRIVATE_URL,218,229,hotmail.com,overlaps_other_reference_label,EMAIL,"Devidal Golin (Geburtsdatum: 1953-01-31T00:00:00, Alter: 78)\nKontakt‑E‑Mail: arjwetlesen@hotmail.com\nTelefon: (688).3936655\nAdresse: Andersengasse 1812, 4040 Klagenfurt am Wörthersee Waidm"
presidio_de_core_news_lg,2039,PRIVATE_URL,479,490,hotmail.com,overlaps_other_reference_label,EMAIL,"ße 45A, Stadt – Linz Rathausviertel, Postleitzahl – 4020. Kontakt: E‑Mail – raginguerrier@hotmail.com, Telefon – 082-749 4906. Nachdem Sie alle Felder ausgefüllt haben, senden Sie das Formula"
presidio_de_core_news_lg,2040,PRIVATE_URL,35,46,outlook.com,overlaps_other_reference_label,EMAIL,"Senator Anneke Sapana Sezal (<31MS@outlook.com>) lädt Sie herzlich ein, am April 28., 1938 an einem interdisziplinären Workshop zu ""Coll"
presidio_de_core_news_lg,2040,PRIVATE_URL,508,517,yahoo.com,overlaps_other_reference_label,EMAIL,Impulse vereinen. Bitte bestätigen Sie Ihre Teilnahme bis zum 31/08/1938 per E‑Mail an <M@yahoo.com> und teilen Sie uns mögliche spezielle Anforderungen (z. B. Barrierefreiheit) mit. Wir fr
presidio_de_core_news_lg,2041,PRIVATE_URL,174,183,yahoo.com,overlaps_other_reference_label,EMAIL,"t Experiments"". Verantwortliche Person: Sen Lai Leonidas Gabrys Gils (E‑Mail: <reyantoshe@yahoo.com>, Telefon: +49 011-853.1134). Bitte geben Sie Ihre nationale Identifikationsnummer 329443"
presidio_de_core_news_lg,2045,PRIVATE_URL,780,792,tutanota.com,overlaps_other_reference_label,EMAIL,"ute Idee, ich trage das in die Agenda ein und schicke allen die Details per E‑Mail an NZK@tutanota.com."
presidio_de_core_news_lg,2046,PRIVATE_URL,862,869,aol.com,overlaps_other_reference_label,EMAIL,"r 13., 2022 per Kreditkarte zu begleichen. Bei Fragen kontaktieren Sie uns bitte unter HT@aol.com oder telefonisch unter 0318 34881816.'"
presidio_de_core_news_lg,2046,PRIVATE_URL,225,234,yahoo.com,overlaps_other_reference_label,EMAIL,"Alter: 52
Geschlecht (biologisch): Männlich
Geschlechtsidentität: Zwei-Geister
E‑Mail: HC@yahoo.com
Telefon: 0056-298676885
Anschrift: Semperstraße 18-20, 5020 Graz
Identifikationsnachweis "
presidio_de_core_news_lg,2047,PRIVATE_URL,577,586,yahoo.com,overlaps_other_reference_label,EMAIL,ifikationsnummer (83-6696832) zur Rechnungsstellung. Bitte senden Sie die Unterlagen an A@yahoo.com oder faxen Sie sie an 0143-94.073 9441. Nach erfolgreicher Anmeldung erhalten Sie einen p
presidio_de_core_news_lg,2049,PRIVATE_URL,186,193,aol.com,overlaps_other_reference_label,EMAIL,ir die nächsten Schritte koordinieren können; eine Bestätigung erfolgt per E‑Mail an BGHS@aol.com oder telefonisch unter 004311632.7135.
presidio_de_core_news_lg,2050,PRIVATE_URL,251,260,yahoo.com,overlaps_other_reference_label,EMAIL,"az Innere Stadt Innere Stadt ein. Bitte bestätigen Sie Ihre Teilnahme per E‑Mail an 1946B@yahoo.com oder telefonisch unter +43 84 271-1233, damit wir die Sitzplatzkapazität korrekt planen k"
presidio_de_core_news_lg,2052,PRIVATE_URL,599,611,tutanota.com,overlaps_other_reference_label,EMAIL,** Sie erreichen uns jederzeit unter der Telefonnummer 08.1990-5597 oder per E‑Mail an DN@tutanota.com.
presidio_de_core_news_lg,2053,PRIVATE_URL,409,418,gmail.com,overlaps_other_reference_label,EMAIL,"re bevorzugte Anrede (Bigender). Kontaktieren Sie uns noch heute per E‑Mail an hénopushka@gmail.com oder telefonisch unter 004.5717 1350, um Ihren Platz zu reservieren. Die Buchung ist gesi"
presidio_de_core_news_lg,2054,PRIVATE_URL,208,219,hotmail.com,overlaps_other_reference_label,EMAIL,ails und bestätigen Sie Ihre Anwesenheit per SMS an 035.084-9999 oder per E‑Mail an J1999@hotmail.com. Wir freuen uns auf Sie!
presidio_de_core_news_lg,2055,PRIVATE_URL,267,278,hotmail.com,overlaps_other_reference_label,EMAIL," Innsbruck Hötting stattfinden wird. Bitte bestätigen Sie Ihre Teilnahme per E‑Mail an MM@hotmail.com und teilen Sie uns Ihr Alter (24) mit, damit wir die Inhalte optimal anpassen können."
presidio_de_core_news_lg,2056,PRIVATE_URL,195,209,protonmail.com,overlaps_other_reference_label,EMAIL,"eiter: Doktorin Erk de Loë Boduk Domini
Geburtsdatum: 10/07/1955
Kontakt‑E‑Mail: evoarchb@protonmail.com
Geschlecht: Transgender"
presidio_de_core_news_lg,2057,PRIVATE_URL,321,330,yahoo.com,overlaps_other_reference_label,EMAIL,"492283
Sozialversicherungsnummer: 7209 081107
Kontakt: Telefon +22.765495606 – E‑Mail SAP@yahoo.com
Adresse: Hugo-Wolf-Straße 21, 8020 Salzburg Itzling
Bitte füllen Sie alle Felder aus, bev"
presidio_de_core_news_lg,2059,PRIVATE_URL,104,113,yahoo.com,overlaps_other_reference_label,EMAIL,"tèr Hulku, wir haben Ihr Profil aktualisiert. Bestätigen Sie bitte Ihre E‑Mail-Adresse MB@yahoo.com sowie Ihr Geburtsdatum Januar/56. Ihre Genderidentität Zwei-Geister und Ihr Alter 49 wurd"
presidio_de_core_news_lg,2060,PRIVATE_URL,625,637,tutanota.com,overlaps_other_reference_label,EMAIL,"eben haben. Für Rückfragen erreichen Sie uns unter +6713734.2520 oder per E‑Mail an 1982R@tutanota.com.

Wir danken Ihnen für Ihre Mitarbeit und Ihr Vertrauen in die Gesundheitsbehörden."
presidio_de_core_news_lg,2062,PRIVATE_URL,255,266,hotmail.com,overlaps_other_reference_label,EMAIL,"ertes Angebot zukommen zu lassen, benötigen wir bitte Ihre Kontaktdaten: E‑Mail-Adresse H@hotmail.com und Telefonnummer 04394 44828 . Zusätzlich benötigen wir Ihre Anschrift: Peter-Kreuder-We"
presidio_de_core_news_lg,2064,PRIVATE_URL,410,424,protonmail.com,overlaps_other_reference_label,EMAIL,issen und Vintage‑Holzschmuck begeistern. Bei Fragen erreichen Sie uns per E‑Mail unter I@protonmail.com oder telefonisch unter 084 7341.0952.
presidio_de_core_news_lg,2065,PRIVATE_URL,333,342,yahoo.com,overlaps_other_reference_label,EMAIL,"schickt werden.'\nKebrom Skelzen: 'Super, bitte senden Sie die Rechnung an meine E‑Mail K@yahoo.com und berücksichtigen Sie einen 10 % Rabatt für Erstkäufer.'"
presidio_de_core_news_lg,2068,PRIVATE_URL,869,883,protonmail.com,overlaps_other_reference_label,EMAIL,"Abschlussbericht: Der finale Bericht wird am 26/03/1994 erstellt und per E‑Mail an 1951CP@protonmail.com gesendet. Wir empfehlen, die Unterlagen bis spätestens 28. Juli 2018 vollständig einzurei"
presidio_de_core_news_lg,2069,PRIVATE_URL,502,513,outlook.com,overlaps_other_reference_label,EMAIL,ungsprotokoll unter der Referenznummer 67-2763449 einzutragen. Der Bericht wird an SB2010@outlook.com gesendet.
presidio_de_core_news_lg,2071,PRIVATE_URL,351,360,yahoo.com,overlaps_other_reference_label,EMAIL, der Waldeggstraße 9b in Graz statt. Bitte bestätigen Sie Ihre Teilnahme per E‑Mail an FC@yahoo.com oder telefonisch unter +43-21.471-0937. Wir freuen uns auf Ihr Kommen! Mit freundlichen G
presidio_de_core_news_lg,2072,PRIVATE_URL,514,528,protonmail.com,overlaps_other_reference_label,EMAIL,hersee – Postleitzahl 6020. Bei Fragen kontaktieren Sie bitte den Vermieter per E‑Mail: B@protonmail.com oder Telefon: +433-90.351-8481.
presidio_de_core_news_lg,2073,PRIVATE_URL,99,110,outlook.com,overlaps_other_reference_label,EMAIL,tätigen Sie Ihre Teilnahme an der Pressekonferenz am 12. September 1972 per E‑Mail an B12@outlook.com; wir benötigen dafür Ihre Personalausweisnummer 04593257 sowie Ihre aktuelle 65-jährige B
presidio_de_core_news_lg,2074,PRIVATE_URL,153,162,gmail.com,overlaps_other_reference_label,EMAIL,"Bürgermeisterin
2. Vorname: Mayleen Hagar
3. Nachname: Lafontant
4. E‑Mail: philihavránek@gmail.com
5. Telefon: 05030.72774 
6. Adresse:
   - Straße: Brennerstraße
   - Hausnummer: 30
   - "
presidio_de_core_news_lg,2074,PRIVATE_URL,872,881,yahoo.com,overlaps_other_reference_label,EMAIL,"__________

Bitte senden Sie das ausgefüllte Formular bis zum 1945-08-18T00:00:00 an LBEG@yahoo.com."
presidio_de_core_news_lg,2075,PRIVATE_URL,218,232,protonmail.com,overlaps_other_reference_label,EMAIL," 26, 5020 Innsbruck Pradl einzuladen. Bitte bestätigen Sie Ihre Teilnahme per E‑Mail an S@protonmail.com oder telefonisch unter 013 164.5903 bis zum 02/07/1946. Zur Sicherheit benötigen wir eine"
presidio_de_core_news_lg,2077,PRIVATE_URL,167,178,hotmail.com,overlaps_other_reference_label,EMAIL,"Houidi
Titel: Meister
Geburtsdatum: 2003-06-02T00:00:00
Alter: 40
Geschlecht: F
E‑Mail: N@hotmail.com
Telefon: 0174.845.113 4056
Startstadt: Innsbruck
Zielstadt: Innsbruck
Bevorzugtes Datum: "
presidio_de_core_news_lg,2083,PRIVATE_URL,310,321,outlook.com,overlaps_other_reference_label,EMAIL,", Entdeckungsdatum: März/72); für Rückfragen kontaktieren Sie uns per E‑Mail unter nahorg@outlook.com oder Telefon +43 27.834 5671. Die Koordinaten der Lagerstätte lauten Olga-Wisinger-Floria"
presidio_de_core_news_lg,2084,PRIVATE_URL,162,173,hotmail.com,overlaps_other_reference_label,EMAIL,"hirinov Mahamad Bilardello
Geburtsdatum: August 26., 2007
Geschlecht: Männlich
E‑Mail: EL@hotmail.com
Telefon: 0143-76-288.4926
Adresse:
  Straße: Industriezeile
  Hausnr.: 171
  Stadt: Graz
"
presidio_de_core_news_lg,2089,PRIVATE_URL,289,303,protonmail.com,overlaps_other_reference_label,EMAIL,"Brigittenau statt, Postleitzahl 9020.
Bitte bestätigen Sie Ihre Teilnahme per E‑Mail an B@protonmail.com oder rufen Sie uns unter 01 94 90-65.90 an, damit wir ausreichend Materialien bereitstell"
presidio_de_core_news_lg,2090,PRIVATE_URL,345,356,hotmail.com,overlaps_other_reference_label,EMAIL,"'
16/06/1980 Olujimi Hazyr: 'Schick mir deine Daten (ID‑Nummer: 07821191) per E‑Mail an S@hotmail.com oder ruf mich an unter +43-93-508.9388.'"
presidio_de_core_news_lg,2091,PRIVATE_URL,95,102,aol.com,overlaps_other_reference_label,EMAIL," Sie Unterstützung benötigen, kontaktieren Sie bitte Bgm Giasemi Petite per E‑Mail an FNC@aol.com oder telefonisch unter +10-088440597."
presidio_de_core_news_lg,2093,PRIVATE_URL,277,289,tutanota.com,overlaps_other_reference_label,EMAIL,"n! Ihr Feedback ist uns sehr wichtig: Bitte senden Sie Ihre Eindrücke und Anregungen an N@tutanota.com oder nutzen Sie das kurze Online‑Formular, das wir Ihnen per E‑Mail zugeschickt haben. Al"
presidio_de_core_news_lg,2094,PRIVATE_URL,397,406,gmail.com,overlaps_other_reference_label,EMAIL,s geplant ist. Für weitere Informationen oder Reservierungen kontaktieren Sie bitte H2021@gmail.com oder rufen Sie uns unter 0143.10-248.3948 an.
presidio_de_core_news_lg,2096,PRIVATE_URL,216,230,protonmail.com,overlaps_other_reference_label,EMAIL,"nstaltung am 16/12/1975 bereitsteht. Bitte senden Sie Ihre Kontaktdaten, einschließlich B@protonmail.com und +43-66 870.7231, sowie Ihre 61063920 zur Verifizierung. Unser Team, angeführt von Kay"
presidio_de_core_news_lg,2097,PRIVATE_URL,287,299,tutanota.com,overlaps_other_reference_label,EMAIL,ion sich geändert hat. Bitte bestätigen Sie den Erhalt dieses Schreibens per E‑Mail an JP@tutanota.com und senden Sie mir die neuen Vertragsbedingungen zu.
presidio_de_core_news_lg,2098,PRIVATE_URL,287,296,gmail.com,overlaps_other_reference_label,EMAIL,"vember/82. Zusätzlich werden Kontaktdaten wie Telefon 05738.94076  und E‑Mail raminmontas@gmail.com erfasst, ebenso die Ausweisdaten 84303187 und Führerschein‑Nummer LG5B3M8VIX zur Identitä"
presidio_de_core_news_lg,2102,PRIVATE_URL,1117,1126,yahoo.com,overlaps_other_reference_label,EMAIL,"erwendet und nach dem März 12., 1956 gelöscht.

Für Rückfragen stehen wir Ihnen unter FMB@yahoo.com oder telefonisch unter +7819442-1097 zur Verfügung."
presidio_de_core_news_lg,2103,PRIVATE_URL,830,837,aol.com,overlaps_other_reference_label,EMAIL," (Ferihumerstraße 6-8, 4020 Salzburg Schallmoos) und meine Kontaktdaten (086-206-5588, MM@aol.com) enthält.
Wenn Sie weitere Fragen haben, schreiben Sie bitte an eraes@aol.com."
presidio_de_core_news_lg,2103,PRIVATE_URL,908,915,aol.com,overlaps_other_reference_label,EMAIL,"06-5588, MM@aol.com) enthält.
Wenn Sie weitere Fragen haben, schreiben Sie bitte an eraes@aol.com."
presidio_de_core_news_lg,2105,PRIVATE_URL,193,204,hotmail.com,overlaps_other_reference_label,EMAIL,"nkten, abhängig von Ihrer Zahlungshistorie. Bitte senden Sie uns Ihre aktualisierte 1949J@hotmail.com und die letzten vier Ziffern Ihrer 3699696943397624 zur Verifizierung."
presidio_de_core_news_lg,2109,PRIVATE_URL,116,130,protonmail.com,overlaps_other_reference_label,EMAIL,"roni Pirazzo hat in seinem Bericht vom 27/06/2009 beschrieben, dass die Analyse von 1948M@protonmail.com und +43-154 392.0837 als Proxy‑Daten zur Beobachtung von Nutzerverhalten dient."
presidio_de_core_news_lg,2110,PRIVATE_URL,403,415,tutanota.com,overlaps_other_reference_label,EMAIL,"tätigen können. Für die Verpflegung benötigen wir Ihre Allergie‑Angaben per E‑Mail an T89@tutanota.com und Ihre Telefonnummer 0143830-343.0176, falls wir kurzfristig Änderungen mitteilen müsse"
presidio_de_core_news_lg,2111,PRIVATE_URL,623,632,gmail.com,overlaps_other_reference_label,EMAIL,"ren – gibt es dafür ein weiterführendes Handout? Meine Kontaktdaten lauten: E‑Mail DM2017@gmail.com, Telefon (572).7381965.
Vielen Dank und beste Grüße,
Tymothé Fabbio Gorynia Cartera"
presidio_de_core_news_lg,2112,PRIVATE_URL,360,374,protonmail.com,overlaps_other_reference_label,EMAIL,"d Hausnummer: Steigäcker 10
6. Postleitzahl: 4040
7. Wohnort: Linz
8. E‑Mail-Adresse: LAH@protonmail.com
9. Telefon (optional): 02542-223765
10. Steuernummer (für administrative Zwecke): 51-1300"
presidio_de_core_news_lg,2112,PRIVATE_URL,786,798,tutanota.com,overlaps_other_reference_label,EMAIL,eren Sie bitte das Zertifizierungsbüro unter +43-95-326-4240 oder per E‑Mail an taladebec@tutanota.com.
presidio_de_core_news_lg,2113,PRIVATE_URL,241,252,outlook.com,overlaps_other_reference_label,EMAIL,"on 24 Jahren entwickelt wurde. Bitte senden Sie Ihre Rückmeldung bis zum 01/06/1978 an PR@outlook.com und geben Sie Ihre bevorzugte Kontakt‑Telefonnummer +43 73-190.4608 an, damit wir ein per"
presidio_de_core_news_lg,2114,PRIVATE_URL,144,155,hotmail.com,overlaps_other_reference_label,EMAIL," den interplanetaren Teil der Jagd lautet I1873964. Wir haben Ihre E‑Mail-Adresse als 54T@hotmail.com gespeichert und bestätigen, dass Sie 69 Jahre alt sind. Bitte bestätigen Sie die Teilnahm"
presidio_de_core_news_lg,2118,PRIVATE_URL,142,151,gmail.com,overlaps_other_reference_label,EMAIL,"s Feedback‑Formular, das Sie bitte bis spätestens 2001-01-26T00:00:00 ausfüllen und an EC@gmail.com zurücksenden; das Formular fragt neben Ihrer 37 und Ihrem Zwei-Geister auch nach Ihrer bi"
presidio_de_core_news_lg,2122,PRIVATE_URL,296,310,protonmail.com,overlaps_other_reference_label,EMAIL,:innen. Für weiterführende Gespräche können Interessierte eine Nachricht an ramlaschnurre@protonmail.com senden. Die bevorstehende Konferenz in Wien am Mai/56 wird von vielen als Plattform für d
presidio_de_core_news_lg,2125,PRIVATE_URL,262,271,yahoo.com,overlaps_other_reference_label,EMAIL,"uar 13., 1960 zu verwenden. Bitte senden Sie mir die Rechnung an meine E‑Mail-Adresse 25N@yahoo.com, damit ich die Zahlung mit meiner Kreditkarte 5579765472915654 veranlassen kann. Für Rück"
presidio_de_core_news_lg,2126,PRIVATE_URL,553,564,hotmail.com,overlaps_other_reference_label,EMAIL,ei Fragen kontaktieren Sie uns per Telefon unter 0143.06.802.9655 oder per E‑Mail unter H@hotmail.com.
presidio_de_core_news_lg,2127,PRIVATE_URL,213,222,yahoo.com,overlaps_other_reference_label,EMAIL,sondere Unterstützungsprogramme anbietet. Bitte kontaktieren Sie Ferisa Florelle unter KI@yahoo.com oder telefonisch unter 07189-79210  für weitere Details.
presidio_de_core_news_lg,2131,PRIVATE_URL,322,336,protonmail.com,overlaps_other_reference_label,EMAIL,"28P@protonmail.com
Bitte senden Sie das ausgefüllte Formular bis zum 31. März 1951 an HRR@protonmail.com."
presidio_de_core_news_lg,2131,PRIVATE_URL,236,250,protonmail.com,overlaps_other_reference_label,EMAIL,"chtsfluid
4. Berufliche Position: Bürgermeisterin Pregowski
5. E‑Mail für Rückfragen: 28P@protonmail.com
Bitte senden Sie das ausgefüllte Formular bis zum 31. März 1951 an HRR@protonmail.com."
presidio_de_core_news_lg,2132,PRIVATE_URL,562,571,yahoo.com,overlaps_other_reference_label,EMAIL,"nummer (8753 490226) und die aktuelle Stromrechnung – an die Projektleitung unter 1977SAD@yahoo.com oder per Post an Leopoldstraße 38, Salzburg 4060."
presidio_de_core_news_lg,2133,PRIVATE_URL,230,242,tutanota.com,overlaps_other_reference_label,EMAIL,"datum: 18/07/2008
5. Alter: 64
6. Geschlechtsidentität: Weiblich
7. E‑Mail-Adresse: MvL23@tutanota.com
8. Telefon (Festnetz oder Mobil): +3347519-5145
9. Wohnadresse – Straße: Siebenundvierzig"
presidio_de_core_news_lg,2134,PRIVATE_URL,80,91,hotmail.com,overlaps_other_reference_label,EMAIL,"In einer Gegenüberstellung zeigte die Analyse, dass Anilson Kuzuoglu (E‑Mail: A@hotmail.com) über sein P2P‑Portfolio seit dem 01. Januar Oktober 29., 1948 durchschnittlich 8,4 % Ren"
presidio_de_core_news_lg,2135,PRIVATE_URL,406,415,gmail.com,overlaps_other_reference_label,EMAIL,"Straße, 1070 statt. Bitte bestätigen Sie Ihre Teilnahme bis zum 15. Mai per E‑Mail an 11C@gmail.com oder telefonisch unter 01487.876.153 9531.

Mit freundlichen Grüßen,
Meister Nermeen Camk"
presidio_de_core_news_lg,2136,PRIVATE_URL,541,555,protonmail.com,overlaps_other_reference_label,EMAIL,"080052997765).

Bitte kontaktieren Sie mich unter 0032-20.276 1389 oder per E‑Mail an 53S@protonmail.com, um weitere Details zu besprechen. Das offizielle Antragsdatum ist der 20/09/1984.

Mit f"
presidio_de_core_news_lg,2137,PRIVATE_URL,188,197,gmail.com,overlaps_other_reference_label,EMAIL,"a Yurdaner Schuh
Datum: 20/09/1993
Telefonische Rückfrage unter +4362-930 7092
E‑Mail: TK@gmail.com

1. Begrüßung und kurzer Rückblick auf die bisherigen Dreharbeiten in Linz.
2. Diskussion"
presidio_de_core_news_lg,2140,PRIVATE_URL,217,228,outlook.com,overlaps_other_reference_label,EMAIL,"Alter: 51\nGeschlecht (biologisch): Männlich\nGeschlechtsidentität: Weiblich\nE‑Mail: ESG@outlook.com\nTelefonnummer: 05 57.23 52-69\nAdresse: Feldstraße 41, 9020 Graz Geidorf Geidorf\n\nIch "
presidio_de_core_news_lg,2141,PRIVATE_URL,257,266,gmail.com,overlaps_other_reference_label,EMAIL,Bitte senden Sie uns Ihre aktuelle 95885605 sowie die Kopie des Q8607721 per E‑Mail an TF@gmail.com.
presidio_de_core_news_lg,2143,PRIVATE_URL,212,221,yahoo.com,overlaps_other_reference_label,EMAIL,Trainingsbericht mit dem geschätzten Kalorienverbrauch (ca. 74*10 kcal) per E‑Mail an B01@yahoo.com schickt.
presidio_de_core_news_lg,2147,PRIVATE_URL,526,537,hotmail.com,overlaps_other_reference_label,EMAIL,"des Vorfalls.
Die Vertraulichkeit wird durch die Nutzung einer separaten E‑Mail-Adresse G@hotmail.com sowie einer internen Telefonnummer 04054.901208 gewährleistet.
Verstöße führen zu diszipl"
presidio_de_core_news_lg,2148,PRIVATE_URL,695,706,hotmail.com,overlaps_other_reference_label,EMAIL,": Gymnasiumstraße 2, 6020 Innsbruck. Für Rückfragen erreichen Sie mich per E‑Mail unter T@hotmail.com oder telefonisch unter (405) 9391453."
presidio_de_core_news_lg,2149,PRIVATE_URL,554,561,aol.com,overlaps_other_reference_label,EMAIL,") erforderlich. Bitte reichen Sie alle Unterlagen vor der Abreise per E‑Mail an mchaplain@aol.com ein und stellen Sie sicher, dass Ihre persönlichen Daten – Name: Jermaine Mambro, Geburts"
presidio_de_core_news_lg,2152,PRIVATE_URL,130,139,yahoo.com,overlaps_other_reference_label,EMAIL,"rzlich zu Ihrem virtuellen Onboarding am 29. September 1995. Bitte prüfen Sie Ihre AC1961@yahoo.com und bestätigen Sie Ihre Teilnahme bis zum Januar 22., 1978. Für die Sicherheitsprüfung be"
presidio_de_core_news_lg,2153,PRIVATE_URL,462,474,tutanota.com,overlaps_other_reference_label,EMAIL,informationen mit 18-5258736. Bitte senden Sie alle Unterlagen bis zum 27. Juni 2022 an T@tutanota.com.
presidio_de_core_news_lg,2155,PRIVATE_URL,206,217,hotmail.com,overlaps_other_reference_label,EMAIL,"Mérida, Geburtsdatum: April/39, Adresse: Wiener Straße 78, 5020 Linz Waldegg, E‑Mail: K58@hotmail.com, Telefon: 00.6398.1966

Positionen:
1. Travel‑Pet‑Shampoo (30 ml) – 4,99 €
2. Feuchttüche"
presidio_de_core_news_lg,2156,PRIVATE_URL,269,276,aol.com,overlaps_other_reference_label,EMAIL,"en (klassisch, modern, minimal) verfügbar ist; das technische Datenblatt wird an mahfehri@aol.com gesendet und die Muster können ab dem 21/11/1966 in Ihrem Showroom unter Linke Brückenstr"
presidio_de_core_news_lg,2161,PRIVATE_URL,362,374,tutanota.com,overlaps_other_reference_label,EMAIL,"sieren. Ihre Angaben zu Geschlecht (M), Gender‑Identität (Männlich) und Kontakt‑E‑Mail (A@tutanota.com) werden ausschließlich für interne Berichte verwendet. Der Auswertungszeitraum beginnt am"
presidio_de_core_news_lg,2162,PRIVATE_URL,108,122,protonmail.com,overlaps_other_reference_label,EMAIL,"es Grünen Mobilitätsrahmens – interne Rundmail
Von: Bürgermeisterin Chabnam Tienelt <BAMB@protonmail.com>
An: alle Abteilungen
Datum: 1986-07-24T00:00:00

Liebe Kolleg*innen,

im Anhang finden S"
presidio_de_core_news_lg,2164,PRIVATE_URL,309,321,tutanota.com,overlaps_other_reference_label,EMAIL, mit Blick auf das kristallklare Wasser. Für Rückfragen erreichen Sie uns unter mukcateau@tutanota.com oder telefonisch unter 050.387.2836.
presidio_de_core_news_lg,2165,PRIVATE_URL,138,147,yahoo.com,overlaps_other_reference_label,EMAIL,"s‑Retreat, bitte senden Sie Ihre Rückmeldung von Kenai Urban an die E‑Mailadresse KDD1943@yahoo.com. Für statistische Zwecke erfassen wir zudem Ihre Sozialversicherungsnummer (2363 051208) "
presidio_de_core_news_lg,2167,PRIVATE_URL,206,213,aol.com,overlaps_other_reference_label,EMAIL," Wiederherstellung der barocken Fassaden präsentiert; für Rückfragen stehen wir unter S25@aol.com bereit, und die Projektfinanzierung wird über die Steueridentifikationsnummer 77-8773706 "
presidio_de_core_news_lg,2169,PRIVATE_URL,150,162,tutanota.com,overlaps_other_reference_label,EMAIL,"ank für Ihre Anfrage zum Bonsai‑Pflegeplan, den wir Ihnen gerne per E‑Mail an carisoezgül@tutanota.com zukommen lassen.
Bitte bestätigen Sie Ihre Adresse: Geblergasse 18, 1050 Klagenfurt am Wö"
presidio_de_core_news_lg,2171,PRIVATE_URL,1093,1104,outlook.com,overlaps_other_reference_label,EMAIL,"tzhalter für Laborcode).
   – Ergebnisbericht bis zum 15/08/1994 an das Leitungsteam (TDE@outlook.com) senden.

Unterschrift: ______________________   (Digital signiert am 23. April 1966)"
presidio_de_core_news_lg,2172,PRIVATE_URL,36,45,yahoo.com,overlaps_other_reference_label,EMAIL,"Hr Vytis Antonios Céréda (mailto:LS@yahoo.com):
Betreff: Koordination des multidisziplinären Therapieteams

Liebe Kolleg*innen,
bitte b"
presidio_de_core_news_lg,2172,PRIVATE_URL,410,422,tutanota.com,overlaps_other_reference_label,EMAIL,"ie Ihre 5OZOMTICYX. Rückmeldung bitte bis zum 23/05/1957 an meine Mailadresse antonede ro@tutanota.com.

Mit freundlichen Grüßen,
Fr Anne-Christin Emanuelly Samuelian"
presidio_de_core_news_lg,2177,PRIVATE_URL,291,298,aol.com,overlaps_other_reference_label,EMAIL, mit 30 Teilnehmenden (Durchschnittsalter: 8 Jahre) durch. Die Rückmeldungen wurden per K@aol.com gesammelt und zeigen ein hohes Interesse an interaktiven Lernmethoden.
presidio_de_core_news_lg,2179,PRIVATE_URL,247,254,aol.com,overlaps_other_reference_label,EMAIL,von 37 Jahren zugeschnitten ist; bitte bestätigen Sie Ihre Teilnahme per E‑Mail an UBMA43@aol.com oder telefonisch unter +43197.094-1544.
presidio_de_core_news_lg,2181,PRIVATE_URL,343,357,protonmail.com,overlaps_other_reference_label,EMAIL,"esumsatz: 3104850619831464965
Bitte senden Sie das ausgefüllte Formular per E‑Mail an N27@protonmail.com oder per Post an die oben angegebene Anschrift."
presidio_de_core_news_lg,2185,PRIVATE_URL,222,233,hotmail.com,overlaps_other_reference_label,EMAIL,"hme zu sichern. Angaben zu Ihrer Person: Herr Zeriet Tecle Chuffart Centelighe (E‑Mail: M@hotmail.com; Telefon: +43.54-921.9232). Geburtsdatum (Februar/73), Geschlecht (Zwei-Geister) und aktu"
presidio_de_core_news_lg,2186,PRIVATE_URL,639,651,tutanota.com,overlaps_other_reference_label,EMAIL,"tel (Postleitzahl 8043).
08:20 Kouzmina: Bitte schickt mir eure Kontaktdaten (E‑Mail: 30P@tutanota.com; Führerschein: 9ATCMFN3XQ; Personalausweis: 16863052) bis spätestens morgen, damit ich di"
presidio_de_core_news_lg,2187,PRIVATE_URL,261,270,yahoo.com,overlaps_other_reference_label,EMAIL,Risiken der Teilnahme an der Expedition akzeptiere. Meine Kontaktangaben lauten: E‑Mail L@yahoo.com und Telefon +26 803.667.2410. Ich verzichte auf jegliche Ansprüche gegenüber den Organisa
presidio_de_core_news_lg,2189,PRIVATE_URL,154,161,aol.com,overlaps_other_reference_label,EMAIL,"gung für die Beteiligung von Amandeep an der Behandlung, wobei meine Kontaktdaten BNI1966@aol.com und +4-232 294-2108 gültig sind."
presidio_de_core_news_lg,2191,PRIVATE_URL,195,204,gmail.com,overlaps_other_reference_label,EMAIL,erungsnummer 2085 431209. Bitte senden Sie eine Kopie Ihres Reisepasses D4312982 an D2000@gmail.com bis zum 2025-04-10T00:00:00. Unsere Finanzabteilung wird die Kreditkartendaten 6759458539
presidio_de_core_news_lg,2192,PRIVATE_URL,211,220,gmail.com,overlaps_other_reference_label,EMAIL," Für Vegetarier und Veganer gibt es alternative Menüs, die Sie im Vorfeld per E‑Mail an P@gmail.com anfordern können. Die Gesamtkosten von 3194950080915450051 werden nach dem Event abgebuch"
presidio_de_core_news_lg,2193,PRIVATE_URL,243,255,tutanota.com,overlaps_other_reference_label,EMAIL," der Wiesengasse 35, 6020 Salzburg. Bitte bestätigen Sie Ihre Teilnahme per E‑Mail an 5OH@tutanota.com oder telefonisch unter 04-0776.6865. Für die Anmeldung benötigen wir außerdem Ihre 013794"
presidio_de_core_news_lg,2194,PRIVATE_URL,244,251,aol.com,overlaps_other_reference_label,EMAIL,"ng findet im 81 Lastenstraße statt, bitte bestätigen Sie Ihre Teilnahme per E‑Mail an HAP@aol.com."
presidio_de_core_news_lg,2195,PRIVATE_URL,233,242,yahoo.com,overlaps_other_reference_label,EMAIL, Straße 2691 ein traditionelles Wiener Schnitzel probierte und das Rezept per E‑Mail an P@yahoo.com weitergab; kurz darauf erhielt er eine Nachricht von Jeevananthan Scharz (Telefon: +79-49
presidio_de_core_news_lg,2196,PRIVATE_URL,220,227,aol.com,overlaps_other_reference_label,EMAIL,raße 4 in Salzburg Gneis einzuladen; bitte bestätigen Sie Ihre Teilnahme per E‑Mail an PI@aol.com oder telefonisch unter +26 33 289-8179.
presidio_de_core_news_lg,2201,PRIVATE_URL,750,762,tutanota.com,overlaps_other_reference_label,EMAIL,"e das Buch vorbestellen möchten, steht ein Bestellformular bereit, das nach zeljpecorelli@tutanota.com fragt und optional die Eingabe der 058.7109 7882 für Rückfragen ermöglicht. Zusätzlich en"
presidio_de_core_news_lg,2202,PRIVATE_URL,138,147,gmail.com,overlaps_other_reference_label,EMAIL," Name: Meist Yacob Alsaho, Geburtsdatum: September/45, Alter: 0, Geschlecht: M, E‑Mail: M@gmail.com, Telefon: +43.90.570-0708. Adresse: Klagbaumgasse 41a, 1090 Innsbruck Mühlau; bitte fügen"
presidio_de_core_news_lg,2203,PRIVATE_URL,177,184,aol.com,overlaps_other_reference_label,EMAIL,"8, (Alter: 39) wurden gestern finalisiert. Bitte senden Sie die Zusammenfassung an LK1965@aol.com oder rufen Sie uns unter 00437-078-292-6993 an, um offene Punkte zu klären. Die zugehörig"
presidio_de_core_news_lg,2206,PRIVATE_URL,246,255,yahoo.com,overlaps_other_reference_label,EMAIL,"yrsiedlung (Postleitzahl: 8020).
Bitte senden Sie Ihre Antwort an meine E‑Mail‑Adresse CR@yahoo.com oder rufen Sie mich unter 08432.86779  an.
Herzliche Grüße,
Lanqing Maatoug"
presidio_de_core_news_lg,2210,PRIVATE_URL,142,156,protonmail.com,overlaps_other_reference_label,EMAIL,"oldat Boldvai
Geburtsdatum: 1946-01-22T00:00:00
Alter: 40
Geschlecht: M
E‑Mail: natrivero@protonmail.com
Telefon: 054 1919318 
Adresse: Josef-Preis-Allee 10-12, 8010 Innsbruck

Bitte bewerten Si"
presidio_de_core_news_lg,2212,PRIVATE_URL,334,348,protonmail.com,overlaps_other_reference_label,EMAIL,"Innsbruck Wilten Wilten
Telefonnummer für Rückfragen: +43.91 383-4066
E‑Mail-Adresse: T12@protonmail.com

Bitte kreuzen Sie an, ob Sie bereits in einer klinischen Studie zur Sarcoidose eingeschr"
presidio_de_core_news_lg,2213,PRIVATE_URL,513,520,aol.com,overlaps_other_reference_label,EMAIL,). Die Proben wurden in der Klinik von Dr. Prof Romane Escamilla (Kontakt: jezeferhatovic@aol.com; Telefon: (051)-7256150) verarbeitet. Ergebnis: Ein signifikanter Anstieg von IL‑2 und IF
presidio_de_core_news_lg,2214,PRIVATE_URL,433,444,outlook.com,overlaps_other_reference_label,EMAIL,s Sie die Kontaktdaten Ihres behandelnden Arztes (Hr Lazaros Brusadelli Garese; E‑Mail: Y@outlook.com; Telefon: 09401.791314) griffbereit haben. Unser Büro befindet sich in der Kärntner Ring 
presidio_de_core_news_lg,2215,PRIVATE_URL,141,153,tutanota.com,overlaps_other_reference_label,EMAIL," Fahrzeugstandorts aktiviert? Ich habe gerade meine E‑Mail an den Support gesendet (FSA25@tutanota.com) und fordere, dass jeder Fahrer einen geprüften Hintergrundreport vorlegen muss, den wir "
presidio_de_core_news_lg,2217,PRIVATE_URL,105,116,hotmail.com,overlaps_other_reference_label,EMAIL,"zu beschleunigen, benötigen wir Ihre aktuelle 045-0750380  und eine Bestätigung Ihrer DQK@hotmail.com. Unsere Beschwerdestelle wird Sie bis zum 07/09/2015 kontaktieren."
presidio_de_core_news_lg,2218,PRIVATE_URL,285,292,aol.com,overlaps_other_reference_label,EMAIL,"t zu überschreiten.
Bitte senden Sie Ihren Messbericht bis zum 28/06/1974 an semeatidrobo@aol.com."
presidio_de_core_news_lg,2219,PRIVATE_URL,239,251,tutanota.com,overlaps_other_reference_label,EMAIL,e senden Sie diese Information zusammen mit Ihrer aktuellen Anschrift (1010 Wien) an 71TB@tutanota.com.
presidio_de_core_news_lg,2221,PRIVATE_URL,222,231,yahoo.com,overlaps_other_reference_label,EMAIL,"en Sie uns bitte Ihr Alter (0), Ihr Geschlecht (Nicht spezifiziert) und Ihre E‑Mail (NS08@yahoo.com) mit, damit wir die Veranstaltung weiter verbessern können."
presidio_de_core_news_lg,2223,PRIVATE_URL,477,486,gmail.com,overlaps_other_reference_label,EMAIL," 8725 430211
9. Steuernummer: 07-2644194

Bitte senden Sie das ausgefüllte Formular an RQ@gmail.com bis zum 06/10/1963.

Wir schätzen Ihr Feedback sehr."
presidio_de_core_news_lg,2226,PRIVATE_URL,255,269,protonmail.com,overlaps_other_reference_label,EMAIL,", wir bieten das Phrasebook als PDF‑Download an; die Lizenz wird an Ihre E‑Mail‑Adresse P@protonmail.com gesendet und ist ab dem 10/05/2023 aktiv. Bitte teilen Sie uns Ihre Steuer‑Identifikation"
presidio_de_core_news_lg,2227,PRIVATE_URL,230,239,gmail.com,overlaps_other_reference_label,EMAIL,"   - Geburtsdatum: 21/08/2007
   - Geschlecht: Männlich
   - E‑Mail-Adresse: akshlörinczi@gmail.com

2. Identifikationsnachweise
   - Sozialversicherungsnummer: 3290 760818
   - Steuerident"
presidio_de_core_news_lg,2227,PRIVATE_URL,699,708,yahoo.com,overlaps_other_reference_label,EMAIL,"-15T00:00:00

Bitte senden Sie das ausgefüllte Formular bis spätestens zum August/09 an B@yahoo.com. Bei Fragen kontaktieren Sie uns unter +542.99 781 9727."
presidio_de_core_news_lg,2229,PRIVATE_URL,336,348,tutanota.com,overlaps_other_reference_label,EMAIL, verwendet und anschließend gelöscht. Bitte senden Sie die Informationen an antónkuperman@tutanota.com und bestätigen Sie den Erhalt per E‑Mail. Wir danken für Ihre Kooperation und verbleiben 
presidio_de_core_news_lg,2230,PRIVATE_URL,479,490,hotmail.com,overlaps_other_reference_label,EMAIL,of Kaplanhof). Bei Fragen erreichen Sie uns unter +43482.623.4337 oder per Mail an PB1995@hotmail.com.
presidio_de_core_news_lg,2233,PRIVATE_URL,253,264,hotmail.com,overlaps_other_reference_label,EMAIL,"en Sie uns Ihre Kreditkartennummer 4282390971660778 sowie Ihre E‑Mail-Adresse hyuntröhler@hotmail.com mit, damit wir die Verknüpfung vornehmen können.' Wir senden Ihnen anschließend eine Best"
presidio_de_core_news_lg,2235,PRIVATE_URL,244,255,hotmail.com,overlaps_other_reference_label,EMAIL,"meln.
Bitte bestätigen Sie Ihre Teilnahme bis zum 15. 13/11/1982 per E‑Mail an leonpisnik@hotmail.com und geben Sie Ihren ER6NU003SW an, damit wir die Haftungsfreigabe vorbereiten können.
Wir"
presidio_de_core_news_lg,2236,PRIVATE_URL,242,251,yahoo.com,overlaps_other_reference_label,EMAIL,"gender ist genauso motiviert.'
Kaiya: 'Super, ich schicke gleich die Info per E‑Mail an H@yahoo.com und füge die Adresse des Studios (Fröhlichgasse 1721, Linz Innenstadt) hinzu.'
Maya Merli"
presidio_de_core_news_lg,2237,PRIVATE_URL,623,634,outlook.com,overlaps_other_reference_label,EMAIL,"tion, vertreten durch Gertrudis Jasleen Mbiiila und erreichbar unter der E‑Mail-Adresse K@outlook.com, sowie die Postanschrift mit PLZ 1030 bereitgestellt. Durch diese umfassende Strukturieru"
presidio_de_core_news_lg,2241,PRIVATE_URL,346,360,protonmail.com,overlaps_other_reference_label,EMAIL,"gsangebot für Personen im Alter von 49 Jahren. Sie erreichen mich per E‑Mail unter SL1954@protonmail.com oder telefonisch unter +4374315 2199.
Mit freundlichen Grüßen,
Frau Sunaina Bansal"
presidio_de_core_news_lg,2242,PRIVATE_URL,528,540,tutanota.com,overlaps_other_reference_label,EMAIL,"min am 27/08/1981 begrüßen zu dürfen. Bitte bestätigen Sie den Termin per E‑Mail (1990SRL@tutanota.com) oder Telefon (+43-96855 0010).

Mit freundlichen Grüßen,
Senator Ren Kuczala"
presidio_de_core_news_lg,2243,PRIVATE_URL,101,110,gmail.com,overlaps_other_reference_label,EMAIL,"Gambacciani, Ihr virtuelles Kochduell findet am 10/04/1978 statt. Bitte senden Sie Ihre S@gmail.com und bestätigen Sie Ihre Teilnahme bis zum 21. September 1937."
presidio_de_core_news_lg,2244,PRIVATE_URL,316,325,yahoo.com,overlaps_other_reference_label,EMAIL,"en um 18:00 Uhr. Bitte bestätigen Sie Ihre Teilnahme bis zum Januar/26 per E‑Mail an EGSD@yahoo.com – Ihr Feedback ist uns wichtig. Wir freuen uns darauf, Ihnen seltene historische Karten u"
presidio_de_core_news_lg,2248,PRIVATE_URL,53,67,protonmail.com,overlaps_other_reference_label,EMAIL,"Seine Briefe an die Außenwelt, gesendet von tiarenzo@protonmail.com, schildern das wechselnde Licht am Mai/24 und das leise Rauschen des Waldes, das nur das "
presidio_de_core_news_lg,2249,PRIVATE_URL,1106,1117,hotmail.com,overlaps_other_reference_label,EMAIL,": ______________________   Datum: 1994-09-06T00:00:00

Kontakt für Rückfragen:
E‑Mail: PK@hotmail.com
Telefon: 004326418.2029"
presidio_de_core_news_lg,2250,PRIVATE_URL,233,240,aol.com,overlaps_other_reference_label,EMAIL,"melden Sie sich bei der Personalabteilung unter 06492.65460  oder per E‑Mail an lukhamzin@aol.com, falls Sie Unterstützung bei der Beschaffung von Materialien benötigen."
presidio_de_core_news_lg,2251,PRIVATE_URL,405,414,gmail.com,overlaps_other_reference_label,EMAIL," kontaktieren Sie bitte Bürgermeisterin Monica-Maria Dostal unter +43 577267481 oder ZCGZ@gmail.com. Wir hoffen, dass diese Initiative das gegenseitige Verständnis stärkt und die Vielfalt a"
presidio_de_core_news_lg,2252,PRIVATE_URL,446,458,tutanota.com,overlaps_other_reference_label,EMAIL,Informationen besuchen Sie bitte unsere Webseite oder kontaktieren Sie uns per E‑Mail (EL@tutanota.com) bzw. Telefon (+19-889 490-1655).
presidio_de_core_news_lg,2254,PRIVATE_URL,37,48,hotmail.com,overlaps_other_reference_label,EMAIL,"Bitte senden Sie Ihre 60677398 und J@hotmail.com bis zum April/82, damit wir die Teilnahme am Seil‑Workshop bestätigen können."
presidio_de_core_news_lg,2255,PRIVATE_URL,277,288,hotmail.com,overlaps_other_reference_label,EMAIL,st. Für weitere Informationen oder Buchungen erreichen Sie uns jederzeit unter rizvaloura@hotmail.com oder telefonisch unter (27) 1378 9484.
presidio_de_core_news_lg,2257,PRIVATE_URL,189,198,gmail.com,overlaps_other_reference_label,EMAIL,"Titel: Hr
3. Geburtsdatum: November/38
4. Alter: 6
5. Geschlecht: Männlich
6. E‑Mail: AFW@gmail.com
7. Telefonnummer: 0143970 510-0178
8. Wohnort (Straße & Hausnummer): Traklsteg 10
9. Stad"
presidio_de_core_news_lg,2257,PRIVATE_URL,513,525,tutanota.com,overlaps_other_reference_label,EMAIL,"_________________
Bitte das ausgefüllte Formular bis zum Juni 11., 1939 an ronaldchinnici@tutanota.com zurücksenden."
presidio_de_core_news_lg,2258,PRIVATE_URL,140,152,tutanota.com,overlaps_other_reference_label,EMAIL,ozzi Boscolo als neuer Toningenieur zu uns stößt; bitte senden Sie Ihren Lebenslauf an PO@tutanota.com und bestätigen Sie Ihre Verfügbarkeit bis zum 28/08/1950.
presidio_de_core_news_lg,2260,PRIVATE_URL,43,54,outlook.com,overlaps_other_reference_label,EMAIL,"Bitte senden Sie Ihre Rückmeldung an TDS68@outlook.com oder rufen Sie an unter +42.345.175-5722, damit wir das Timing der Schulungen anpassen kö"
presidio_de_core_news_lg,2261,PRIVATE_URL,305,319,protonmail.com,overlaps_other_reference_label,EMAIL,"ich
   • Geschlechtsidentität: Nicht spezifiziert
2. Kontaktinformationen:
   • E‑Mail: V@protonmail.com
   • Telefon: 01.8138-9726
   • Anschrift: Poltenweg 2, 4020 Wien Brigittenau
3. Identifi"
presidio_de_core_news_lg,2264,PRIVATE_URL,160,169,yahoo.com,overlaps_other_reference_label,EMAIL,"olinario
Geburtsdatum: Dezember 29., 1971
Alter: 80 Jahre
Geschlecht: Andere
E‑Mail: 08MH@yahoo.com
Telefon: +17.26.039.5903
Adresse: Westautobahn 137, Klagenfurt am Wörthersee Völkermarkte"
presidio_de_core_news_lg,2265,PRIVATE_URL,374,383,gmail.com,overlaps_other_reference_label,EMAIL, auf 57 Jahren Erfahrung zusenden. Bitte bestätigen Sie Ihre Kontaktdaten per E‑Mail an W@gmail.com oder telefonisch unter +43-03.690 9659.
presidio_de_core_news_lg,2266,PRIVATE_URL,455,462,aol.com,overlaps_other_reference_label,EMAIL,"lindern sollen. Sollten Sie weitere Informationen benötigen, schreiben Sie bitte an 1946B@aol.com oder senden Sie Ihre Sozialversicherungsnummer 9734 791125 für die Abrechnung."
presidio_de_core_news_lg,2268,PRIVATE_URL,304,318,protonmail.com,overlaps_other_reference_label,EMAIL,"raße 715
Postleitzahl: 4020
Stadt: Linz St. Magdalena St. Magdalena
E‑Mail: swamygiuppini@protonmail.com
Telefon: +43 46.543 8018
Sozialversicherungs‑Nr.: 4817 990930
Steuer‑Identifikations‑Nr.:"
presidio_de_core_news_lg,2269,PRIVATE_URL,302,311,yahoo.com,overlaps_other_reference_label,EMAIL,"für Kinder im Alter von 65 Jahren entwickelt wurde. Bitte bestätigen Sie per E‑Mail an SO@yahoo.com oder telefonisch unter +43-73.101.2543, ob Sie an einer Vorführungs‑Session am Januar 16."
presidio_de_core_news_lg,2271,PRIVATE_URL,950,959,yahoo.com,overlaps_other_reference_label,EMAIL,ben sorgfältig und senden Sie das ausgefüllte Formular an die Projektleitung unter 2021KD@yahoo.com.
presidio_de_core_news_lg,2271,PRIVATE_URL,309,316,aol.com,overlaps_other_reference_label,EMAIL,"(Biologisch): F
   - Geschlecht (Identität): Zwei-Geister
2. Kontaktdaten:
   - E‑Mail: H@aol.com
   - Telefon: +4355528.4213
   - Adresse: Mariagrüner Straße 2-20, 4020 Linz Industriegel"
presidio_de_core_news_lg,2272,PRIVATE_URL,323,335,tutanota.com,overlaps_other_reference_label,EMAIL,echtsneutral (Androgyn) formuliert wird. Für Rückfragen steht er per E‑Mail unter mürmira@tutanota.com oder telefonisch unter (84).1329-4863 zur Verfügung. Die Schulungsunterlagen wurden an di
presidio_de_core_news_lg,2274,PRIVATE_URL,381,392,outlook.com,overlaps_other_reference_label,EMAIL,rogyn Identitätsstatus. Sie bittet um weitere Trainings und stellt ihre Kontakt‑E‑Mail (K@outlook.com) für Rückfragen bereit.
presidio_de_core_news_lg,2276,PRIVATE_URL,65,79,protonmail.com,overlaps_other_reference_label,EMAIL,Für Rückfragen erreichen Sie mich jederzeit per E‑Mail unter N15@protonmail.com oder telefonisch unter 073 415-6458; meine Steueridentifikationsnummer lautet 82-3002865.
presidio_de_core_news_lg,2278,PRIVATE_URL,175,186,outlook.com,overlaps_other_reference_label,EMAIL,"lzeiten auf das kardiovaskuläre Risiko, wobei die Ernährungsempfehlungen per E‑Mail an SM@outlook.com gesendet wurden und die Patienten ihre Fortschritte über ein Online‑Portal unter Angabe i"
presidio_de_core_news_lg,2279,PRIVATE_URL,858,869,outlook.com,overlaps_other_reference_label,EMAIL,"z), sowie die Stadt (Graz Gries) und bestätigen Sie die Änderungen per E‑Mail an andbecir@outlook.com bis zum 15. des nächsten Monats."
presidio_de_core_news_lg,2280,PRIVATE_URL,803,814,outlook.com,overlaps_other_reference_label,EMAIL,r den 11/02/1944 um 14:30 Uhr angesetzt; die Einwahldaten erhalten Sie per E‑Mail an 13KV@outlook.com.
presidio_de_core_news_lg,2281,PRIVATE_URL,808,819,outlook.com,overlaps_other_reference_label,EMAIL,"ahme der Richtlinie bis zum Januar 27., 2019 durch Ihre Unterschrift (digital) unter HKBR@outlook.com oder telefonisch unter +43-72 819 5706."
presidio_de_core_news_lg,2283,PRIVATE_URL,166,175,gmail.com,overlaps_other_reference_label,EMAIL," Cihoric, Straße Haller Straße Nr. 17, 8010 Salzburg. Kontaktieren Sie uns unter adjémüll@gmail.com oder telefonisch unter 6241 440.6012; das Antragsdatum ist 1975-08-08T00:00:00. Für die s"
presidio_de_core_news_lg,2284,PRIVATE_URL,465,474,gmail.com,overlaps_other_reference_label,EMAIL,e die zugrunde liegenden Annahmen und geben Sie Feedback bis zum 2019-11-10T00:00:00 an C@gmail.com.
presidio_de_core_news_lg,2285,PRIVATE_URL,247,256,gmail.com,overlaps_other_reference_label,EMAIL,"fonnummer (+4311841-9181). Wir haben Ihnen außerdem einen digitalen Gutschein an nlapteva@gmail.com geschickt, den Sie bis zum 01/04/2000 einlösen können. Bei Fragen wenden Sie sich bitte a"
presidio_de_core_news_lg,2287,PRIVATE_URL,154,165,outlook.com,overlaps_other_reference_label,EMAIL,"ikovic Wisweh Hollender
Geburtsdatum: April 14., 2003
Alter: 50
Geschlecht: M
E‑Mail: 19B@outlook.com
Telefon: +435 94.098 3011
Adresse: Westast Innsbruck 6a, 5020 Wien"
presidio_de_core_news_lg,2290,PRIVATE_URL,354,361,aol.com,overlaps_other_reference_label,EMAIL,". Die Umfrage ist verfügbar unter dem Link, der an Ihre hinterlegte E‑Mail‑Adresse alturn@aol.com gesendet wird. Ihre Angaben zu Alter (26), Geschlecht (Zwei-Geister) und aktuellem Wohnor"
presidio_de_core_news_lg,2291,PRIVATE_URL,364,375,hotmail.com,overlaps_other_reference_label,EMAIL,itte überprüfen Sie das Dokument bis zum 29/11/1987 und senden Sie Ihre Bestätigung an SS@hotmail.com.
presidio_de_core_news_lg,2296,PRIVATE_URL,165,176,hotmail.com,overlaps_other_reference_label,EMAIL,ei Rückfragen stehen wir Ihnen unter der Rufnummer 0143.04.437-6625 oder per E‑Mail an AL@hotmail.com zur Verfügung. Ihre Rechnung sowie das detaillierte Programm erhalten Sie bis spätestens 
presidio_de_core_news_lg,2300,PRIVATE_URL,213,222,gmail.com,overlaps_other_reference_label,EMAIL,"ahre, Geschlecht: Männlich / Geschlechtsidentität: Geschlechtsfluid.
2. Kontakt: E‑Mail T@gmail.com, Telefon +55-73906-7183; Anschrift: Berg-Sam 37, 4020 Natters.
3. Identifikationsnachweis"
presidio_de_core_news_lg,2303,PRIVATE_URL,393,405,tutanota.com,overlaps_other_reference_label,EMAIL,en wie Rainbergstraße und 6020. Bitte senden Sie Ihr Feedback bis zum 21. Mai 2005 an CFG@tutanota.com.
presidio_de_core_news_lg,2304,PRIVATE_URL,38,45,aol.com,overlaps_other_reference_label,EMAIL,"Hr Thilina Schweinzer an secvancigero@aol.com schreibt:

Liebe Kolleg*innen, in unserer neuesten Studie zur Ernährungs­epidemiologie ha"
presidio_de_core_news_lg,2305,PRIVATE_URL,137,146,yahoo.com,overlaps_other_reference_label,EMAIL," Duverney Demattia per E‑Mail kontaktiert. Bitte senden Sie alle Unterlagen an artecamici@yahoo.com und teilen Sie mit, ob Sie aus Linz anreisen."
presidio_de_core_news_lg,2306,PRIVATE_URL,659,673,protonmail.com,overlaps_other_reference_label,EMAIL,"Ansprechpartner, darunter die Projektkoordinatorin Rayhan Yasi Kadrou Kosior (E‑Mail: 78U@protonmail.com, Telefon: 3830.960.3675), die für Rückfragen zur Verfügung steht. Abschließend wird ein Z"
presidio_de_core_news_lg,2308,PRIVATE_URL,64,78,protonmail.com,overlaps_other_reference_label,EMAIL,"Bitte senden Sie Ihre aktuellen Kontodaten per E‑Mail an 16PNRM@protonmail.com, damit wir eine individuelle APR‑Analyse für Sie erstellen können."
presidio_de_core_news_lg,2313,PRIVATE_URL,85,99,protonmail.com,overlaps_other_reference_label,EMAIL,"Wenn Sie ein Konto mit Ihrem Namen Hakan Schönthaler Kuperus und Ihrer E‑Mail miette@protonmail.com anlegen, erhalten Sie als Willkommensgeschenk einen Sofortgutschein im Wert von 5 €. Dies"
presidio_de_core_news_lg,2314,PRIVATE_URL,392,403,hotmail.com,overlaps_other_reference_label,EMAIL,f den jungen Geist des Unternehmens. Für Bestellungen senden Sie bitte eine E‑Mail an 20C@hotmail.com oder rufen Sie uns unter +7-375.749-9859 an.
presidio_de_core_news_lg,2315,PRIVATE_URL,512,523,outlook.com,overlaps_other_reference_label,EMAIL,nen Mitarbeitenden besser genutzt wird. Interessierte Medienvertreter können unter OG1939@outlook.com oder telefonisch über 5419.228.1476 weitere Informationen erhalten. Das Unternehmen freut
presidio_de_core_news_lg,2316,PRIVATE_URL,531,540,yahoo.com,overlaps_other_reference_label,EMAIL," für telefonische Beratung: 0985-18593116

Bitte senden Sie das ausgefüllte Formular an I@yahoo.com oder posten Sie es per Post an:
Sparbeggweg 63
6161 Salzburg
Österreich"
presidio_de_core_news_lg,2316,PRIVATE_URL,410,424,protonmail.com,overlaps_other_reference_label,EMAIL,"klasse (1 = sehr sicher, 5 = sehr riskant): ______
8. E‑Mail-Adresse für Rückmeldungen: M@protonmail.com
9. Telefonnummer für telefonische Beratung: 0985-18593116

Bitte senden Sie das ausgefüll"
presidio_de_core_news_lg,2317,PRIVATE_URL,220,231,hotmail.com,overlaps_other_reference_label,EMAIL,"Alter: 67
5. Geschlecht: F / Geschlechtsidentität: Geschlechterqueer
6. E‑Mail: dredaelli@hotmail.com
7. Telefon: +08 61219 7142
8. Zielort (Stadt, PLZ): Salzburg, 5020
9. Adresse: Brucknerst"
presidio_de_core_news_lg,2317,PRIVATE_URL,599,611,tutanota.com,overlaps_other_reference_label,EMAIL,"allausrüstung): ______________________

Bitte senden Sie das ausgefüllte Formular an AK34@tutanota.com oder faxen Sie es an +43 1 234 5678."
presidio_de_core_news_lg,2318,PRIVATE_URL,784,796,tutanota.com,overlaps_other_reference_label,EMAIL,tion of the listed identification numbers and a supplemental email confirmation at 1997MG@tutanota.com.
presidio_de_core_news_lg,2319,PRIVATE_URL,1011,1020,gmail.com,overlaps_other_reference_label,EMAIL," Sie weitere Fragen zu den Kriterien oder dem Ablauf haben, schreiben Sie bitte an MT1954@gmail.com.
Vielen Dank für Ihre Unterstützung und Ihr Engagement für Diversity & Inclusion.
Herzlic"
presidio_de_core_news_lg,2319,PRIVATE_URL,447,458,hotmail.com,overlaps_other_reference_label,EMAIL,"ngsphase. Bitte leiten Sie die Unterlagen Ihrer Teammitglieder bis zum 1. Juni 1980 an JM@hotmail.com weiter und stellen Sie sicher, dass alle erforderlichen Felder (z. B. Geschlechtsfluid, 3"
presidio_de_core_news_lg,2320,PRIVATE_URL,725,736,outlook.com,overlaps_other_reference_label,EMAIL,"önnen. Bitte senden Sie alle erforderlichen Unterlagen bis spätestens zum 10/05/1967 an L@outlook.com oder per Post an die Firmenzentrale in der Urnenhainweg 8, 1020 Graz Gries Gries."
presidio_de_core_news_lg,2320,PRIVATE_URL,614,621,aol.com,overlaps_other_reference_label,EMAIL,"benötigen wir Ihre Bankverbindung, die Sie in Ihrem internen Portal unter Ihrer E‑Mail AS@aol.com hinterlegen können. Bitte senden Sie alle erforderlichen Unterlagen bis spätestens zum 10"
presidio_de_core_news_lg,2321,PRIVATE_URL,133,142,gmail.com,overlaps_other_reference_label,EMAIL," die bevorzugte Fluggesellschaft für die bevorstehende Geschäftsreise, inklusive 2006ZMBS@gmail.com und (195)-6400966."
presidio_de_core_news_lg,2323,PRIVATE_URL,567,579,tutanota.com,overlaps_other_reference_label,EMAIL,"r-Straße 33, 6020 Salzburg Altstadt. Für Rückfragen stehen wir Ihnen per E‑Mail unter C03@tutanota.com oder telefonisch unter +41.03.978 2933 zur Verfügung. Bitte unterschreiben Sie das Formul"
presidio_de_core_news_lg,2326,PRIVATE_URL,124,146,Innsbruckinsurance.com,overlaps_other_reference_label,CITY,"erung – Verdacht auf Burnout

Von: Bahre Jessi Solé-Morin <17P@protonmail.com>
An: claims@Innsbruckinsurance.com
Betreff: Antrag auf Unterstützung bei möglichem Burnout während Solo‑Reise

Sehr geehrte "
presidio_de_core_news_lg,2326,PRIVATE_URL,97,111,protonmail.com,overlaps_other_reference_label,EMAIL,"Entwurf an die Reiseversicherung – Verdacht auf Burnout

Von: Bahre Jessi Solé-Morin <17P@protonmail.com>
An: claims@Innsbruckinsurance.com
Betreff: Antrag auf Unterstützung bei möglichem Burnou"
presidio_de_core_news_lg,2328,PRIVATE_URL,745,759,protonmail.com,overlaps_other_reference_label,EMAIL,"ner leichten Steigerung der Gesundheitskosten führt. Für Rückfragen steht Ihnen bcopiglia@protonmail.com jederzeit zur Verfügung.

Beste Grüße,
Präsident Tillman Gruffaz
Human Resources"
presidio_de_core_news_lg,2329,PRIVATE_URL,750,759,gmail.com,overlaps_other_reference_label,EMAIL,. Für eine detaillierte Durchsicht stehen Ihnen die ergänzenden Dokumente per E‑Mail an H@gmail.com zur Verfügung. Bei Rückfragen kontaktieren Sie bitte den HR‑Leiter unter 01438 77 306.632
presidio_de_core_news_lg,2330,PRIVATE_URL,324,333,gmail.com,overlaps_other_reference_label,EMAIL,"echt (biologisch): Männlich
   • Geschlechtsidentität: Androgyn
   • E‑Mail-Adresse: 15SY@gmail.com
   • Telefonnummer: 09 43-53-74 67

2. Wohnadresse des Bauprojekts:
   • Straßenname: Leo"
presidio_de_core_news_lg,2333,PRIVATE_URL,247,258,outlook.com,overlaps_other_reference_label,EMAIL,"20 Salzburg Mülln stattfinden werden. Bitte bestätigen Sie Ihre Teilnahme per E‑Mail an H@outlook.com bis spätestens eine Woche vorher, damit wir die benötigten Zutaten und Geräte vorbereiten"
presidio_de_core_news_lg,2334,PRIVATE_URL,42,51,yahoo.com,overlaps_other_reference_label,EMAIL,"Bitte senden Sie Ihre Kontaktdaten (BCP19@yahoo.com, +43.356.968 9617) sowie Ihren 38-9779455 an die Adresse Gärberbach 10, 4040 Innsbruck, d"
presidio_de_core_news_lg,2339,PRIVATE_URL,143,154,hotmail.com,overlaps_other_reference_label,EMAIL,00:00 einen Folgetermin für eine Langzeitbeobachtung zu planen; die Kontaktdaten lauten G@hotmail.com und Telefon +7 43 838-0914.
presidio_de_core_news_lg,2340,PRIVATE_URL,837,849,tutanota.com,overlaps_other_reference_label,EMAIL,ulich behandelt werden. Für eventuelle Rückfragen stehen Ihnen unser Team unter zokämpfer@tutanota.com oder 075-5991742  zur Verfügung. Ihre Sicherheit wird zudem durch die Verschlüsselung Ihr
presidio_de_core_news_lg,2340,PRIVATE_URL,193,207,protonmail.com,overlaps_other_reference_label,EMAIL,"ickelt wurde. Bitte ergänzen Sie Ihre Kontaktdaten, zum Beispiel Ihre E‑Mail-Adresse (BZZ@protonmail.com) und Telefonnummer (+43 98.926.3648), sowie das aktuelle Datum (1942-12-13T00:00:00). Ihr"
presidio_de_core_news_lg,2346,PRIVATE_URL,276,287,outlook.com,overlaps_other_reference_label,EMAIL,"n analysiert hat und dass die Ergebnisse über eine sichere Cloud‑Schnittstelle mit dem MK@outlook.com zugänglich sind, wobei die Authentifizierung über den I3173022 des Nutzers erfolgt."
presidio_de_core_news_lg,2349,PRIVATE_URL,344,355,hotmail.com,overlaps_other_reference_label,EMAIL,nnen Fragen direkt an die Künstler stellen. Für Rückfragen schreiben Sie bitte an ruqvidó@hotmail.com.
presidio_de_core_news_lg,2350,PRIVATE_URL,358,370,tutanota.com,overlaps_other_reference_label,EMAIL,ntaktieren Sie bitte unser Kundenservice unter 0323-93358151 oder per E‑Mail an siqlaptev@tutanota.com.
presidio_de_core_news_lg,2351,PRIVATE_URL,653,664,outlook.com,overlaps_other_reference_label,EMAIL,"en Organisation bitten wir Sie, Ihre Teilnahme bis zum August 27., 1979 per E‑Mail an SBV@outlook.com oder telefonisch unter 036-4718-1719 zu bestätigen. In Ihrer Rückmeldung geben Sie bitte "
presidio_de_core_news_lg,2354,PRIVATE_URL,358,367,yahoo.com,overlaps_other_reference_label,EMAIL,"trat Khunaf Záchenská: ""Ich kümmere mich darum, schicke dir die Liste per E‑Mail (KHC2016@yahoo.com) und füge die Kosten bei, wir können die Rechnung mit meiner Kreditkarte (220270028965483"
presidio_de_core_news_lg,2356,PRIVATE_URL,408,417,gmail.com,overlaps_other_reference_label,EMAIL,"cherungsnummer 5761 770322 zur Verfügung. Bitte senden Sie das ausgefüllte Formular an HP@gmail.com oder per Post an Grüngasse 11, 1120 Linz Lustenau."
presidio_de_core_news_lg,2360,PRIVATE_URL,1013,1022,gmail.com,overlaps_other_reference_label,EMAIL,"8 an das Krisenmanagement‑Team. Für Rückfragen stehen Ihnen Diotima Pekas (E‑Mail: juherm@gmail.com, Telefon: +73-32-851.2440) zur Verfügung.

Wir danken Ihnen für Ihre Mithilfe bei der Vor"
presidio_de_core_news_lg,2360,PRIVATE_URL,280,291,outlook.com,overlaps_other_reference_label,EMAIL,": 8
   • Geschlecht (biologisch): M
   • Geschlechtsidentität: Nicht-binär
   • E‑Mail: F@outlook.com
   • Telefon: 0143-64383.2349

2. Wohnsitz
   • Straße: Hittmairstraße
   • Hausnummer: 4"
presidio_de_core_news_lg,2361,PRIVATE_URL,210,217,aol.com,overlaps_other_reference_label,EMAIL,/16 um 10:00 Uhr in der Praxis. Bitte bestätigen Sie den Termin per E‑Mail an wenxuneacau@aol.com oder rufen Sie uns unter 0122-02893785 an.
presidio_de_core_news_lg,2362,PRIVATE_URL,273,282,yahoo.com,overlaps_other_reference_label,EMAIL,d Ihrer Krankengeschichte. Das Ergebnis wird anonym ausgewertet und per E‑Mail an 2003WMF@yahoo.com gesendet.
presidio_de_core_news_lg,2363,PRIVATE_URL,621,628,aol.com,overlaps_other_reference_label,EMAIL," Wort): ______________________

Bitte senden Sie das ausgefüllte Formular an olivionumonu@aol.com oder per Post an: Beatrixgasse 3, 8010 Berg."
presidio_de_core_news_lg,2363,PRIVATE_URL,284,295,outlook.com,overlaps_other_reference_label,EMAIL,"iert
4. Anschrift: Karl-Schönherr-Straße 1413, 8010 Salzburg Gneis
5. Kontakt‑E‑Mail: TLN@outlook.com
6. Telefon: 009337447 8967
7. Steuer‑ID (TAX‑Nummer): 47-0022778
8. Sozialversicherungs‑N"
presidio_de_core_news_lg,2366,PRIVATE_URL,432,444,tutanota.com,overlaps_other_reference_label,EMAIL,"können. Für Rückfragen kontaktieren Sie mich unter +80.60-839 0390 oder per E‑Mail an LPJ@tutanota.com.
Mit freundlichen Grüßen,
Selvakumar Choux"
presidio_de_core_news_lg,2367,PRIVATE_URL,565,574,yahoo.com,overlaps_other_reference_label,EMAIL,"e: 7 Lodengasse, 4020 Graz
   • Ansprechpartner vor Ort: Rochel Ren Digiulio (E‑Mail: A22@yahoo.com; Telefon: +396-217-059.7454)

Bitte prüfen Sie die Angaben und bestätigen Sie die Freigab"
presidio_de_core_news_lg,2368,PRIVATE_URL,552,563,outlook.com,overlaps_other_reference_label,EMAIL,"training für 10 Minuten, ein Journal führen und die Fortschritte per E‑Mail an ztairovska@outlook.com senden.
Bitte bestätigen Sie Ihre Kontaktdaten: Telefon 01741 473 638.0870, Adresse Nanne"
presidio_de_core_news_lg,2369,PRIVATE_URL,345,352,aol.com,overlaps_other_reference_label,EMAIL,"strierung benötigen wir die 95-4248349 und das offizielle Firmenlogo per E‑Mail an 1967TM@aol.com.
Die Lieferungen sollen bis zum Oktober/91 eintreffen, damit wir rechtzeitig eröffnen kön"
presidio_de_core_news_lg,2370,PRIVATE_URL,452,464,tutanota.com,overlaps_other_reference_label,EMAIL,en dauert und für vier Personen ausgelegt ist. Für Rückfragen stehe ich Ihnen unter 1961N@tutanota.com oder telefonisch unter +4391142 4780 zur Verfügung. Das Rezept wurde am 06/03/2002 in uns
presidio_de_core_news_lg,2371,PRIVATE_URL,90,99,gmail.com,overlaps_other_reference_label,EMAIL,"Sehr geehrte(r) Sen Prathana Marta-Maria Pinti,
ich danke Ihnen für Ihre Nachricht an 33P@gmail.com bezüglich der bevorstehenden Konferenz am Juli 6., 1951; in Ihrem Schreiben weisen Sie da"
presidio_de_core_news_lg,2373,PRIVATE_URL,259,268,yahoo.com,overlaps_other_reference_label,EMAIL,igkeit Ihrer Kontaktdaten bis zum 19/07/1972 und senden Sie das Formular per E‑Mail an (F@yahoo.com) zurück. Bei Rückfragen kontaktieren Sie unseren Support unter der Telefonnummer (+43752 
presidio_de_core_news_lg,2374,PRIVATE_URL,605,617,tutanota.com,overlaps_other_reference_label,EMAIL,"Details, inklusive meiner 1090 und meiner 5085738340387684 für die Vorauszahlung.
21PBBLN@tutanota.com (08:22): Bitte fügt auch eure 1948-10-16T00:00:00 in das Excel‑Sheet ein, das wir als Anh"
presidio_de_core_news_lg,2375,PRIVATE_URL,88,102,protonmail.com,overlaps_other_reference_label,EMAIL,"Betreff: Strategien für kultursensible Kinderheilkunde
Von: Prof Jinqing Widmoser <15MM@protonmail.com>
An: Team Pädiatrie
Sehr geehrte Kolleg*innen, bitte berücksichtigen Sie beim nächsten Pa"
presidio_de_core_news_lg,2377,PRIVATE_URL,137,151,protonmail.com,overlaps_other_reference_label,EMAIL,Ihre geschäftliche Telefonnummer +43 42.979.2973 und die Unternehmens‑E‑Mail-Adresse HL76@protonmail.com.
presidio_de_core_news_lg,2379,PRIVATE_URL,171,183,tutanota.com,overlaps_other_reference_label,EMAIL," über die Beobachtung von 02/08/1948 im Sternbild Orion. Könnten Sie bitte Ihre E‑Mail (S@tutanota.com) und Telefonnummer (+43.086982515) angeben, damit wir Ihnen weitere Materialien zusenden "
presidio_de_core_news_lg,2380,PRIVATE_URL,274,285,outlook.com,overlaps_other_reference_label,EMAIL,"d, falls vorhanden, Ihre Fahrerlaubnis (M7DDQ7FJYS). Bitte senden Sie die Unterlagen an S@outlook.com bis zum 21/12/2002."
presidio_de_core_news_lg,2383,PRIVATE_URL,228,242,protonmail.com,overlaps_other_reference_label,EMAIL,"u dürfen. Bitte bestätigen Sie Ihre Anmeldung, indem Sie auf die Bestätigungs‑E‑Mail an S@protonmail.com klicken."
presidio_de_core_news_lg,2384,PRIVATE_URL,237,244,aol.com,overlaps_other_reference_label,EMAIL,"verständnisse zu vermeiden.
Könntest du mir deine Verfügbarkeiten per E‑Mail an ouagégény@aol.com senden und eventuell deine aktuelle 4020‑Adresse angeben, falls wir ein persönliches Gesp"
presidio_de_core_news_lg,2386,PRIVATE_URL,366,375,yahoo.com,overlaps_other_reference_label,EMAIL,"e oben genannten Informationen in das System ein und bestätigen Sie per E‑Mail an nsvagan@yahoo.com.
Unterschrift: _________________________   Datum: August/45"
presidio_de_core_news_lg,2388,PRIVATE_URL,508,517,yahoo.com,overlaps_other_reference_label,EMAIL,"e Maskierung.
4. Bei Fragen wenden Sie sich an die Finanzabteilung (E‑Mail: andreal dayat@yahoo.com)."
presidio_de_core_news_lg,2389,PRIVATE_URL,475,482,aol.com,overlaps_other_reference_label,EMAIL,"e beachten Sie, dass jede Änderung Ihrer Kontaktdaten unverzüglich per E‑Mail an fschnabl@aol.com gemeldet werden muss."
presidio_de_core_news_lg,2390,PRIVATE_URL,691,698,aol.com,overlaps_other_reference_label,EMAIL,"abe von 45215185 und O5390569.

Bitte senden Sie Ihre Unterlagen bis zum 04/03/1977 an VP@aol.com und fügen Sie eine kurze Beschreibung Ihrer geplanten Social‑Media‑Strategie bei. Für Rüc"
presidio_de_core_news_lg,2391,PRIVATE_URL,266,273,aol.com,overlaps_other_reference_label,EMAIL,n statt. Sie können Ihre Stellungnahmen persönlich einbringen oder vorab schriftlich an A@aol.com senden. Für Rückfragen steht Ihnen unser Serviceteam telefonisch unter (252)-6879402 zur 
presidio_de_core_news_lg,2392,PRIVATE_URL,411,439,www.gemeinde.at/buergerforum,url_like_without_reference,," melde ich mich für ein Bürgerforum an? Füllen Sie das Online‑Formular aus, das Sie unter www.gemeinde.at/buergerforum finden, oder senden Sie Ihre Daten per E‑Mail an die oben genannte Adresse.
3. Welche Unt"
presidio_de_core_news_lg,2392,PRIVATE_URL,278,287,yahoo.com,overlaps_other_reference_label,EMAIL,"tionalität, kann sich einbringen. Ansprechpartner ist Fr Lillan Dedovic Scenna (E‑Mail: C@yahoo.com, Telefon: +4351 593-7084).
2. Wie melde ich mich für ein Bürgerforum an? Füllen Sie das O"
presidio_de_core_news_lg,2393,PRIVATE_URL,170,182,tutanota.com,overlaps_other_reference_label,EMAIL,"rtsdatum: Mai/90
Alter: 32
Geschlecht: Männlich / Identität: Agender
E‑Mail: peidserinken@tutanota.com
Telefon: +46 63991.8210
Adresse: Josef-Mayburger-Kai 79, 1020 Salzburg Itzling

Identifik"
presidio_de_core_news_lg,2395,PRIVATE_URL,390,397,aol.com,overlaps_other_reference_label,EMAIL," Finanzamt in der Stiftkogelweg 342 in Wien Margareten oder senden Sie eine E‑Mail an EVD@aol.com.
Ihr persönlicher Berater, Professorin Nicky Pedaci (Geburtsdatum: 1. August 1949), steht"
presidio_de_core_news_lg,2396,PRIVATE_URL,745,752,aol.com,overlaps_other_reference_label,EMAIL,"päter in den Archiven von Linz aufbewahrt wurde. Der abschließende Bericht, den er per ML@aol.com an den König sandte, erwähnte zudem, dass die Versorgung mit Ressourcen durch die neu ein"
presidio_de_core_news_lg,2399,PRIVATE_URL,303,312,yahoo.com,overlaps_other_reference_label,EMAIL,sind bis zum 29/07/1947 fertiggestellt. Für Rückfragen erreichen Sie mich unter céukaceli@yahoo.com.
presidio_de_core_news_lg,2400,PRIVATE_URL,377,388,outlook.com,overlaps_other_reference_label,EMAIL,"risiert, und die Steuer-ID des Unternehmens lautet 06-5495586; die Rechnung wurde an 11AH@outlook.com gesendet.
Bei Fragen zum Mischverhältnis steht der Support unter +43-709 576.1331 zur Ver"
presidio_de_core_news_lg,2401,PRIVATE_URL,433,447,protonmail.com,overlaps_other_reference_label,EMAIL,"resse lautet Kochstraße 32, 4020 Graz Geidorf; bei Unklarheiten kontaktieren Sie bitte IS@protonmail.com oder rufen Sie (93) 3714-3466 an."
presidio_de_core_news_lg,2404,PRIVATE_URL,125,134,yahoo.com,overlaps_other_reference_label,EMAIL, Green‑Bond‑Portfolio kann per Telefon unter +43 146-811-9349 oder per E‑Mail an gümargat@yahoo.com angefordert werden.
presidio_de_core_news_lg,2405,PRIVATE_URL,298,312,protonmail.com,overlaps_other_reference_label,EMAIL," die Test‑Umgebung eingespielt. Wenn du Fragen hast, schick mir eine E‑Mail an clédelcupe@protonmail.com."
presidio_de_core_news_lg,2406,PRIVATE_URL,103,112,gmail.com,overlaps_other_reference_label,EMAIL,"ührung des dezentralen Datenmanagements
Von: Fr Sandry Sohela Fehrlin Goldis <nikhiguetty@gmail.com>
Datum: 1994-05-13T00:00:00

Liebe Kolleg*innen,

im Zuge der digitalen Transformation st"
presidio_de_core_news_lg,2407,PRIVATE_URL,736,747,hotmail.com,overlaps_other_reference_label,EMAIL,sche Dokumentation verwendet und vertraulich behandelt. Für Rückfragen stehe ich unter SA@hotmail.com oder +75 176652283 zur Verfügung.
presidio_de_core_news_lg,2410,PRIVATE_URL,196,210,protonmail.com,overlaps_other_reference_label,EMAIL," der Teilnahme (Juli 19., 1988) enthält. Wir freuen uns auf Ihr Feedback per E‑Mail an SO@protonmail.com."
presidio_de_core_news_lg,2413,PRIVATE_URL,175,184,gmail.com,overlaps_other_reference_label,EMAIL,"men ein: Louis-Edouard; Nachname: Wiechers; Geburtsdatum: 16/05/1940; E‑Mail-Adresse: 24L@gmail.com; Telefonnummer: +50-96-379-8192. Ihre Adresse lautet: Gruentalerstraße 2, 5020 Klagenfurt"
presidio_de_core_news_lg,2414,PRIVATE_URL,501,515,protonmail.com,overlaps_other_reference_label,EMAIL,"ast wie ein Schmetterling.
Deia (08:22): Das passt zu deiner damaligen E‑Mail-Adresse 29T@protonmail.com, die immer so poetisch war.
Shklkjim Apollonio (08:25): Vielleicht sollten wir die Erinne"
presidio_de_core_news_lg,2415,PRIVATE_URL,281,293,tutanota.com,overlaps_other_reference_label,EMAIL,"n Fotografien inspiriert. Meine Gedanken flossen in eine E‑Mail an Rahik Rubí (Adresse: P@tutanota.com), in der ich um Feedback bat. Es war erstaunlich, wie schnell Erinnerungen durch ein Stüc"
presidio_de_core_news_lg,2416,PRIVATE_URL,317,328,hotmail.com,overlaps_other_reference_label,EMAIL,"3445
- Erwartete Rendite: 4,5 %
- Risikoklasse: Mittel
Bitte senden Sie Rückfragen an N14@hotmail.com oder rufen Sie +43.82-387 9792 an."
presidio_de_core_news_lg,2417,PRIVATE_URL,443,454,outlook.com,overlaps_other_reference_label,EMAIL,chen 09:00 Uhr und 17:00 Uhr unter der Telefonnummer 0125 01894 8087 oder per E‑Mail an P@outlook.com.
presidio_de_core_news_lg,2419,PRIVATE_URL,903,914,outlook.com,overlaps_other_reference_label,EMAIL,"erungen korrekt zuzuordnen. Sobald alle Daten vorliegen, erhalten Sie per E‑Mail (ostangh@outlook.com) einen Link zu Ihrem individuellen Design‑Portal, wo Sie das Layout weiter verfeinern und"
presidio_de_core_news_lg,2423,PRIVATE_URL,188,197,yahoo.com,overlaps_other_reference_label,EMAIL,der Altstadt von Graz Mariatrost. Bitte bestätigen Sie Ihre Teilnahme per E‑Mail an emárq@yahoo.com.
presidio_de_core_news_lg,2427,PRIVATE_URL,614,625,outlook.com,overlaps_other_reference_label,EMAIL,3 bei und unterschreiben Sie das Dokument elektronisch mit Ihrer E‑Mail‑Adresse labledsoe@outlook.com.
presidio_de_core_news_lg,2428,PRIVATE_URL,205,217,tutanota.com,overlaps_other_reference_label,EMAIL," 62
Geschlecht (biologisch): F
Geschlechtsidentität: Zwei-Geister
E‑Mail: sencerbenvegnin@tutanota.com
Telefon: 0070 805014501
Adresse: Anzengrubergasse 165, 5020 Graz Gries
Personalausweis‑Nr"
presidio_de_core_news_lg,2429,PRIVATE_URL,380,392,tutanota.com,overlaps_other_reference_label,EMAIL, dass 17 und das soziale Umfeld entscheidender sind; bei Rückfragen kann man die E‑Mail S@tutanota.com nutzen.
presidio_de_core_news_lg,2430,PRIVATE_URL,248,255,aol.com,overlaps_other_reference_label,EMAIL,"sschild mit Ihrem Vornamen Ciela und Nachnamen Kolczynski sowie Ihrer E‑Mail‑Adresse RA10@aol.com.
Zusätzlich müssen Sie Ihren Personalausweis mit der Nummer 28294082 am Gürtel befestigen"
presidio_de_core_news_lg,2432,PRIVATE_URL,447,461,protonmail.com,overlaps_other_reference_label,EMAIL,ar aus und senden Sie es zusammen mit einer Kopie des Personalausweises (84365646) an CMB@protonmail.com bis zum 27. Mai 2006. Bei Rückfragen können Sie uns jederzeit unter +02.478250578 erreich
presidio_de_core_news_lg,2433,PRIVATE_URL,388,397,yahoo.com,overlaps_other_reference_label,EMAIL,", ein aktuelles Bild Ihres letzten Projekts und einen Nachweis Ihrer R5ECRYOFSO an 1994JY@yahoo.com bis zum 1993-07-25T00:00:00. Für Rückfragen steht Ihnen unser Office Manager Meister Nagh"
presidio_de_core_news_lg,2435,PRIVATE_URL,238,247,yahoo.com,overlaps_other_reference_label,EMAIL,"erden müssen. Bitte prüfen Sie die Richtigkeit der Daten, bevor Sie die Datei an amlusser@yahoo.com senden."
presidio_de_core_news_lg,2436,PRIVATE_URL,180,189,yahoo.com,overlaps_other_reference_label,EMAIL,benötigt. Nach erfolgreicher Transaktion erhalten Sie eine Bestätigung an elizaantoniazzo@yahoo.com.
presidio_de_core_news_lg,2437,PRIVATE_URL,356,363,aol.com,overlaps_other_reference_label,EMAIL,"entität – Nicht spezifiziert; Wohnort – Salzburg; Postleitzahl – 1030; E‑Mail‑Adresse – T@aol.com; Telefonnummer – +61.45.752-1592. Die Ergebnisse werden anonymisiert ausgewertet, um Empf"
presidio_de_core_news_lg,2438,PRIVATE_URL,286,297,hotmail.com,overlaps_other_reference_label,EMAIL,"Geschlecht: M
   • Geschlechtsidentität: Zwei-Geister
2. Kontaktdaten:
   • E‑Mail: 2019T@hotmail.com
   • Telefon: 04.96.63-00.65
   • Anschrift: Egger-Lienz-Gasse 35, 6080 Innsbruck Mühlau
"
presidio_de_core_news_lg,2438,PRIVATE_URL,919,926,aol.com,overlaps_other_reference_label,EMAIL,"tionale Auftritte): J6059666

Bitte senden Sie das ausgefüllte Formular per E‑Mail an NVH@aol.com oder per Post an die oben genannte Adresse. Wir freuen uns auf Ihre Teilnahme und darauf,"
presidio_de_core_news_lg,2439,PRIVATE_URL,553,565,tutanota.com,overlaps_other_reference_label,EMAIL," exportierten sie das Board als PDF und verschickten es per E‑Mail an Yda Gineva (1959YFO@tutanota.com) sowie an die Finanzabteilung, die den 25-2483271 für die Kostenstelle prüfen muss. Die f"
presidio_de_core_news_lg,2440,PRIVATE_URL,366,378,tutanota.com,overlaps_other_reference_label,EMAIL,r ist 1494 480704. Bitte bestätigen Sie den Erhalt dieses Schreibens per E‑Mail an cazord@tutanota.com oder telefonisch unter +43 238 422-9086. Ich danke Ihnen für die schnelle Bearbeitung mei
presidio_de_core_news_lg,2441,PRIVATE_URL,227,236,yahoo.com,overlaps_other_reference_label,EMAIL,"t): F; Geschlechtsidentität: Weiblich; Aktuelles Alter: 29; Kontakt‑E‑Mail: alethastammin@yahoo.com; Telefon: 9479-437 1643; Wohnort: Landgutstraße 7, 4040 Graz Andritz. Alle Angaben werden"
presidio_de_core_news_lg,2442,PRIVATE_URL,340,349,gmail.com,overlaps_other_reference_label,EMAIL,"ten, seine aktuelle Körpergröße und Sitzhöhe zu melden. Bitte senden Sie die Angaben an E@gmail.com unter Angabe Ihrer Personalnummer I817W4IEUM. Die Frist für die Übermittlung ist der Nove"
presidio_de_core_news_lg,2443,PRIVATE_URL,378,392,protonmail.com,overlaps_other_reference_label,EMAIL,"nplanen, um sowohl Körper als auch Geist zu stärken. Bitte kontaktieren Sie uns unter DFJ@protonmail.com oder telefonisch unter +3.994 052-1607, falls Sie weitere individuelle Tipps benötigen."
presidio_de_core_news_lg,2444,PRIVATE_URL,543,554,hotmail.com,overlaps_other_reference_label,EMAIL,halten Sie innerhalb von drei Werktagen ein persönliches Betreuungspaket per E‑Mail an SS@hotmail.com.
presidio_de_core_news_lg,2445,PRIVATE_URL,248,257,yahoo.com,overlaps_other_reference_label,EMAIL,", Geschlecht: M / Identität: Zwei-Geister
Kontakt: Telefon 012 906-139-1863, E‑Mail K1959@yahoo.com
Adresse: 9 Franz-Schalk-Straße, 8010 Salzburg
Steuernummer: 27-1102041 – bitte dieses Fel"
presidio_de_core_news_lg,2446,PRIVATE_URL,175,187,tutanota.com,overlaps_other_reference_label,EMAIL,en zum Sonderbedarfs‑Trust‑Annuitäten‑Plan und bestätigen Sie den Erhalt per E‑Mail an TN@tutanota.com.
presidio_de_core_news_lg,2447,PRIVATE_URL,596,607,hotmail.com,overlaps_other_reference_label,EMAIL,"itte bereiten Sie Ihre Reports bis zum Juni 19., 1953 vor und senden Sie diese an 1993KGB@hotmail.com."
presidio_de_core_news_lg,2448,PRIVATE_URL,455,466,hotmail.com,overlaps_other_reference_label,EMAIL,heidend sind. Bitte bestätigen Sie Ihre Teilnahme bis zum 13. Juli 2011 per E‑Mail an A21@hotmail.com oder telefonisch unter +5-63.111.1639. Für Rückfragen steht Ihnen Yolane gerne zur Verfüg
presidio_de_core_news_lg,2449,PRIVATE_URL,387,401,protonmail.com,overlaps_other_reference_label,EMAIL,"\nTye Joseph-Marie Litschgi Winbeck Desorge: Klingt gut! Meine Kontaktdaten: E‑Mail 74KMP@protonmail.com, Telefon 0509 03827416.\nSuhashini Valéry Cornia: Ich bin 27 Jahre alt (54) und identifiz"
presidio_de_core_news_lg,2450,PRIVATE_URL,90,97,aol.com,overlaps_other_reference_label,EMAIL,"Im internen Memo vom 14/09/2009 wird Zunaira Gabriela-Elena Helenon Arcangeli (intern: AO@aol.com) gebeten, die neue OVRVRP1BB9‑Richtlinie zu prüfen; als Anhang finden sich zudem die aktu"
presidio_de_core_news_lg,2452,PRIVATE_URL,248,257,gmail.com,overlaps_other_reference_label,EMAIL,"in Salzburg durchgeführt haben. Die Messungen wurden von Meist Shir Budavary (Kontakt: MP@gmail.com, Telefon: +430 746 801.9318) erledigt. Laut den Ergebnissen zeigen die Primärspiegel eine"
presidio_de_core_news_lg,2455,PRIVATE_URL,251,263,tutanota.com,overlaps_other_reference_label,EMAIL," am 15/12/1962 einzuladen. Bitte bestätigen Sie Ihre Teilnahme per E‑Mail an adobernachot@tutanota.com.
Mit freundlichen Grüßen,
Kujtim vom Team Dynamic Currents"
presidio_de_core_news_lg,2456,PRIVATE_URL,277,286,gmail.com,overlaps_other_reference_label,EMAIL,"weg 1046
- PLZ & Stadt: 5020 Wien
- Telefonnummer: +8 21.053.6380
- E‑Mail: kirumeloncell@gmail.com
Bitte das ausgefüllte Formular bis zum 1982-08-13T00:00:00 zurücksenden."
presidio_de_core_news_lg,2457,PRIVATE_URL,357,368,outlook.com,overlaps_other_reference_label,EMAIL,"ten wie Neufeldweg 2580, 1060 Salzburg Itzling Itzling und Ihre Kontaktinformationen (FSF@outlook.com, +43 195.075-9043), an unser Zertifizierungsbüro. Für Rückfragen stehen wir Ihnen jederze"
presidio_de_core_news_lg,2458,PRIVATE_URL,111,125,protonmail.com,overlaps_other_reference_label,EMAIL,"Verantwortung zu minimieren, wird empfohlen, dass jede*r Teilnehmende seine/ihre 1996EHNW@protonmail.com sowie die OJ1QBWKMNH im System verifiziert, damit klare Zuordnungen vorliegen."
presidio_de_core_news_lg,2459,PRIVATE_URL,445,452,aol.com,overlaps_other_reference_label,EMAIL,"itte prüfen Sie, dass Ihre Kontakte stets unter Ihrer geschäftlichen E‑Mail‑Adresse 12GHM@aol.com erreichbar sind und dass Sie bei Kundengesprächen stets die aktuelle Adresse unseres Haup"
presidio_de_core_news_lg,2461,PRIVATE_URL,57,64,aol.com,overlaps_other_reference_label,EMAIL,"Für Rückfragen stehen Ihnen unser Kundendienst unter PPG@aol.com oder telefonisch unter +140 00.777.4590 zur Verfügung. Mit freundlichen Grüßen, Präs Shin"
presidio_de_core_news_lg,2462,PRIVATE_URL,149,158,yahoo.com,overlaps_other_reference_label,EMAIL,"lentpool für die Krypto‑Branche zu begrüßen; bitte bestätigen Sie Ihre Kontaktdaten (SN02@yahoo.com / 09-11.52 38.90) bis zum Mai/02. Ihr Profil (Hailemariam Voser Pawlaczyk, geboren am Nov"
presidio_de_core_news_lg,2463,PRIVATE_URL,196,203,aol.com,overlaps_other_reference_label,EMAIL,"hre alt sind und über einen RGE5VVRTLH verfügen, senden Sie bitte Ihren Lebenslauf an 16P@aol.com. Wir berücksichtigen dabei auch Ihre Geschlechtsidentität (Nicht spezifiziert) und Ihren "
presidio_de_core_news_lg,2466,PRIVATE_URL,207,216,yahoo.com,overlaps_other_reference_label,EMAIL,5; Geschlecht: Weiblich; Ihre Bewertung der Konflikt‑Lösungs‑Software wird anonym an VA04@yahoo.com gesendet. Danke für Ihre Mitarbeit!
presidio_de_core_news_lg,2467,PRIVATE_URL,279,290,outlook.com,overlaps_other_reference_label,EMAIL,das Projektteam an der Universität in Linz Hafenviertel und stehe Ihnen unter louismehila@outlook.com für Rückfragen zur Verfügung. In den nächsten Wochen werden wir Felddaten zu Flora und Fa
presidio_de_core_news_lg,2470,PRIVATE_URL,216,223,aol.com,overlaps_other_reference_label,EMAIL,"nz Römerberg Römerberg
Geburtsdatum: 03/11/1992
Geschlecht: Transgender
Kontakt-E‑Mail: H@aol.com
Telefon: 075.7905.4936
Steuer‑ID (falls relevant): 74-4500250
Bitte unterschreiben Sie di"
presidio_de_core_news_lg,2471,PRIVATE_URL,375,382,aol.com,overlaps_other_reference_label,EMAIL,ikstil einhergeht. Bitte bestätigen Sie Ihre Teilnahme bis zum 07/03/2008 per E‑Mail an P@aol.com oder telefonisch unter +4391 399 1176.
presidio_de_core_news_lg,2472,PRIVATE_URL,439,450,hotmail.com,overlaps_other_reference_label,EMAIL,"dresse Maria-Theresien-Straße 19, 6020 Innsbruck Wilten Wilten und kopieren Sie sie an KM@hotmail.com."
presidio_de_core_news_lg,2473,PRIVATE_URL,473,480,aol.com,overlaps_other_reference_label,EMAIL,"Sobald das Formular vollständig ist, senden Sie es bitte an die E‑Mail-Adresse mikzarrouk@aol.com und legen Sie eine Kopie Ihres J8150567 bei. Ihr Einsatz wird durch ein Stipendium in Höh"
presidio_de_core_news_lg,2474,PRIVATE_URL,621,632,hotmail.com,overlaps_other_reference_label,EMAIL,"angeboten enthält. Bitte tragen Sie Ihre Daten (Name, Jens-Ole Mikaeel Prole Liesert, M08@hotmail.com) in die beigefügte Excel‑Tabelle ein und senden Sie diese bis zum 31. Juli 2016 zurück. W"
presidio_de_core_news_lg,2480,PRIVATE_URL,250,264,protonmail.com,overlaps_other_reference_label,EMAIL,"d moderiert wird.
Bitte bestätigen Sie Ihre Teilnahme bis zum 27/01/2010 per E‑Mail an FF@protonmail.com oder telefonisch unter +4395061-7159.
Im Anhang finden Sie das vorbereitende Dokument mit"
presidio_de_core_news_lg,2483,PRIVATE_URL,206,220,protonmail.com,overlaps_other_reference_label,EMAIL,"/m² zu 26,4 kg/m² über die letzten zehn Jahre dokumentiert, wobei die Kontakt‑E‑Mail HR20@protonmail.com für Rückfragen bereitsteht."
presidio_de_core_news_lg,2485,PRIVATE_URL,33,44,hotmail.com,overlaps_other_reference_label,EMAIL,"Der Kardinal hat per E‑Mail an K@hotmail.com bestätigt, dass die päpstliche Umhänge den modernen Sicherheitsstandards entsprechen, ink"
presidio_de_core_news_lg,2489,PRIVATE_URL,265,276,outlook.com,overlaps_other_reference_label,EMAIL,"682490607): 1.250 €; Bitte prüfen Sie die Leistung unter Angabe der Kontaktdaten: johmoum@outlook.com, Tel. 0062-64.775.5725."
presidio_de_core_news_lg,2491,PRIVATE_URL,234,248,protonmail.com,overlaps_other_reference_label,EMAIL,"DPI4 bis zum Januar 15., 1965. Bitte senden Sie die Dokumente an die E‑Mail-Adresse BWM08@protonmail.com und kontaktieren Sie uns unter +431 67.353-0191 für Rückfragen. Die Verarbeitung erfolgt "
presidio_de_core_news_lg,2493,PRIVATE_URL,254,266,tutanota.com,overlaps_other_reference_label,EMAIL,ensystems zu gewährleisten. Für Rückfragen erreichen Sie mich per E‑Mail unter sepaljorne@tutanota.com oder telefonisch unter +7-375.190 7457.
presidio_de_core_news_lg,2497,PRIVATE_URL,377,388,outlook.com,overlaps_other_reference_label,EMAIL,"arunter ein 1998‑er Reserve aus dem Innsbruck Saggen Saggen Weingut, für das wir Ihre AHA@outlook.com benötigen, um die Reservierung abzuschließen.
Bitte bestätigen Sie Ihre Teilnahme bis spä"
presidio_de_core_news_lg,2503,PRIVATE_URL,540,551,outlook.com,overlaps_other_reference_label,EMAIL,"olf Kethiswaran Glowatz Doneski Chafla unter der Nummer 048 251 9336 oder via E‑Mail BK12@outlook.com; sämtliche Inhalte werden anschließend auf unserer Website veröffentlicht, wobei wir die "
presidio_de_core_news_lg,2504,PRIVATE_URL,24,35,hotmail.com,overlaps_other_reference_label,EMAIL,In der E‑Mail an 1999KT@hotmail.com erklärt Istahil (Alter: 60) die Wechselwirkung zwischen dem venezianischen Hochrenaissanc
presidio_de_core_news_lg,2510,PRIVATE_URL,252,263,outlook.com,overlaps_other_reference_label,EMAIL,"8170) und die Zahlungsbestätigung mit Ihrer Kreditkartennummer 36541086032452 an ninegede@outlook.com. Die Versandadresse lautet Schmiedegasse 14, 6020 Wien Brigittenau."
presidio_de_core_news_lg,2513,PRIVATE_URL,414,421,aol.com,overlaps_other_reference_label,EMAIL," Intervallen und trinken Sie regelmäßig Wasser. Für persönliche Fragen schreiben Sie an E@aol.com oder rufen Sie 0156.95567 2622 an.

Mit sportlichen Grüßen,
Ihr Gesundheitsteam"
presidio_de_core_news_lg,2518,PRIVATE_URL,157,168,outlook.com,overlaps_other_reference_label,EMAIL,"en, wird ein Audit durchgeführt, bei dem die Kommunikation per E‑Mail von der Adresse MGS@outlook.com an die Aufsichtsbehörde dokumentiert werden muss."
presidio_de_core_news_lg,2519,PRIVATE_URL,499,513,protonmail.com,overlaps_other_reference_label,EMAIL,") und Ihre 4020 mitteilen. Wir freuen uns darauf, von Ihnen zu hören – schreiben Sie an S@protonmail.com oder rufen Sie uns unter +77 51365-4186 an."
presidio_de_core_news_lg,2523,PRIVATE_URL,252,266,protonmail.com,overlaps_other_reference_label,EMAIL,"2 unterstützt, die Sie bei Bedarf ändern können.
Sollten sich Ihre Kontaktdaten (E‑Mail S@protonmail.com, Telefon 4392 516 3083) ändern, informieren Sie uns bitte umgehend, damit wir Sie über we"
presidio_de_core_news_lg,2524,PRIVATE_URL,117,124,aol.com,overlaps_other_reference_label,EMAIL,"eilen Sie Ihr Feedback zum letzten Quartalsmeeting bis zum Januar/89 per E‑Mail an uoubra@aol.com. Wir schätzen besonders Ihre Meinung zu den Themen Arbeitsklima, Weiterbildungsmöglichkei"
presidio_de_core_news_lg,2525,PRIVATE_URL,372,381,gmail.com,overlaps_other_reference_label,EMAIL,te Maßnahmen zu planen. Das ausgefüllte Dokument senden Sie bitte bis zum 28/07/1954 an N@gmail.com. Vielen Dank für Ihre Kooperation.
presidio_de_core_news_lg,2528,PRIVATE_URL,511,520,gmail.com,overlaps_other_reference_label,EMAIL,"kt berechnen können. Bitte senden Sie uns Ihre Bestätigung per E‑Mail an perfeial hamdoun@gmail.com oder rufen Sie uns unter 0143560-498 9194 an, damit wir Ihre Unterlagen prüfen können. Be"
presidio_de_core_news_lg,2529,PRIVATE_URL,39,53,protonmail.com,overlaps_other_reference_label,EMAIL,"Bitte senden Sie Ihren Lernplan an 27L@protonmail.com und fügen Sie Ihre Kontaktdaten, wie 05-6434.3734, sowie Ihre 80152061 bei, damit wir per"
presidio_de_core_news_lg,2532,PRIVATE_URL,28,37,gmail.com,overlaps_other_reference_label,EMAIL,"Meist Yuleisy Bielsa an RCK@gmail.com schrieb: ""Sehr geehrte/r Herr/Frau Guillevic Hollands,
im Rahmen des Projekts zum Bau kün"
presidio_de_core_news_lg,2533,PRIVATE_URL,833,847,protonmail.com,overlaps_other_reference_label,EMAIL,"n Mentor‑Programm soll gestartet werden, wobei Interessierte ihre Kontaktdaten (E‑Mail: A@protonmail.com, Telefon: +082-985-138-4675) angeben können. Das Budget für die geplanten Maßnahmen wurde"
presidio_de_core_news_lg,2535,PRIVATE_URL,223,234,hotmail.com,overlaps_other_reference_label,EMAIL,"mit goldfarbener Lackschicht repariert werden; bitte senden Sie Ihre Anfrage inklusive EY@hotmail.com und Ihrer 34900532 bis zum 01/03/1963 an die Adresse Höttinger Au 943, 1030 Wien."
presidio_de_core_news_lg,2538,PRIVATE_URL,427,438,hotmail.com,overlaps_other_reference_label,EMAIL,"n KG Landstraße KG Landstraße. Bitte senden Sie mir das Angebot an meine E‑Mail-Adresse C@hotmail.com."" 
Ich freue mich auf Ihre Rückmeldung, bevor ich meine Bestellung finalisiere.
Mit freun"
presidio_de_core_news_lg,2540,PRIVATE_URL,552,559,aol.com,overlaps_other_reference_label,EMAIL,"Programm auszustellen. Bitte bestätigen Sie die Teilnahme, indem Sie auf die E‑Mail von K@aol.com antworten und Ihre bevorzugte Unterrichtszeit (z. B. 16:00–18:00 Uhr) angeben."
presidio_de_core_news_lg,2543,PRIVATE_URL,322,329,aol.com,overlaps_other_reference_label,EMAIL,"ht (biologisch): Weiblich
7. Geschlechtsidentität: Zwei-Geister
8. E‑Mail-Adresse: mesafi@aol.com
9. Telefon: +16.260 087 4972
10. Adresse – Straße: Kerschensteinergasse
11. Hausnummer: 5"
presidio_de_core_news_lg,2544,PRIVATE_URL,229,240,outlook.com,overlaps_other_reference_label,EMAIL,"urtsdatum 1. Februar 1969, Alter 15 und Geschlecht Männlich. Kontaktieren Sie uns unter K@outlook.com oder telefonisch unter 014325.426 2609; Ihre Anschrift lautet 8053 Klagenfurt am Wörthers"
presidio_de_core_news_lg,2547,PRIVATE_URL,324,331,aol.com,overlaps_other_reference_label,EMAIL,"lassen sind.
Bitte bestätigen Sie Ihre Teilnahme bis zum Februar 1., 2026 per E‑Mail an T@aol.com oder telefonisch unter 06 2314 7886.
Für administrative Zwecke benötigen wir zudem Ihre a"
presidio_de_core_news_lg,2548,PRIVATE_URL,213,224,outlook.com,overlaps_other_reference_label,EMAIL,"sichtigt dabei das Baujahr des 442 Gebäudes an der Koschatstraße. In seiner E‑Mail an D24@outlook.com erläutert er die Notwendigkeit, die 1992-10-03T00:00:00 Renovierungsrichtlinien zu aktual"
presidio_de_core_news_lg,2552,PRIVATE_URL,272,283,hotmail.com,overlaps_other_reference_label,EMAIL,"den.
Bitte bestätigen Sie Ihre Kontaktdaten, insbesondere Ihre E‑Mail-Adresse mohavan erp@hotmail.com und Ihr Geburtsdatum 12/10/1938, damit wir die Prämie von 6268416071885964 an Sie überwei"
presidio_de_core_news_lg,2554,PRIVATE_URL,233,242,yahoo.com,overlaps_other_reference_label,EMAIL,"2/1950 in Innsbruck einzuladen. Bitte bestätigen Sie Ihre Teilnahme per E‑Mail an bperger@yahoo.com und geben Sie Ihre 13916198 an, damit wir die Unterbringung organisieren können."
presidio_de_core_news_lg,2556,PRIVATE_URL,217,231,protonmail.com,overlaps_other_reference_label,EMAIL,"dass wir maßgeschneiderte Sitzungen anbieten können. Ihre Kontaktdaten, darunter E‑Mail S@protonmail.com und Adresse Grauer-Stein-Weg 21 in Linz Römerberg Römerberg, werden vertraulich behandelt"
presidio_de_core_news_lg,2559,PRIVATE_URL,597,606,gmail.com,overlaps_other_reference_label,EMAIL,"ich wurde vereinbart, dass der Klient seine Kontaktdaten, einschließlich E‑Mail‑Adresse G@gmail.com und Telefon +11.22.127 5657, für Rückfragen zur Verfügung stellt. Der nächste Termin ist "
presidio_de_core_news_lg,2560,PRIVATE_URL,632,643,hotmail.com,overlaps_other_reference_label,EMAIL,"ensität und angewandte Bewältigungsstrategien notiert; das Tagebuch wird per E‑Mail an KM@hotmail.com gesendet. Zusätzlich wurden administrative Daten, wie ihre ID‑Karte‑Nummer 49778440 und F"
presidio_de_core_news_lg,2561,PRIVATE_URL,800,807,aol.com,overlaps_other_reference_label,EMAIL, Weitere Informationen zu diesem Exponat erhalten Besucher auf Anfrage per E‑Mail an JATS@aol.com oder telefonisch unter 01434.841 454 7299.
presidio_de_core_news_lg,2562,PRIVATE_URL,241,255,protonmail.com,overlaps_other_reference_label,EMAIL,ßen zu dürfen. Bitte bestätigen Sie Ihre Reservierung bis zum Dezember/14 per E‑Mail an I@protonmail.com oder telefonisch unter 017-986-216 1738.
presidio_de_core_news_lg,2572,PRIVATE_URL,255,266,outlook.com,overlaps_other_reference_label,EMAIL,n Sie bitte Ihren Lichtbildausweis (H3816244 oder 22729461) sowie Ihre Kontaktdaten an VA@outlook.com oder rufen Sie mich unter +1 676-533 9717 an. Wir treffen uns am 28/09/1945 vor dem Einga
presidio_de_core_news_lg,2574,PRIVATE_URL,272,281,yahoo.com,overlaps_other_reference_label,EMAIL,"uell 48 Jahre alt, identifiziert sich als Androgyn und verfügt über die E‑Mail-Adresse NV@yahoo.com sowie die Telefonnummer 0143.60 588.1822. Der Wohnsitz ist in Salzburg Liefering Lieferin"
presidio_de_core_news_lg,2575,PRIVATE_URL,142,156,protonmail.com,overlaps_other_reference_label,EMAIL,"0:00:00 wird Dr Laszlo Kahloun die Teilnehmenden bitten, ihre Reflexionen per E‑Mail an H@protonmail.com zu senden und anschließend ihre Antworten anhand ihrer 64‑Jahreserfahrung zu diskutieren."
presidio_de_core_news_lg,2576,PRIVATE_URL,598,609,outlook.com,overlaps_other_reference_label,EMAIL,"r die Anmeldung benötigen wir Ihre Kontaktdaten, insbesondere Ihre E‑Mail-Adresse (JY1988@outlook.com) und Ihre Telefonnummer (01189-910.940.0753), damit wir Ihnen die Unterlagen vorab zusend"
presidio_de_core_news_lg,2578,PRIVATE_URL,45,56,outlook.com,overlaps_other_reference_label,EMAIL,"Bitte senden Sie Ihre Kontaktdaten an oröder@outlook.com oder telefonisch unter 03.5051.3886, damit wir Ihnen aktuelle Leitlinien zur Vermeidung v"
presidio_de_core_news_lg,2581,PRIVATE_URL,375,382,aol.com,overlaps_other_reference_label,EMAIL,"iel kein Abfall im Naturschutzgebiet an und alle Teilnehmer bestätigten per E‑Mail (2019R@aol.com), dass sie ihre persönlichen CO₂‑Bilanzdaten (z. B. R1912892 für internationale Pilger) e"
presidio_de_core_news_lg,2582,PRIVATE_URL,329,340,outlook.com,overlaps_other_reference_label,EMAIL,"Sie Ihre Bestätigung und Ihren Reisepass (C9488224) bis zum Januar 25., 2016 an kokyoakim@outlook.com."
presidio_de_core_news_lg,2583,PRIVATE_URL,224,236,tutanota.com,overlaps_other_reference_label,EMAIL,"mationen aller Mitwirkenden enthält: Rifka Dono – Telefon: +36 84.899.5335 – E‑Mail: 26VK@tutanota.com. Das Dokument wird am 10/06/1948 per Post an Pehamweg 1303, 8020 Klagenfurt am Wörthersee"
presidio_de_core_news_lg,2584,PRIVATE_URL,183,192,yahoo.com,overlaps_other_reference_label,EMAIL,in AR‑Visualisierung mitbringt. Für Rückfragen nutzen Sie bitte die interne E‑Mail divann@yahoo.com oder die Durchwahl +543.186 161-7990.
presidio_de_core_news_lg,2586,PRIVATE_URL,315,329,protonmail.com,overlaps_other_reference_label,EMAIL,"rt werden. Bitte bestätigen Sie Ihre Kontaktdaten, insbesondere Ihre E‑Mail-Adresse 19APG@protonmail.com sowie Ihre Telefonnummer +4315418 8616, damit wir Sie im Notfall schnell erreichen können"
presidio_de_core_news_lg,2587,PRIVATE_URL,173,184,outlook.com,overlaps_other_reference_label,EMAIL, zur Identitätsprüfung. Zusätzlich benötigen wir Ihre Kontaktinformationen: E‑Mail osetni@outlook.com und Telefonnummer 011.57 144-9724.
presidio_de_core_news_lg,2589,PRIVATE_URL,68,80,tutanota.com,overlaps_other_reference_label,EMAIL,"Der endgültige Liefertermin wird am 26/07/1969 per E‑Mail an 1975KE@tutanota.com bestätigt. Bitte stellen Sie sicher, dass Ihre Sozialversicherungsnummer (7787 650119) un"
presidio_de_core_news_lg,2591,PRIVATE_URL,153,167,protonmail.com,overlaps_other_reference_label,EMAIL,"Ihr Geschlecht (Nicht spezifiziert), Ihr Alter (15) und Ihre E‑Mail-Adresse (rüstüsalahie@protonmail.com) mit, damit wir die Ergebnisse anonym auswerten können."
presidio_de_core_news_lg,2593,PRIVATE_URL,226,235,gmail.com,overlaps_other_reference_label,EMAIL,"lisieren. Es wird empfohlen, die entsprechenden Daten über das gesicherte Portal an M1981@gmail.com zu übermitteln."
presidio_de_core_news_lg,2595,PRIVATE_URL,127,136,yahoo.com,overlaps_other_reference_label,EMAIL,"te bestätigen, dass alle Patientendaten jetzt mittels verschlüsselter E‑Mails (z. B. an J@yahoo.com) übertragen werden?""
Donatienne Merdzanovic (Arzt): ""Ja, ich habe die neue Richtlinie am "
presidio_de_core_news_lg,2597,PRIVATE_URL,36,45,yahoo.com,overlaps_other_reference_label,EMAIL,"Kanisius Aksaran Gödeke (E‑Mail: HA@yahoo.com, Telefon: +43.62-997.7366) schreibt:
""Ich interessiere mich seit meinem 69‑ten Lebensjahr"
presidio_de_core_news_lg,2600,PRIVATE_URL,440,451,outlook.com,overlaps_other_reference_label,EMAIL,Bitte senden Sie die ausgefüllten Unterlagen bis spätestens 2008-06-06T00:00:00 an viguia@outlook.com oder über unser gesichertes Upload-Portal.
presidio_de_core_news_lg,2601,PRIVATE_URL,365,374,gmail.com,overlaps_other_reference_label,EMAIL,"6194925406527) bei der Buchung an. Alle wichtigen Updates erhalten Sie per E‑Mail (FARU15@gmail.com) oder telefonisch (0137 788-648-0654). Wir empfehlen, sich rechtzeitig anzumelden, da die"
presidio_de_core_news_lg,2603,PRIVATE_URL,435,446,hotmail.com,overlaps_other_reference_label,EMAIL,"Rückreise, und bestätigen Sie Ihre Teilnahme bis spätestens November/14 per E‑Mail an MMN@hotmail.com."
presidio_de_core_news_lg,2604,PRIVATE_URL,299,310,hotmail.com,overlaps_other_reference_label,EMAIL,"nte korrekt erfasst sind; senden Sie Ihre Rückmeldung bis zum 1939-06-15T00:00:00 an OB41@hotmail.com.
Falls Unklarheiten bei der Dosierung bestehen, kontaktieren Sie bitte die Apotheke unter"
presidio_de_core_news_lg,2605,PRIVATE_URL,379,393,protonmail.com,overlaps_other_reference_label,EMAIL, Feedback zu möglichen Verbesserungen erhalten. Meine Kontaktdaten lauten: E‑Mail kekurer@protonmail.com und Telefon 0143 99-490.2147 (bitte verwenden Sie dieselbe Nummer wie im vorherigen Beisp
presidio_de_core_news_lg,2609,PRIVATE_URL,117,126,gmail.com,overlaps_other_reference_label,EMAIL,"innt für Rónán D'errico Nieuwenhof mit einer kurzen Atemübung, danach prüft er/sie die FU@gmail.com und notiert das 06/09/1989 in seinem/ihrem Tagebuch; anschließend genießt er/sie einen ge"
presidio_de_core_news_lg,2613,PRIVATE_URL,409,416,aol.com,overlaps_other_reference_label,EMAIL,"Linz Römerberg (1020) berücksichtigt. Bitte senden Sie mir Ihre aktuelle Kontaktemail (KG@aol.com) sowie Ihre nationale Identifikationsnummer (19622258) bis zum Ende der Woche, damit wir "
presidio_de_core_news_lg,2614,PRIVATE_URL,278,290,tutanota.com,overlaps_other_reference_label,EMAIL,"schlechtsidentität: Weiblich
5. Kontakt‑Telefon: +43 20305.7956
6. E‑Mail‑Adresse: nsa da@tutanota.com
7. Wohnort: Grabenstraße 444, 4020 Wien
8. Steuer‑Identifikationsnummer: 70-6165439
9. Fü"
presidio_de_core_news_lg,2614,PRIVATE_URL,584,593,yahoo.com,overlaps_other_reference_label,EMAIL,"Zeichen): ________________________________
Bitte senden Sie das ausgefüllte Formular an T@yahoo.com zurück."
presidio_de_core_news_lg,2616,PRIVATE_URL,106,113,aol.com,overlaps_other_reference_label,EMAIL,"lattform sendet jedem Teammitglied, darunter Hildegarde Moyou Mollien, eine E‑Mail an H10@aol.com mit Details zu den nächsten Agilitäts‑Workshops."
presidio_de_core_news_lg,2618,PRIVATE_URL,199,210,outlook.com,overlaps_other_reference_label,EMAIL,"resse: Natterer Boden 100, 1020 Salzburg
Personalausweis‑Nr.: 07623323
E‑Mail: mayimfague@outlook.com

Ich beantrage hiermit die Erteilung der Fahrerlaubnis Klasse B. Bitte kontaktieren Sie m"
presidio_de_core_news_lg,2619,PRIVATE_URL,297,311,protonmail.com,overlaps_other_reference_label,EMAIL,nto von Genoveva Stefy Forch zu überweisen. Bei Fragen stehen wir Ihnen jederzeit unter C@protonmail.com oder 016405926-4840 zur Verfügung.
presidio_de_core_news_lg,2620,PRIVATE_URL,253,262,yahoo.com,overlaps_other_reference_label,EMAIL, Sie diese Daten zusammen mit Ihrem V7666759 und Ihrer Telefonnummer 00.2107-8650 an CM02@yahoo.com.
presidio_de_core_news_lg,2622,PRIVATE_URL,173,182,yahoo.com,overlaps_other_reference_label,EMAIL,"arune Olteanu (Alter: 15), Adresse: Taborstraße 8, 4020 Innsbruck Hungerburg, E‑Mail: D23@yahoo.com."
presidio_de_core_news_lg,2627,PRIVATE_URL,148,159,hotmail.com,overlaps_other_reference_label,EMAIL,"ng an die Basis: ""Bitte senden Sie die neue 4447989115501719 an meine E‑Mailadresse 1974G@hotmail.com, damit wir das Versorgungspaket kaufen können; die aktuelle 4020 ist 12345-AB und das Lag"
presidio_de_core_news_lg,2628,PRIVATE_URL,82,93,outlook.com,overlaps_other_reference_label,EMAIL,"Zum Abschluss ihrer Reise verfasste Dr Sinue ein Abschiedsschreiben, das per NSKR@outlook.com an alle Teilnehmer verschickt wurde; darin wurde die letzte 3. Oktober 2018 der Expeditio"
presidio_de_core_news_lg,2629,PRIVATE_URL,108,119,outlook.com,overlaps_other_reference_label,EMAIL,"tionsstrategien im disruptiven Wandel
Datum: 10/11/2006
Von: Sen Nimnuan Alloggia <MR1946@outlook.com>
An: Team Change Management

Liebe Kolleg*innen,

im Hinblick auf die bevorstehende Umstr"
presidio_de_core_news_lg,2630,PRIVATE_URL,384,395,hotmail.com,overlaps_other_reference_label,EMAIL,en können. Bitte senden Sie alle erforderlichen Unterlagen an meine E‑Mail‑Adresse SB1959@hotmail.com und fügen Sie Ihre Bankverbindung sowie die 3519841568509377 für mögliche Vorauszahlungen
presidio_de_core_news_lg,2631,PRIVATE_URL,403,414,outlook.com,overlaps_other_reference_label,EMAIL,"Sie die angegebene Bankverbindung. Sollten Sie Fragen haben, kontaktieren Sie uns unter L@outlook.com oder besuchen Sie unser Büro in der Mariahilfer Straße 60a in Natters (6072)."
presidio_de_core_news_lg,2632,PRIVATE_URL,473,480,aol.com,overlaps_other_reference_label,EMAIL," Ihrem 3170826245902131085.
Falls Sie Fragen haben, kontaktieren Sie mich unter decoglian@aol.com oder telefonisch unter 014377223-3694."
presidio_de_core_news_lg,2634,PRIVATE_URL,177,189,tutanota.com,overlaps_other_reference_label,EMAIL," Erwartungen entsprochen. Bitte senden Sie Ihr Feedback bis zum September 25., 1974 an GT@tutanota.com und geben Sie Ihre Sozialversicherungsnummer 2015 841103 zur Validierung an."
presidio_de_core_news_lg,2636,PRIVATE_URL,406,415,yahoo.com,overlaps_other_reference_label,EMAIL,ch erfolgreicher Zahlung erhalten Sie eine Bestellbestätigung an Ihre E‑Mailadresse 1971I@yahoo.com.
presidio_de_core_news_lg,2642,PRIVATE_URL,175,189,protonmail.com,overlaps_other_reference_label,EMAIL," verwies auf die Steueridentifikationsnummer 64-0986079. Der Brief wurde per E‑Mail an SP@protonmail.com gesendet. Nur wer das Passwort kannte, das aus dem Geburtsdatum 09/09/2007 bestand, durft"
presidio_de_core_news_lg,2643,PRIVATE_URL,302,311,yahoo.com,overlaps_other_reference_label,EMAIL,", aber die Anleitung fehlt. Könnten Sie mir bitte eine digitale Version an meine E‑Mail W@yahoo.com senden?\n\nJyri Boccadoro Ünlüsoy Kagliwal: Natürlich, ich sende Ihnen die Datei sofort z"
presidio_de_core_news_lg,2646,PRIVATE_URL,228,240,tutanota.com,overlaps_other_reference_label,EMAIL,"nzuladen. Bitte bestätigen Sie Ihre Teilnahme bis zum März 24., 1975 per E‑Mail an 1947AS@tutanota.com oder telefonisch unter +81 55114.7148. Für Sicherheitszwecke benötigen wir eine Kopie Ihr"
presidio_de_core_news_lg,2647,PRIVATE_URL,559,566,aol.com,overlaps_other_reference_label,EMAIL,"r der Adresse Ruckerlberggasse 1669, 5020 Linz Hartmayrsiedlung oder per E‑Mail an eaurig@aol.com."
presidio_de_core_news_lg,2648,PRIVATE_URL,392,404,tutanota.com,overlaps_other_reference_label,EMAIL,"zieren können. Sobald wir alles geprüft haben, erhältst du das Zertifikat per E‑Mail an P@tutanota.com."
presidio_de_core_news_lg,2649,PRIVATE_URL,479,488,gmail.com,overlaps_other_reference_label,EMAIL,"igefügten Unterlagen und senden Sie Ihr Feedback bis zum 1997-09-10T00:00:00 an abbumbach@gmail.com.

Mit freundlichen Grüßen,
Sharuya Struppa
Frau HR‑Transformation
+4-77-460-5638"
presidio_de_core_news_lg,2652,PRIVATE_URL,157,166,yahoo.com,overlaps_other_reference_label,EMAIL,"humman die Art und Weise, wie Informationen weitergegeben werden, besonders wenn er per W@yahoo.com schreibt. Am 29. November 2024 teilte er mit, dass das Alter von 8 Jahren und die Erfahru"
presidio_de_core_news_lg,2655,PRIVATE_URL,201,212,hotmail.com,overlaps_other_reference_label,EMAIL,"nd benötigen zur weiteren Analyse Ihre Kontaktdaten, insbesondere Ihre E‑Mail-Adresse MJK@hotmail.com und das aktuelle Datum 08/05/2022. Bitte teilen Sie uns zudem den Standort Ihres Unterneh"
presidio_de_core_news_lg,2656,PRIVATE_URL,313,327,protonmail.com,overlaps_other_reference_label,EMAIL,"ung der benötigten Gegenstände sowie Ihre Kontaktdaten, einschließlich E‑Mail arbabdelkao@protonmail.com und Telefonnummer +43643-478.0854.
Vielen Dank und freundliche Grüße, das Organisationste"
presidio_de_core_news_lg,2657,PRIVATE_URL,431,438,aol.com,overlaps_other_reference_label,EMAIL,"halten am 29/12/1936 einen temporären Zugangscode, der an die im System hinterlegte 12SVT@aol.com gesendet wird. Für Rückfragen steht das Support‑Team unter der Nummer 0086-954-787-8606 b"
presidio_de_core_news_lg,2659,PRIVATE_URL,518,530,tutanota.com,overlaps_other_reference_label,EMAIL,"6090711361).
Trey: Perfekt, ich sende das an die Verwaltung. Meine E‑Mail ist tshallegger@tutanota.com und meine Telefonnummer lautet 0143 506-992 9559.
Velvet Claire-Line: Danke! Ich melde mi"
presidio_de_core_news_lg,2660,PRIVATE_URL,406,415,gmail.com,overlaps_other_reference_label,EMAIL,"rend sie das 2018er Pinot Noir probierten. Jeder Teilnehmer musste vorab seine zimogiurca@gmail.com und +2386812 3253 angeben, um das exklusive Degustationspaket zu erhalten, das unter ande"
presidio_de_core_news_lg,2662,PRIVATE_URL,537,546,yahoo.com,overlaps_other_reference_label,EMAIL,"tfolio mit internationalen Projekten zu erweitern. Bitte senden Sie Rückfragen an gsirghi@yahoo.com oder rufen Sie unter 05.0582-7890 an, damit wir ein persönliches Gespräch am 1956-08-06T0"
presidio_de_core_news_lg,2663,PRIVATE_URL,654,663,gmail.com,overlaps_other_reference_label,EMAIL,"lung anzumelden. Für die administrative Korrespondenz nutzen Sie bitte die E‑Mail saikrys@gmail.com oder das Postfach an der Johann-Wilhelm-Klein-Straße 8, 1020 6020 Wien."
presidio_de_core_news_lg,2664,PRIVATE_URL,339,351,tutanota.com,overlaps_other_reference_label,EMAIL,"cherung und bat um Rücksprache mit dem Ethik‑Komitee unter der E‑Mail‑Adresse halkawramat@tutanota.com.
Zusätzlich wurde ein Nachweis der Identität gefordert, weshalb ein Scan des N7955238 sow"
presidio_de_core_news_lg,2665,PRIVATE_URL,343,352,gmail.com,overlaps_other_reference_label,EMAIL,lechtsidentität ist Nicht spezifiziert. Für Rückfragen erreichen Sie mich unter nicovon s@gmail.com oder +43 595 058.8583. Ich habe meine Sozialversicherungsnummer 0053 231008 und meine Ste
presidio_de_core_news_lg,2666,PRIVATE_URL,106,118,tutanota.com,overlaps_other_reference_label,EMAIL,"ng vom 1941-06-11T00:00:00: Bitte aktualisieren Sie Ihre Kontaktdaten, insbesondere 1956A@tutanota.com und (49) 0360-9782, in der Laborverwaltung. Die neue Richtlinie verlangt, dass jede Datei"
presidio_de_core_news_lg,2667,PRIVATE_URL,175,182,aol.com,overlaps_other_reference_label,EMAIL,".000 zur Anschaffung von Bienenhotels, kontaktiert werden Sie unter +4301.903 4103 oder W@aol.com."
presidio_de_core_news_lg,2670,PRIVATE_URL,813,822,yahoo.com,overlaps_other_reference_label,EMAIL,r Rückfragen steht das Büro unter der Telefonnummer +28 65.213.4117 oder per E‑Mail an BG@yahoo.com zur Verfügung.
presidio_de_core_news_lg,2672,PRIVATE_URL,311,322,outlook.com,overlaps_other_reference_label,EMAIL,", 4040 Graz Gries erfolgen. Bitte bestätigen Sie die Bestellung per E‑Mail an riqueltozer@outlook.com oder telefonisch unter +43.44.942.6598. Für die Rechnungsstellung benötigen wir Ihre Steu"
presidio_de_core_news_lg,2674,PRIVATE_URL,307,316,gmail.com,overlaps_other_reference_label,EMAIL,"   - Geschlecht (identifiziert): Agender
2. Kontaktinformationen
   - E‑Mail: mamidjagoué@gmail.com
   - Telefon: (44)-1826-3831
   - Adresse: Ebenweg 11, 9020 Graz Jakomini
3. Medizinische"
presidio_de_core_news_lg,2676,PRIVATE_URL,223,234,outlook.com,overlaps_other_reference_label,EMAIL,"Ausweis‑Nummer: 31213937
Führerschein: Y655IM3KUX
Kontakt‑Telefon: 070-739 8128
E‑Mail: J@outlook.com
Bitte senden Sie das ausgefüllte Formular bis zum 2000-10-27T00:00:00 zurück."
presidio_de_core_news_lg,2677,PRIVATE_URL,325,336,outlook.com,overlaps_other_reference_label,EMAIL,"alnummer: 4135 021225\n3. Führerscheinnummer: OES08X2457\n4. Kontakt‑E‑Mail: nngendahiman@outlook.com\n5. Telefon für Notfälle: +43-107.520.4701\n6. Wohnort (Straße, Hausnummer): Firmianstraß"
presidio_de_core_news_lg,2680,PRIVATE_URL,119,130,hotmail.com,overlaps_other_reference_label,EMAIL,ng‑Kunst‑Workshop benötigen wir die Angaben von Hena Ca (Alter: 78) und eine gültige KM04@hotmail.com.
presidio_de_core_news_lg,2684,PRIVATE_URL,191,203,tutanota.com,overlaps_other_reference_label,EMAIL," zum 03/05/1946 mitteilen könnten. Nutzen Sie bitte das Online‑Formular, das Sie unter GL@tutanota.com erreichen, oder senden Sie uns Ihre Rückmeldung per Post an Feschnigstraße 119, 4020 Salz"
presidio_de_core_news_lg,2686,PRIVATE_URL,301,312,outlook.com,overlaps_other_reference_label,EMAIL,"ekrutiert werden. Bitte senden Sie die ausgefüllten Unterlagen, inklusive 43198727 und ZM@outlook.com, bis zum August/43 an unsere Zentrale."
presidio_de_core_news_lg,2688,PRIVATE_URL,682,696,protonmail.com,overlaps_other_reference_label,EMAIL,124\nBitte prüfen Sie alle Angaben sorgfältig und senden Sie das Formular per E‑Mail an L@protonmail.com zurück. Wir bestätigen den Erhalt innerhalb von 48 Stunden.
presidio_de_core_news_lg,2688,PRIVATE_URL,280,289,yahoo.com,overlaps_other_reference_label,EMAIL,Geschlecht: O / Geschlechtsidentität: Agender\n2. Kontaktinformationen:\n   - E‑Mail: GLB@yahoo.com\n   - Telefon: 03.81 83 26-01\n3. Wohnadresse:\n   - Straße: Spitalgasse \n   - Hausnumme
presidio_de_core_news_lg,2690,PRIVATE_URL,203,214,outlook.com,overlaps_other_reference_label,EMAIL,"ra Gutowska, Geburtsdatum 1959-01-17T00:00:00, Geschlecht M; 2) Kontaktdaten – E‑Mail MYD@outlook.com, Telefon +8 59.583-1428; 3) Finanzielle Angaben – Kreditkartennummer 5187170971485519 und"
presidio_de_core_news_lg,2690,PRIVATE_URL,398,405,aol.com,overlaps_other_reference_label,EMAIL,"uer-ID 61-5331134; übermitteln Sie das vollständig ausgefüllte Dokument an mai-lvadlamuri@aol.com bis spätestens zum Mai 11., 1941."
presidio_de_core_news_lg,2694,PRIVATE_URL,854,863,gmail.com,overlaps_other_reference_label,EMAIL,"________________________  Simge Vasileiadou
   E‑Mail: _______________________________  B@gmail.com
   Telefon: ______________________________  +490 698.596-7489

Bitte das ausgefüllte Form"
presidio_de_core_news_lg,2699,PRIVATE_URL,328,335,aol.com,overlaps_other_reference_label,EMAIL,"nerlei Hautirritationen. Ich habe die Bestellung über meine geschäftliche E‑Mailadresse N@aol.com abgewickelt und die Lieferung kam pünktlich am 1982-09-13T00:00:00 an, gut verpackt in ei"
presidio_de_core_news_lg,2701,PRIVATE_URL,305,316,hotmail.com,overlaps_other_reference_label,EMAIL,ts kontaktieren Sie sofort Sivakami Laban unter 0102-93-483 0680 oder per E‑Mail an V1983@hotmail.com.
presidio_de_core_news_lg,2702,PRIVATE_URL,32,41,yahoo.com,overlaps_other_reference_label,EMAIL,"Bitte senden Sie uns Ihre H1982@yahoo.com und Ihre aktuelle +92-240486046 zu, damit wir den Kundenkontakt kanalübergreifend persona"
presidio_de_core_news_lg,2705,PRIVATE_URL,267,276,yahoo.com,overlaps_other_reference_label,EMAIL,"50 um 10:00 Uhr. Bitte bestätigen Sie Ihre Teilnahme über die unten stehende idungkoritsa@yahoo.com und teilen Sie uns Ihre aktuelle 003.065-0631 mit, damit wir technische Rückfragen schnel"
presidio_de_core_news_lg,2708,PRIVATE_URL,69,76,aol.com,overlaps_other_reference_label,EMAIL,"Die Beraterin Nysa Naveena Londja Zemlickova sendet per E‑Mail an MG@aol.com die Liste der gesammelten Tribute, erwähnt ihr Alter von 79 Jahren und gibt ihr Geburtsda"
presidio_de_core_news_lg,2711,PRIVATE_URL,310,321,hotmail.com,overlaps_other_reference_label,EMAIL, nach sofortiger Erstversorgung und Meldung an die Arbeitssicherheitsstelle (Kontakt: NHC@hotmail.com) keine weitere Behandlung erforderte; das Protokoll wurde mit dem Namen des verantwortlic
presidio_de_core_news_lg,2713,PRIVATE_URL,60,69,yahoo.com,overlaps_other_reference_label,EMAIL,Bitte senden Sie Ihre aktuelle ärztliche Bescheinigung an L@yahoo.com und fügen Sie Ihre 27656517 sowie Ihre MP2862YTE9 bei.
presidio_de_core_news_lg,2715,PRIVATE_URL,170,181,hotmail.com,overlaps_other_reference_label,EMAIL,"et um Rückmeldung, falls Sie Bedenken bezüglich Ihres Arbeitsumfelds haben (z. B. über SA@hotmail.com oder 0353-76576440)."
presidio_de_core_news_lg,2719,PRIVATE_URL,352,361,gmail.com,overlaps_other_reference_label,EMAIL,"e 15
   Postleitzahl: 6020
   Stadt: Plain
   Telefon: 0043 64.341-3056
   E‑Mail: 1954CL@gmail.com

3. Finanzielle Angaben:
   Sozialversicherungsnummer: 9476 760916
   Steuernummer: 68-53"
presidio_de_core_news_lg,2720,PRIVATE_URL,146,160,protonmail.com,overlaps_other_reference_label,EMAIL," Personal‑Branding‑Kampagne vorzustellen. Kontaktieren Sie mich bitte unter palesajesgarz@protonmail.com für weitere Details. Ich bin am 11/08/1987 geboren und bin derzeit 48 Jahre alt, ansässig"
presidio_de_core_news_lg,2724,PRIVATE_URL,1054,1065,outlook.com,overlaps_other_reference_label,EMAIL,"bteilung zu übermitteln. Für Fragen steht Ihnen Dzana Nathiya Lupan unter athithirzberger@outlook.com jederzeit zur Verfügung.

Beste Grüße,
Bgm Ana-Marija Malçok Duronjic"
presidio_de_core_news_lg,2726,PRIVATE_URL,465,476,outlook.com,overlaps_other_reference_label,EMAIL,"pedition sammelte ich wertvolle Eindrücke, die ich per E‑Mail an meine Abonnenten (rateka@outlook.com) und über Telefonat (03804.74890 ) weitergab. Die Durchreise erfolgte dank meines Reisepa"
presidio_de_core_news_lg,2728,PRIVATE_URL,202,209,aol.com,overlaps_other_reference_label,EMAIL,"nzubieten. Bitte bestätigen Sie Ihre Buchung bis zum September 8., 1947 per E‑Mail an EKT@aol.com."
presidio_de_core_news_lg,2731,PRIVATE_URL,446,457,hotmail.com,overlaps_other_reference_label,EMAIL,"‑Nummer: X2989709
Kreditkarte (letzte 4 Stellen): 6762992526479226899
Kontakt‑E‑Mail: 8DU@hotmail.com
Telefon: +435 100 130-7035
Der Workshop findet am Dezember/60 in den Räumlichkeiten der H"
presidio_de_core_news_lg,2735,PRIVATE_URL,325,337,tutanota.com,overlaps_other_reference_label,EMAIL,finden wird. Bitte bestätigen Sie Ihre Teilnahme bis zum 6. August 1976 per E‑Mail an E46@tutanota.com oder telefonisch unter +43-08-803-2298. In den Vorbereitungen berücksichtigen wir untersc
presidio_de_core_news_lg,2738,PRIVATE_URL,197,206,yahoo.com,overlaps_other_reference_label,EMAIL,"straße 7 in Innsbruck.
Teilnehmer: Herr Mathusan Gurga Sidorov Gono (E‑Mail: neeaganceanu@yahoo.com), Sen Marie-Christel Betania Shariat (Telefon: 03 25.95.98-37).
Bitte bestätigen Sie Ihre"
presidio_de_core_news_lg,2739,PRIVATE_URL,226,235,yahoo.com,overlaps_other_reference_label,EMAIL,"der
Adresse: Schillerstraße 1393, 8020 Salzburg
Telefon: +8125349 3937
E‑Mail: berdtankut@yahoo.com
Ich stimme den Teilnahmebedingungen zu und erlaube die Verarbeitung meiner Daten (ID‑Kart"
presidio_de_core_news_lg,2743,PRIVATE_URL,410,417,aol.com,overlaps_other_reference_label,EMAIL,"orn.

Salmir (08:20): Klingt super! Meine Kontaktdaten für das technische Setup: E‑Mail Y@aol.com, Telefon +46-853-410 5041.

Kathelijne (08:22): Ich bringe meine Ausstellungspässe mit – "
presidio_de_core_news_lg,2744,PRIVATE_URL,597,611,protonmail.com,overlaps_other_reference_label,EMAIL,ausgefüllte Formular bis spätestens 1955-02-09T00:00:00 an die WHO‑Zentrale (E‑Mail: MGAD@protonmail.com).
presidio_de_core_news_lg,2744,PRIVATE_URL,293,304,hotmail.com,overlaps_other_reference_label,EMAIL,"des Ansprechpartners: 17/01/1956
4. Geschlecht: Männlich / Nicht-binär
5. E‑Mail: HCH1965@hotmail.com
6. Telefon: 017.65.239 6614
7. Adresse: Linzer Straße 67a, 4020 Innsbruck Hötting Hötting"
presidio_de_core_news_lg,2745,PRIVATE_URL,321,330,gmail.com,overlaps_other_reference_label,EMAIL,": 30
6. Geschlecht (biologisch): Andere
7. Gender‑Identität: Agender
8. E‑Mail-Adresse: M@gmail.com
9. Telefon (inkl. Ländervorwahl): 07034.843481
10. Anschrift: Weingartshofstraße 16, 6080"
presidio_de_core_news_lg,2745,PRIVATE_URL,211,216,TT.MM,url_like_without_reference,,"e: Fation
3. Nachname: Geisel Sakamoto Schilles
4. Geburtsdatum: März/87 (Bitte im Format TT.MM.JJJJ)
5. Alter: 30
6. Geschlecht (biologisch): Andere
7. Gender‑Identität: Agender
8. E‑M"
presidio_de_core_news_lg,2747,PRIVATE_URL,586,595,yahoo.com,overlaps_other_reference_label,EMAIL,"en Sie Fragen haben, erreichen Sie mich unter +43.045035801 oder per E‑Mail an cleueldkak@yahoo.com."
presidio_de_core_news_lg,2748,PRIVATE_URL,608,620,tutanota.com,overlaps_other_reference_label,EMAIL,agen wird. Für Rückfragen stehen wir Ihnen unter +43.703 177.1717 oder per E‑Mail an 22CR@tutanota.com zur Verfügung.
presidio_de_core_news_lg,2749,PRIVATE_URL,253,262,gmail.com,overlaps_other_reference_label,EMAIL,"Sie sicher, dass Sie im Vorfeld Ihre aktuelle Medikation in einer separaten E‑Mail an 82S@gmail.com auflisten, damit die Ärztin bestens vorbereitet ist. Zudem benötigen wir eine Kopie Ihrer"
presidio_de_core_news_lg,2750,PRIVATE_URL,236,250,protonmail.com,overlaps_other_reference_label,EMAIL,"erlebte ich, wie die Einsatzkräfte schnell reagierten, und die Kommunikation per E‑Mail M@protonmail.com war klar. Für zukünftige Verbesserungen schlage ich vor, dass das Altersprofil der Einsat"
presidio_de_core_news_lg,2751,PRIVATE_URL,665,672,aol.com,overlaps_other_reference_label,EMAIL,"(max. 150 Zeichen) an.
Nach Abschluss senden Sie das ausgefüllte Formular an slavomcanzon@aol.com bis spätestens Dezember/09."
presidio_de_core_news_lg,2751,PRIVATE_URL,150,162,tutanota.com,overlaps_other_reference_label,EMAIL,"enen Texten
Name: Asen Ghilazghi
Alter: 86 Jahre, Geschlecht: Männlich
E‑Mail: josshahria@tutanota.com
Geburtsdatum: 30. November 1994
Adresse: Ignaz-Rieder-Kai 1327, 5020 Natters
Bitte prüfen"
presidio_de_core_news_lg,2752,PRIVATE_URL,382,393,hotmail.com,overlaps_other_reference_label,EMAIL,den Sie Ihre X3451901 und Ihren DQ827JSNNA bis zum 10/12/1986 an meine Adresse dizávodský@hotmail.com. Die Kosten betragen 646151975706463462 und werden per Rechnung beglichen. Für Rückfragen
presidio_de_core_news_lg,2753,PRIVATE_URL,783,795,tutanota.com,overlaps_other_reference_label,EMAIL,"ise nach dem Frühstück; Rückfahrt zum Flughafen. Bitte stellen Sie sicher, dass Ihre STCM@tutanota.com‑Adresse aktuell ist, damit wir Ihnen die Abschlussrechnung und das Zertifikat senden könn"
presidio_de_core_news_lg,2754,PRIVATE_URL,375,386,hotmail.com,overlaps_other_reference_label,EMAIL,"ilnehmergruppe ausgewogen zu gestalten.
Kontaktieren Sie uns bei Rückfragen via E‑Mail (W@hotmail.com) oder Telefon (04889.251872).
Wir benötigen außerdem Ihre Steuer‑ID 78-5263286 und Ihre S"
presidio_de_core_news_lg,2755,PRIVATE_URL,315,326,hotmail.com,overlaps_other_reference_label,EMAIL,"enstein, der ihm einen Platz in der Musikwelt sicherte, während er gleichzeitig seine V11@hotmail.com nutzte, um mit Fans weltweit zu kommunizieren."
presidio_de_core_news_lg,2758,PRIVATE_URL,132,143,hotmail.com,overlaps_other_reference_label,EMAIL,"d‑Jam am 02/10/1936 zu veranstalten. Könntet ihr eure Verfügbarkeit per Nachricht an NHPH@hotmail.com oder telefonisch unter +210.37.702 6195 mitteilen? Wir möchten sicherstellen, dass alle I"
presidio_de_core_news_lg,2759,PRIVATE_URL,299,310,hotmail.com,overlaps_other_reference_label,EMAIL,"Informationen bis zum 1939-01-29T00:00:00 an die Abteilung Risiko‑Management (z. B. via T@hotmail.com).
Die Sicherheit unseres Unternehmens hängt von der Vollständigkeit dieser Daten ab."
presidio_de_core_news_lg,2760,PRIVATE_URL,451,460,yahoo.com,overlaps_other_reference_label,EMAIL,"rkungen im Krisenfall zu bewerten.
Das ausgefüllte Dokument senden Sie bitte an kbeuttner@yahoo.com zurück."
presidio_de_core_news_lg,2762,PRIVATE_URL,153,167,protonmail.com,overlaps_other_reference_label,EMAIL,"ige Audits durchgeführt, bei denen Herr Elonisa Dellasanta die Ergebnisse per E‑Mail an N@protonmail.com sendet und dabei Prüf‑Checklisten nutzt, die unter der Referenznummer 33465983 archiviert"
presidio_de_core_news_lg,2770,PRIVATE_URL,47,58,outlook.com,overlaps_other_reference_label,EMAIL,"Doktorin Ernim Wüller schreibt an tiberidall'a@outlook.com: 'Sehr geehrte*r Partner*in, ab dem 04/03/1963 erhalten Sie 70 % der Einnahmen aus Ihrem "
presidio_de_core_news_lg,2771,PRIVATE_URL,54,68,protonmail.com,overlaps_other_reference_label,EMAIL,"Bitte bestätigen Sie die Bestellung per E‑Mail an 73N@protonmail.com oder telefonisch unter 0143-98851-5756, damit wir die Lieferzeit am August/46 garantieren"
presidio_de_core_news_lg,2772,PRIVATE_URL,540,547,aol.com,overlaps_other_reference_label,EMAIL,April 2013). Bitte füllen Sie das beigefügte Formular aus und senden Sie es an yasharde c@aol.com zurück. Bei Fragen wenden Sie sich bitte an unseren Support unter 069 781-9731.
presidio_de_core_news_lg,2773,PRIVATE_URL,630,644,protonmail.com,overlaps_other_reference_label,EMAIL,"hostet wird. Nach erfolgreicher Validierung erhalten Sie eine Bestätigung per E‑Mail an D@protonmail.com und ein Zugangsschlüssel, der Ihnen den Eintritt in die Zukunfts‑Bibliothek ermöglicht. W"
presidio_de_core_news_lg,2775,PRIVATE_URL,161,172,outlook.com,overlaps_other_reference_label,EMAIL," Bey
Titel: Prof
Geburtsdatum: 1940-08-28T00:00:00
Alter: 30
Geschlecht: M
E‑Mail: 1950OL@outlook.com
Telefon: 009.826.4317
Anschrift: Raiffeisenstraße 22, 1040 Lans

Ich bestätige hiermit me"
presidio_de_core_news_lg,2776,PRIVATE_URL,142,153,hotmail.com,overlaps_other_reference_label,EMAIL,hrer Team‑Meetings und sendet sie an Merten Juma (MG58@hotmail.com) sowie an Daahir (79SF@hotmail.com).
presidio_de_core_news_lg,2776,PRIVATE_URL,107,118,hotmail.com,overlaps_other_reference_label,EMAIL,ert automatisch Zusammenfassungen Ihrer Team‑Meetings und sendet sie an Merten Juma (MG58@hotmail.com) sowie an Daahir (79SF@hotmail.com).
presidio_de_core_news_lg,2780,PRIVATE_URL,191,203,tutanota.com,overlaps_other_reference_label,EMAIL,ngrich (ID: 87559866); bitte kontaktieren Sie uns unter 069.957.2537 oder per E‑Mail an P@tutanota.com für weitere Informationen.
presidio_de_core_news_lg,2781,PRIVATE_URL,219,231,tutanota.com,overlaps_other_reference_label,EMAIL,r Handlhofweg 3 in Graz Jakomini ein; bitte bestätigen Sie Ihre Teilnahme per E‑Mail an S@tutanota.com oder telefonisch unter 04 7505.0386.
presidio_de_core_news_lg,2782,PRIVATE_URL,170,184,protonmail.com,overlaps_other_reference_label,EMAIL,des Spiels per Chat zur Verfügung. Sie erreichen sie unter der E‑Mail‑Adresse fenfilensky@protonmail.com oder der Telefonnummer 06.85-50.90.10.
presidio_de_core_news_lg,2784,PRIVATE_URL,650,661,hotmail.com,overlaps_other_reference_label,EMAIL,"abichl Annabichl; bitte kontaktieren Sie mich bei Rückfragen unter +43.03862-0679 oder IE@hotmail.com. Des Weiteren bestätige ich, dass ich im Besitz eines gültigen Personalausweises mit der "
presidio_de_core_news_lg,2785,PRIVATE_URL,298,305,aol.com,overlaps_other_reference_label,EMAIL,"tte nennen Sie Ihren Namen (Live Argenzio Hoffmann) und Ihre bevorzugte Kontakt‑E‑Mail (K@aol.com) sowie Ihre Telefonnummer (03-2889-9760), falls wir Rückfragen haben. Teilen Sie uns mit,"
presidio_de_core_news_lg,2786,PRIVATE_URL,721,732,hotmail.com,overlaps_other_reference_label,EMAIL,alle Angaben sorgfältig und senden Sie das ausgefüllte Formular per E‑Mail an jelaszentes@hotmail.com zurück. Bei Unklarheiten kontaktieren Sie uns telefonisch unter +83-69850-2272. Wir danke
presidio_de_core_news_lg,2786,PRIVATE_URL,207,218,hotmail.com,overlaps_other_reference_label,EMAIL,"ter: 88
Geschlecht (biologisch): Männlich
Geschlecht (Identität): Nicht-binär
E‑Mail: MLT@hotmail.com
Telefon: 0043-16.603.9971

Lieferadresse:
Straße: Industriezeile 2464
Postleitzahl: 6080
"
presidio_de_core_news_lg,2790,PRIVATE_URL,604,615,outlook.com,overlaps_other_reference_label,EMAIL,"ie Ihre Wohnadresse in der Seberinysteig 593.
Bei Fragen kontaktieren Sie uns unter 2017Y@outlook.com oder telefonisch unter 0199.520-616.2797."
presidio_de_core_news_lg,2792,PRIVATE_URL,298,310,tutanota.com,overlaps_other_reference_label,EMAIL,"fügbar sind. Bitte bestätigen Sie Ihre Anmeldung bis spätestens 15. 11/01/1977 unter 21MB@tutanota.com oder telefonisch unter 00043.019.725 0879."""
presidio_de_core_news_lg,2793,PRIVATE_URL,475,487,tutanota.com,overlaps_other_reference_label,EMAIL,"f ich auf Ajetja Stanojevski, die ebenfalls die Natur genossen; wir tauschten unsere 64RK@tutanota.com aus, um zukünftige Spaziergänge zu planen. Die Ruhe und die frische Luft gaben mir neue E"
presidio_de_core_news_lg,2794,PRIVATE_URL,182,196,protonmail.com,overlaps_other_reference_label,EMAIL,"auf nachhaltige Materialien spezialisiert hat. Für Anfragen stehen Sie per E‑Mail unter L@protonmail.com zur Verfügung. Bitte beachten Sie, dass für internationale Lieferungen ein gültiger Reise"
presidio_de_core_news_lg,2798,PRIVATE_URL,274,283,gmail.com,overlaps_other_reference_label,EMAIL,"hlecht (biologisch): F
7. Geschlechtsidentität: Transgender
8. E‑Mail-Adresse: heirmakino@gmail.com
9. Telefonnummer: (83)-4753 3863
10. Wohnort (Straße & Hausnummer): Hörnesgasse 84b
11. P"
presidio_de_core_news_lg,2798,PRIVATE_URL,469,483,protonmail.com,overlaps_other_reference_label,EMAIL,"rt: 6020 Salzburg
Bitte senden Sie das ausgefüllte Formular bis zum 30. August 2015 an SR@protonmail.com."
presidio_de_core_news_lg,2799,PRIVATE_URL,252,259,aol.com,overlaps_other_reference_label,EMAIL,"uns Ihr aktuelles Alter (87 Jahre), Ihr Geschlecht (F) sowie Ihre E‑Mail-Adresse (kmatthe@aol.com) mit, damit wir die Dringlichkeit besser einschätzen können. Bei einer Bewertung von 8 bi"
presidio_de_core_news_lg,2800,PRIVATE_URL,309,323,protonmail.com,overlaps_other_reference_label,EMAIL,"ID 06-1963612 an.
Rochus: Perfekt, schick mir einfach deine Kontaktdaten per E‑Mail an SW@protonmail.com oder ruf mich an unter +43.23 782 7056."
presidio_de_core_news_lg,2802,PRIVATE_URL,600,611,hotmail.com,overlaps_other_reference_label,EMAIL," Mal pro Tag zu massieren. Weitere Informationen erhalten Sie per E‑Mail an mencamaléonte@hotmail.com oder auf unserer Webseite."""
presidio_de_core_news_lg,2803,PRIVATE_URL,600,614,protonmail.com,overlaps_other_reference_label,EMAIL,"ens zweimal täglich, idealerweise morgens und abends. Weitere Tipps per Newsletter an G18@protonmail.com."
presidio_de_core_news_lg,2804,PRIVATE_URL,410,424,protonmail.com,overlaps_other_reference_label,EMAIL,Sie die wöchentlichen Fortschrittsberichte an die Praxis Frau Oceania Bisaki (E‑Mail: TMT@protonmail.com; Telefon: 7894-329.6085) ein. Die Kosten werden gemäß Ihrer Versicherung (7029 760930) er
presidio_de_core_news_lg,2806,PRIVATE_URL,45,54,yahoo.com,overlaps_other_reference_label,EMAIL,"Für Rückfragen stehen wir unter der E‑Mail R@yahoo.com oder telefonisch unter +342-571.282-4521 zur Verfügung, um weitere Details zur Einkommens"
presidio_de_core_news_lg,2808,PRIVATE_URL,245,259,protonmail.com,overlaps_other_reference_label,EMAIL,emen kontaktieren Sie den Support unter +4317-706-7722 oder senden Sie eine E‑Mail an 28E@protonmail.com; bitte geben Sie dabei Ihre 1030 an.
presidio_de_core_news_lg,2808,PRIVATE_URL,88,125,https://intranet.example.com/formular,url_like_without_reference,,"Für Rückmeldungen zum neuen Prozess nutzen Sie bitte das Online-Formular, das Sie unter https://intranet.example.com/formular finden. Bei technischen Problemen kontaktieren Sie den Support unter +4317-706-7722 oder "
presidio_de_core_news_lg,2809,PRIVATE_URL,41,52,outlook.com,overlaps_other_reference_label,EMAIL,"Bitte senden Sie Ihre Rückmeldung an E24@outlook.com und bestätigen Sie Ihre Teilnahme bis zum 07/06/1938, damit wir die Logistik für die Perf"
presidio_de_core_news_lg,2812,PRIVATE_URL,438,452,protonmail.com,overlaps_other_reference_label,EMAIL,"r. Bitte senden Sie bis spätestens zum 15. Mai Ihre aktuelle Stellenbeschreibung an 83ABK@protonmail.com und bestätigen Sie den Erhalt per Telefon unter +4344721-7564. Zusätzlich ist es wichtig,"
presidio_de_core_news_lg,2813,PRIVATE_URL,387,401,protonmail.com,overlaps_other_reference_label,EMAIL,"F."" Weiterhin werden Kontakt‑ und Identifikationsdaten abgefragt: ""E‑Mail‑Adresse: lilkow@protonmail.com; Telefonnummer: (332) 3390898; Sozialversicherungsnummer: 3712 070224; Führerschein‑Numme"
presidio_de_core_news_lg,2815,PRIVATE_URL,425,437,tutanota.com,overlaps_other_reference_label,EMAIL,"dukten benötigen wir finanzielle Unterstützung; Spenden können per Kreditkarte an 21PBBLN@tutanota.com gesendet werden, wobei die Kartennummer im Format 3546833514247707 angegeben werden muss."
presidio_de_core_news_lg,2816,PRIVATE_URL,377,391,protonmail.com,overlaps_other_reference_label,EMAIL,m 15/11/1940 auf das angegebene Konto. Bei Rückfragen kontaktieren Sie uns unter shkanbur@protonmail.com.
presidio_de_core_news_lg,2819,PRIVATE_URL,444,453,yahoo.com,overlaps_other_reference_label,EMAIL, abrechnen. Für Rückfragen erreichen Sie uns unter 0186.384-737 4564 oder via E‑Mail an M@yahoo.com.
presidio_de_core_news_lg,2820,PRIVATE_URL,391,398,aol.com,overlaps_other_reference_label,EMAIL,"atte (Seriennr.: 3482 830712)
Bitte senden Sie die unterschriebene Bestätigung an scarere@aol.com bis spätestens April/06.

Vielen Dank für Ihre Mithilfe.

Slávka Tremonte
Abteilung Risik"
presidio_de_core_news_lg,2821,PRIVATE_URL,531,542,hotmail.com,overlaps_other_reference_label,EMAIL,ationen (z. B. 1H1VF7DZTN oder 9864 890216) im Formular ein. Für Rückfragen steht Ihnen S@hotmail.com oder die Telefonnummer +43 752 633-9286 zur Verfügung.
presidio_de_core_news_lg,2822,PRIVATE_URL,779,788,gmail.com,overlaps_other_reference_label,EMAIL,"ordination vor Ort stelle ich meine Kontaktdaten bereit: Telefon: 045-0148068 ; E‑Mail: X@gmail.com. Unser Hauptsitz befindet sich in Eichenstraße 1463, 1030 Innsbruck Wilten Wilten. Wir wü"
presidio_de_core_news_lg,2822,PRIVATE_URL,59,71,tutanota.com,overlaps_other_reference_label,EMAIL,"22. Juli 1977 Dr Marie-Albane Panissidi Olliges Beqiri <AL@tutanota.com> schreibt an die Behörde für Hafeneinrichtungen der abgelegenen Insel:

Sehr geehrte Dame"
presidio_de_core_news_lg,2823,PRIVATE_URL,581,590,yahoo.com,overlaps_other_reference_label,EMAIL,"m modernen Nachführsystem koppelt? Ihr erreicht mich am besten per E‑Mail unter smiljlehr@yahoo.com oder telefonisch unter +43 244.126-8721, falls ihr mir weiterhelfen könnt. Ich freue mich"
presidio_de_core_news_lg,2827,PRIVATE_URL,168,175,aol.com,overlaps_other_reference_label,EMAIL,mular).\n1. Antragsteller: Hr Sulman Kemadjou Stumborg Beneduce\n2. Kontakt: E‑Mail – TFS@aol.com; Telefon – 0274.55441822\n3. Geburtsdatum: 25/06/2003; Alter: 64; Geschlecht: Zwei-Geiste
presidio_de_core_news_lg,2832,PRIVATE_URL,381,390,yahoo.com,overlaps_other_reference_label,EMAIL,8589 arrangieren. Bitte senden Sie mir die Details zu Zahlung und Versand an jahyakössler@yahoo.com oder rufen Sie mich unter 065.807.6754 an.
presidio_de_core_news_lg,2833,PRIVATE_URL,801,812,hotmail.com,overlaps_other_reference_label,EMAIL, berücksichtigen Sie meine Präferenzen und bestätigen Sie die Anpassungen per E‑Mail an P@hotmail.com oder telefonisch unter 01037 87-954.7879. Vielen Dank für Ihr Entgegenkommen.
presidio_de_core_news_lg,2833,PRIVATE_URL,148,160,tutanota.com,overlaps_other_reference_label,EMAIL,"Jucilene Guionnet
Geburtsdatum: 21. September 2004
Alter: 5
Geschlecht: M
E‑Mail: 96DAPFM@tutanota.com
Telefon: +8781653 8318
Datum der Reservierung: Februar/48
Uhrzeit: 19:30
Anzahl Personen:"
presidio_de_core_news_lg,2834,PRIVATE_URL,237,249,tutanota.com,overlaps_other_reference_label,EMAIL,"Geschlecht (biologisch): F
Geschlechtsidentität: Geschlechterqueer
E‑Mail-Adresse: dbouga@tutanota.com
Telefonnummer (für Rückfragen): 0043602.391.8197
Adresse: Bergerbräuhofstraße 25, Wien Wi"
presidio_de_core_news_lg,2838,PRIVATE_URL,224,231,aol.com,overlaps_other_reference_label,EMAIL," 87
6. Geschlecht (biologisch): M
7. Geschlecht (identifiziert): Transgender
8. E‑Mail: T@aol.com
9. Telefon: 0043.97-287 3784
10. Adresse: Pfarrweg 1, 1020 Graz Lend Lend
11. Ausweisnumm"
presidio_de_core_news_lg,2838,PRIVATE_URL,563,572,gmail.com,overlaps_other_reference_label,EMAIL,"ttungen): 3576582001769868

Bitte das ausgefüllte Formular bis zum September/90 an SG1969@gmail.com senden."
presidio_de_core_news_lg,2839,PRIVATE_URL,532,544,tutanota.com,overlaps_other_reference_label,EMAIL,"6597L5PU und Steuer‑ID 88-4735057; bitte senden Sie diese bis zum Mai 6., 1980 an chowass@tutanota.com zurück."
presidio_de_core_news_lg,2839,PRIVATE_URL,237,248,outlook.com,overlaps_other_reference_label,EMAIL," Bitte prüfen Sie die Angaben: Geburtsdatum 21/08/1946, Alter 66, Geschlecht M, E‑Mail TK@outlook.com und Telefonnummer 0017 71 937-8021; Ihr Wohnsitz ist Ziggulnstraße 22b, 6020 Salzburg. Zu"
presidio_de_core_news_lg,2840,PRIVATE_URL,301,313,tutanota.com,overlaps_other_reference_label,EMAIL,"8
Führerscheinnummer (optional): Y30QU6CQUK
Steuernummer: 50-6457725
Kontakt‑E‑Mail: JG38@tutanota.com
Telefon: 0025-21 677-3643

Bitte das ausgefüllte Formular bis zum 1971-10-20T00:00:00 an "
presidio_de_core_news_lg,2841,PRIVATE_URL,327,336,yahoo.com,overlaps_other_reference_label,EMAIL,"t Sinojan Bram Marcellier bereitgestellt; für Rückfragen stehen Ihnen die Kontaktdaten LB@yahoo.com und 0143.53841 5491 zur Verfügung. Die Lieferadresse lautet Hochsteingasse 16, 6020 Klage"
presidio_de_core_news_lg,2842,PRIVATE_URL,279,290,hotmail.com,overlaps_other_reference_label,EMAIL,age wird von Bürgermeisterin Taim Baldauff koordiniert; Sie erreichen ihn unter cepoldauf@hotmail.com oder via Mobilnummer 054-1421-6436. Die Versandadresse lautet Georg-Nikolaus-von-Nissen-S
presidio_de_core_news_lg,2843,PRIVATE_URL,223,234,outlook.com,overlaps_other_reference_label,EMAIL,cht (Weiblich) und Alter (4); bitte ergänzen Sie außerdem Ihre E‑Mail-Adresse (kizitomusc@outlook.com) und Telefonnummer (+71.96-972-4582).
presidio_de_core_news_lg,2844,PRIVATE_URL,170,181,hotmail.com,overlaps_other_reference_label,EMAIL,"tsdatum Dezember 2., 2025, Geschlecht Agender. Kontakt: Telefon 0936 57428421, E‑Mail L12@hotmail.com; Identifikation: Personalausweisnummer 01850583 oder Reisepassnummer C6942428. Ich stimme"
presidio_de_core_news_lg,2845,PRIVATE_URL,592,603,hotmail.com,overlaps_other_reference_label,EMAIL,hältnis (Männlich/Transgender) nahezu ausgeglichen ist und die Kontaktaufnahme über H1995@hotmail.com sowie +68-054224339 erfolgt.
presidio_de_core_news_lg,2846,PRIVATE_URL,162,174,tutanota.com,overlaps_other_reference_label,EMAIL,"r die Kontaktdaten von Siyanth Pikis, einschließlich seiner E‑Mail-Adresse rosarikhudiako@tutanota.com und seiner Telefonnummer 074.0411136 . Bitte senden Sie diese Informationen bis zum 25. J"
presidio_de_core_news_lg,2850,PRIVATE_URL,663,672,yahoo.com,overlaps_other_reference_label,EMAIL,"3. Handlungsempfehlungen
a) Direktnachricht an alle betroffenen Haushalte via haxtsirekas@yahoo.com und automatisches Anrufsystem mit Nummer +94-08 712.5644.
b) Bereitstellung von Notfallpa"
presidio_de_core_news_lg,2852,PRIVATE_URL,256,268,tutanota.com,overlaps_other_reference_label,EMAIL,ediation am 1982-12-19T00:00:00 ein. Bitte bestätigen Sie Ihre Teilnahme per E‑Mail an DM@tutanota.com oder telefonisch unter +8068883.4274.
presidio_de_core_news_lg,2853,PRIVATE_URL,278,292,protonmail.com,overlaps_other_reference_label,EMAIL,"nd mögliche Lösungsansätze.
Ergebnis: Ein verbindlicher Aktionsplan wurde per E‑Mail an G@protonmail.com versendet; Rückfragen können unter +439.153-189-9331 geklärt werden."
presidio_de_core_news_lg,2856,PRIVATE_URL,1016,1023,aol.com,overlaps_other_reference_label,EMAIL,ie fehlenden Unterlagen bis zum 03/01/1965 an die im Bericht angegebene E‑Mail-Adresse (R@aol.com).
presidio_de_core_news_lg,2857,PRIVATE_URL,343,352,yahoo.com,overlaps_other_reference_label,EMAIL," wir Sie bitten, Ihre aktuellen Betriebskosten inklusive Strom‑ und Wasserrechnungen an R@yahoo.com zu übermitteln; zusätzlich benötigen wir eine Kopie Ihres BJ65Q7JW1W und die Angabe Ihres"
presidio_de_core_news_lg,2863,PRIVATE_URL,73,82,yahoo.com,overlaps_other_reference_label,EMAIL,"Unser internes System generiert für Sie einen Zugangscode, der per 1955B@yahoo.com an Berty gesendet wird; bitte überprüfen Sie den Spam‑Ordner."
presidio_de_core_news_lg,2864,PRIVATE_URL,139,146,aol.com,overlaps_other_reference_label,EMAIL,"9-07-04T00:00:00. Der/die Prüfer/in Prof Hafid Tempes Barbaroux meldet per E‑Mail an MS12@aol.com und telefonisch unter +439.65 938.3458, dass das Experiment in Klagenfurt am Wörthersee d"
presidio_de_core_news_lg,2867,PRIVATE_URL,207,214,aol.com,overlaps_other_reference_label,EMAIL,niveau zusammengefasst. Ein Auszug der wichtigsten Kennzahlen wird an die Kontaktperson R@aol.com gesendet.
presidio_de_core_news_lg,2868,PRIVATE_URL,59,68,yahoo.com,overlaps_other_reference_label,EMAIL,"Bitte senden Sie Ihre Rückmeldung bis zum Dezember/38 an S@yahoo.com; bei Rückfragen können Sie mich unter +4 70.072-0605 erreichen, damit wir die Präautorisi"
presidio_de_core_news_lg,2869,PRIVATE_URL,291,300,yahoo.com,overlaps_other_reference_label,EMAIL,"iologisch): Weiblich
   • Geschlechtsidentität: Weiblich
2. Kontaktdaten:
   • E‑Mail: MJ@yahoo.com
   • Telefon: +43.47386.1663
   • Anschrift: Sinnhubstraße 5, 5023 Klagenfurt am Wörthers"
presidio_de_core_news_lg,2869,PRIVATE_URL,797,808,outlook.com,overlaps_other_reference_label,EMAIL,"   • Verfügbare Tage pro Woche: __________
Bitte senden Sie das ausgefüllte Formular an P@outlook.com oder bringen Sie es persönlich zum nächsten Treffen. Wir danken Ihnen für Ihr Vertrauen u"
presidio_de_core_news_lg,2872,PRIVATE_URL,286,297,hotmail.com,overlaps_other_reference_label,EMAIL,"lten Anmeldebogen inklusive 35274771 und BOPYAI0SV2 bis spätestens August 18., 1968 an ED@hotmail.com.
Die Jamboree‑Abzeichen‑Kollektion wird im Anschluss präsentiert, wobei jedes Abzeichen e"
presidio_de_core_news_lg,2873,PRIVATE_URL,348,359,outlook.com,overlaps_other_reference_label,EMAIL," 3554817518196575 über unser Online‑Portal tätigen und Ihre Kontaktdaten (079.815 1539, S@outlook.com) hinterlegen."
presidio_de_core_news_lg,2874,PRIVATE_URL,350,359,gmail.com,overlaps_other_reference_label,EMAIL,s 23LSN6VICF und des L6427339 aller externen Prüfer. Bitte bestätigen Sie per E‑Mail an G@gmail.com die Annahme des Protokolls bis zum 22. Februar 1960.
presidio_de_core_news_lg,2876,PRIVATE_URL,494,508,protonmail.com,overlaps_other_reference_label,EMAIL,"von 71 Tagen unter neuen Bedingungen gelagert, wobei die Ergebnisse per E‑Mail an hemanev@protonmail.com gesendet wurden."
presidio_de_core_news_lg,2878,PRIVATE_URL,160,172,tutanota.com,overlaps_other_reference_label,EMAIL," Sie uns bitte Ihr Alter (11), Ihr Geschlecht (Nicht-binär) und Ihre Zufriedenheit per JL@tutanota.com mit."
presidio_de_core_news_lg,2882,PRIVATE_URL,382,393,hotmail.com,overlaps_other_reference_label,EMAIL,"mer 02-0536857 geprüft werden. Alle Teilnehmenden erhalten das Protokoll per E‑Mail an MP@hotmail.com und können Fragen bis zum 2003-11-27T00:00:00 an die verantwortliche Person, Frau Nerdziv"
presidio_de_core_news_lg,2883,PRIVATE_URL,396,407,outlook.com,overlaps_other_reference_label,EMAIL,"ße 194, 6020 statt. Um Ihren Platz zu reservieren, senden Sie bitte eine Bestätigung an J@outlook.com oder rufen Sie uns unter 011 449-598.5543 an. Bitte geben Sie in Ihrer Rückmeldung Ihr Al"
presidio_de_core_news_lg,2884,PRIVATE_URL,514,523,gmail.com,overlaps_other_reference_label,EMAIL, Solargöbeln (ohne Strom) die Bodentemperatur senken. Für Rückfragen schreiben Sie an KD@gmail.com oder besuchen Sie uns in der Höttinger Bild 34 in Wien Innere Stadt.
presidio_de_core_news_lg,2885,PRIVATE_URL,463,470,aol.com,overlaps_other_reference_label,EMAIL,"ser aus der Küche. Bitte senden Sie mir weitere Informationen an meine E‑Mail donaonofrej@aol.com."""
presidio_de_core_news_lg,2886,PRIVATE_URL,482,493,hotmail.com,overlaps_other_reference_label,EMAIL,"ere Details finden Sie im Anhang des Berichts, den wir am 20/05/1996 per E‑Mail an 1947NV@hotmail.com versenden werden."
presidio_de_core_news_lg,2889,PRIVATE_URL,318,329,outlook.com,overlaps_other_reference_label,EMAIL,lick auf die umliegenden Berge genießen. Bitte reservieren Sie im Voraus per E‑Mail an JS@outlook.com oder telefonisch unter 00472.49.570.1492.
presidio_de_core_news_lg,2890,PRIVATE_URL,409,418,gmail.com,overlaps_other_reference_label,EMAIL,"936-09-10T00:00:00, Alter: 39, Geschlecht: F
- Erster Offizier: Zahit Häfele, E‑Mail: MJB@gmail.com, Telefon: 0043 466187216
- Passagiere (Auszug):
  • Jean-Lou Sithambaranathan, Reisepass:"
presidio_de_core_news_lg,2890,PRIVATE_URL,892,903,hotmail.com,overlaps_other_reference_label,EMAIL,"Hafenviertel
Bitte prüfen Sie alle Angaben und bestätigen Sie den Erhalt per E‑Mail an DS@hotmail.com bis spätestens 24/11/1962.
Mit freundlichen Grüßen,
Tas Cemali Moreo
Logistik‑Abteilung, "
presidio_de_core_news_lg,2891,PRIVATE_URL,120,131,outlook.com,overlaps_other_reference_label,EMAIL,rd von jedem Mitwirkenden ein Nachweis über die 86650468 sowie ein Einverständnis via MCH@outlook.com eingeholt.
presidio_de_core_news_lg,2892,PRIVATE_URL,800,811,outlook.com,overlaps_other_reference_label,EMAIL,"wurde vereinbart, dass alle Teilnehmenden ihre Kontaktdaten, einschließlich madeliparazzi@outlook.com und 0043335-084 1059, bis zum Dezember/16 an Herr Parathan Jiaojiao Previ senden."
presidio_de_core_news_lg,2895,PRIVATE_URL,520,531,hotmail.com,overlaps_other_reference_label,EMAIL,"n das digitale Lagerverwaltungssystem eintragen und die Änderungen per E‑Mail an miucaran@hotmail.com bestätigen. Bei einem Zwischenfall, bei dem Nanomaterial freigesetzt wird, ist die betrof"
presidio_de_core_news_lg,2896,PRIVATE_URL,241,255,protonmail.com,overlaps_other_reference_label,EMAIL,"0 und erfordert Ihre Mitarbeit. Bitte senden Sie uns Ihre Kontaktdaten, einschließlich SB@protonmail.com und 078.577.2656, sowie Ihren 68943017 zur Verifizierung. Die geplanten Aktivitäten umfas"
presidio_de_core_news_lg,2897,PRIVATE_URL,258,267,gmail.com,overlaps_other_reference_label,EMAIL,836 in der Rudolfskai stattfindet. Bitte bestätigen Sie Ihre Teilnahme per E‑Mail an 75JÇ@gmail.com und geben Sie Ihre VSC12JOSRY sowie Ihre aktuelle 6476912722191472 für die Rückerstattung
presidio_de_core_news_lg,2898,PRIVATE_URL,192,203,outlook.com,overlaps_other_reference_label,EMAIL,"isterin
Geburtsdatum: 1985-12-31T00:00:00
Alter: 43
Geschlecht: Weiblich
E‑Mail: fémauríc@outlook.com
Telefon: +76.074 692 7154

1. Wie oft nutzen Sie einen digitalen Kalender? (nie / selten "
presidio_de_core_news_lg,2898,PRIVATE_URL,858,869,hotmail.com,overlaps_other_reference_label,EMAIL,"Antwort: __________

Bitte senden Sie das ausgefüllte Formular bis zum 30/04/2001 an 71TK@hotmail.com."
presidio_de_core_news_lg,2899,PRIVATE_URL,432,441,yahoo.com,overlaps_other_reference_label,EMAIL,"ifikation Geschlechterqueer möchte ich darauf hinweisen, dass ich sowohl per E‑Mail (JE02@yahoo.com) als auch telefonisch (+28.009717432) erreichbar bin.
Meine Wohnadresse lautet: Liechtens"
presidio_de_core_news_lg,2900,PRIVATE_URL,324,333,yahoo.com,overlaps_other_reference_label,EMAIL,rderlich. Bitte senden Sie die Unterlagen bis spätestens 21. Mai 1963 per E‑Mail an gvan @yahoo.com.
presidio_de_core_news_lg,2903,PRIVATE_URL,254,268,protonmail.com,overlaps_other_reference_label,EMAIL, abschließen konnte. Ich habe ihr eine Genesungsnachricht an ihre private E‑Mail (jgiraud@protonmail.com) geschickt und gleichzeitig das Sicherheitsteam über ihre Abwesenheit informiert. Der Ber
presidio_de_core_news_lg,2906,PRIVATE_URL,183,195,tutanota.com,overlaps_other_reference_label,EMAIL,"hen Deodorant‑Stick‑Rezept. Bitte senden Sie Ihre bevorzugten Duftnoten per E‑Mail an 14L@tutanota.com, damit wir das Rezept individuell anpassen können. Wir freuen uns, Ihnen bis zum 27/02/19"
presidio_de_core_news_lg,2909,PRIVATE_URL,406,415,yahoo.com,overlaps_other_reference_label,EMAIL,"aten – einschließlich Remiel Asselbergs, 51 Jahre, Weiblich und Agender – an nobodenschat@yahoo.com senden. Für steuerliche Zwecke benötigen wir Ihre 73-3140441 sowie, falls vorhanden, Ihre"
presidio_de_core_news_lg,2910,PRIVATE_URL,242,251,yahoo.com,overlaps_other_reference_label,EMAIL,"Jahren, Ihr Geschlecht (F) und Ihre Ziele. Bitte bestätigen Sie Ihre Kontaktdaten unter S@yahoo.com und +43227 922.9101 sowie Ihren Wohnort in Wien Alservorstadt bis zum 1957-08-15T00:00:00"
presidio_de_core_news_lg,2912,PRIVATE_URL,373,385,tutanota.com,overlaps_other_reference_label,EMAIL,"sicherungs‑Nr.: 7054 180426
   - Steuer‑Nr.: 23-2320762
3. Kontaktdaten:
   - E‑Mail: 14W@tutanota.com
   - Telefon: 037 037 0284
   - Adresse: Glan-Treppelweg 13, 4020 Lans
4. Hinweis:
   All"
presidio_de_core_news_lg,2913,PRIVATE_URL,318,327,yahoo.com,overlaps_other_reference_label,EMAIL,"ologisch): F
   - Geschlechtsidentität: Geschlechtsfluid
2. Kontaktdaten
   - E‑Mail: FGT@yahoo.com
   - Telefon: 0143196 779-7055
   - Adresse: Am Winterhafen 30-32
   - PLZ/Ort: 4020 Inns"
presidio_de_core_news_lg,2914,PRIVATE_URL,941,950,yahoo.com,overlaps_other_reference_label,EMAIL," Zielgruppen?\nBitte senden Sie das ausgefüllte Formular bis spätestens Juli/97 an 1961Ia@yahoo.com. Ihr Feedback ist entscheidend, um zukünftige Gesundheitsinitiativen noch wirksamer zu ge"
presidio_de_core_news_lg,2914,PRIVATE_URL,270,277,aol.com,overlaps_other_reference_label,EMAIL,hlecht (Sex): Männlich / Identität (Gender): Weiblich\n2. Kontaktdaten:\n   • E‑Mail: DEB@aol.com\n   • Telefon: +43.50.494.6849\n3. Projektbeteiligung:\n   • Welche Rolle haben Sie übern
presidio_de_core_news_lg,2916,PRIVATE_URL,246,260,protonmail.com,overlaps_other_reference_label,EMAIL,"t/49
Alter: 32
Geschlecht: M
Adresse: Innstraße 6, 1080 Graz Geidorf
Kontakt‑E‑Mail: PS21@protonmail.com
Telefon: +46.872-151-0682
Ich beantrage die Genehmigung, für die Dauer von drei Wochen in"
presidio_de_core_news_lg,2917,PRIVATE_URL,325,332,aol.com,overlaps_other_reference_label,EMAIL,"T00:00:00, Ausweisnummer: 38421412) bereit?
Xhafer: Ja, ich schicke sie gleich an 1954KHG@aol.com. Noch schnell: Meine aktuelle Telefonnummer ist 071.8988366 .
Belkaied Zavolokina: Perfek"
presidio_de_core_news_lg,2918,PRIVATE_URL,196,203,aol.com,overlaps_other_reference_label,EMAIL,"/1973 (Alter: 29)
Geschlecht: Bigender / Biologisches Geschlecht: M
Kontakt: E‑Mail 1991D@aol.com – Telefon +43-26 724.9082
Adresse: Gramartstraße 13A, 6020 Linz Neustadtviertel Neustadtv"
presidio_de_core_news_lg,2919,PRIVATE_URL,844,851,aol.com,overlaps_other_reference_label,EMAIL,steht das Presseteam unter der Telefonnummer +437.769-060 6267 und per E‑Mail an uslevati@aol.com zur Verfügung.
presidio_de_core_news_lg,2921,PRIVATE_URL,382,393,hotmail.com,overlaps_other_reference_label,EMAIL,020 Linz) identifiziert; bitte senden Sie Ihre Bestätigung bis zum 2. Januar 1993 an NGPP@hotmail.com.
presidio_de_core_news_lg,2924,PRIVATE_URL,238,249,hotmail.com,overlaps_other_reference_label,EMAIL,versuche frühzeitig zu erkennen; bitte informieren Sie das technische Team unter grahcoll@hotmail.com über die Implementierung und teilen Sie uns das voraussichtliche Go‑Live‑Datum mit.
presidio_de_core_news_lg,2927,PRIVATE_URL,196,203,aol.com,overlaps_other_reference_label,EMAIL,"ben eine aktuelle Übersicht Ihrer Rechnungen erfordert, die Sie per E‑Mail an vaiwijkstra@aol.com senden können. Zusätzlich ist es ratsam, alle Belege mit Datum 25/10/1988 und Ihrer Versi"
presidio_de_core_news_lg,2928,PRIVATE_URL,233,242,gmail.com,overlaps_other_reference_label,EMAIL,"ionen nach Datum April 16., 1963 sortieren. Senden Sie eventuelle Rückfragen an tvikulova@gmail.com."
presidio_de_core_news_lg,2929,PRIVATE_URL,324,336,tutanota.com,overlaps_other_reference_label,EMAIL,": Trogerstraße 14, 4040 Innsbruck Hötting Hötting; Telefon: +43.540-227-2468; E‑Mail: 08C@tutanota.com.\nSteueridentifikationsnummer: 18-6017826; Personalausweisnummer: 00113514;\nProduktdetai"
presidio_de_core_news_lg,2930,PRIVATE_URL,225,239,protonmail.com,overlaps_other_reference_label,EMAIL,"nhardstraße in Wien Hernals zum See, bitte bestätigen Sie Ihre Teilnahme per E‑Mail an RM@protonmail.com und teilen Sie uns Ihr Alter (73) sowie Ihr Geschlecht (Zwei-Geister) mit."
presidio_de_core_news_lg,2932,PRIVATE_URL,850,859,gmail.com,overlaps_other_reference_label,EMAIL,"Alle Beteiligten erhalten bis zum November/80 einen detaillierten Bericht per E‑Mail (UE1@gmail.com) und eine telefonische Nachbesprechung unter +592.113-955-1748.

Das Meeting wurde um 15:"
presidio_de_core_news_lg,2933,PRIVATE_URL,152,164,tutanota.com,overlaps_other_reference_label,EMAIL," auf Ihren Sparbond, der per 1998-06-30T00:00:00 gestartet wird. Weitere Infos an KPC1993@tutanota.com.“"
presidio_de_core_news_lg,2934,PRIVATE_URL,131,145,protonmail.com,overlaps_other_reference_label,EMAIL," nominalen als auch den realen Kurs; Bürgermeisterin Vethanesan berichtet per E‑Mail an K@protonmail.com, dass die aktuelle 01/05/1994‑Politik die Währungsstabilität unterstützen soll."
presidio_de_core_news_lg,2938,PRIVATE_URL,533,542,gmail.com,overlaps_other_reference_label,EMAIL,und melden Sie sich bis spätestens 1973-09-22T00:00:00 über das Online‑Formular unter 13U@gmail.com an. Für Fragen erreichen Sie mich telefonisch unter +43 87-963-2271 oder per E‑Mail. Ich 
presidio_de_core_news_lg,2938,PRIVATE_URL,47,59,tutanota.com,overlaps_other_reference_label,EMAIL,"Meist Gjilije Joncour Burkardt schreibt an MEB@tutanota.com:
""Liebe Kolleg:innen,
ich möchte Sie herzlich zu unserer monatlichen Stress‑Reduktions‑Ve"
presidio_de_core_news_lg,2939,PRIVATE_URL,318,329,hotmail.com,overlaps_other_reference_label,EMAIL,te) und Ihre aktuelle 0143 77-972 0207. Bitte senden Sie alles bis zum 02/11/1982 an 07HB@hotmail.com.
presidio_de_core_news_lg,2941,PRIVATE_URL,262,276,protonmail.com,overlaps_other_reference_label,EMAIL,"ärz/50 erstmals in Pilotprojekten eingesetzt wird. Bitte senden Sie Ihre Rückmeldung an A@protonmail.com oder kontaktieren Sie uns telefonisch unter +08-079884184, damit wir gemeinsam die Messkr"
presidio_de_core_news_lg,2943,PRIVATE_URL,344,351,aol.com,overlaps_other_reference_label,EMAIL,"er Region Innsbruck ist. Bitte senden Sie uns Ihre aktualisierten Daten, einschließlich Z@aol.com, +43 052.966.8929 sowie Ihrer 65538541 bis zum November/70, damit wir Ihren Anspruch prüf"
presidio_de_core_news_lg,2945,PRIVATE_URL,338,349,hotmail.com,overlaps_other_reference_label,EMAIL," Adresse: Puchstraße 13, 1090 Salzburg
9. Telefonnummer: 009-6188.6021
10. E‑Mail: kusutt@hotmail.com
11. Staatsangehörigkeit: __________
12. Hinweis zur Zahlung (Kreditkarte): 62419122685480"
presidio_de_core_news_lg,2946,PRIVATE_URL,239,248,yahoo.com,overlaps_other_reference_label,EMAIL,uar/14 und Sie sind derzeit 10 Jahre alt. Bitte bestätigen Sie den Erhalt per E‑Mail an R@yahoo.com oder besuchen Sie unser Büro in Graz.
presidio_de_core_news_lg,2950,PRIVATE_URL,434,443,yahoo.com,overlaps_other_reference_label,EMAIL," Alter 13 und Geschlecht Andere. Bitte senden Sie Ihre Kontaktdaten, inklusive E‑Mail KLN@yahoo.com und Telefon 019 905 8957, an die Produktionsstätte in der Lothringerstraße 4b, 6020 Innsb"
presidio_de_core_news_lg,2955,PRIVATE_URL,285,296,outlook.com,overlaps_other_reference_label,EMAIL," Sie Ihre Teilnahme bis zum 28/01/1987 und senden Sie uns Ihre Kontaktdaten: E‑Mail L1994@outlook.com und Telefon +43 84.278 5182.
Beste Grüße,
Nake Taissir vom Wetterteam"
presidio_de_core_news_lg,2956,PRIVATE_URL,484,498,protonmail.com,overlaps_other_reference_label,EMAIL,ein Rubin‑Cocktail‑Ring in Größe 115a. Bitte senden Sie mir ein Angebot per E‑Mail an R55@protonmail.com und bestätigen Sie den Erhalt dieser Nachricht telefonisch unter (30) 7282.6713. Für die 
presidio_de_core_news_lg,2957,PRIVATE_URL,294,301,aol.com,overlaps_other_reference_label,EMAIL,"esse: Mühlkreis Autobahn 659, 4020 Salzburg Lehen
Telefon: 08-4950.8584
E‑Mail: jacgraner@aol.com

Gewünschte Artikel (mindestens vier Optionen):
1. Diamant‑Collier mit 1 Ct, Platinfassun"
presidio_de_core_news_lg,2958,PRIVATE_URL,610,622,tutanota.com,overlaps_other_reference_label,EMAIL,Unterlagen vermerkt werden muss. Für Rückfragen steht unser Team per E‑Mail unter rfukami@tutanota.com zur Verfügung.
presidio_de_core_news_lg,2959,PRIVATE_URL,765,777,tutanota.com,overlaps_other_reference_label,EMAIL,"nen. Für Rückfragen steht euch unser HR‑Desk unter +5112317 7643 oder per E‑Mail an 1978A@tutanota.com zur Verfügung.

Herzliche Grüße,
Merdita Viellet Grebenarov
Leiter Finanzen, Salzburg"
presidio_de_core_news_lg,2962,PRIVATE_URL,61,72,hotmail.com,overlaps_other_reference_label,EMAIL,Bgm Jùlia Jeily Romang hat am 23. Juli 1992 per E‑Mail an NZ@hotmail.com geschrieben und um einen detaillierten Kostenüberblick für die psychotherapeutische Behan
presidio_de_core_news_lg,2964,PRIVATE_URL,260,269,gmail.com,overlaps_other_reference_label,EMAIL,mmen mit Ihrer Sozialversicherungsnummer (8025 400808) an die E‑Mail-Adresse hamoohackney@gmail.com.
presidio_de_core_news_lg,2965,PRIVATE_URL,806,815,gmail.com,overlaps_other_reference_label,EMAIL,"en, aktuellem Foto und Angabe des Geburtsdatums (August/16) sind bis zum 21/07/1994 an UB@gmail.com zu senden."
presidio_de_core_news_lg,2966,PRIVATE_URL,300,309,gmail.com,overlaps_other_reference_label,EMAIL,urg Liefering Liefering stattfindet. Bitte bestätigen Sie Ihre Teilnahme per E‑Mail an DT@gmail.com und senden Sie eine Kopie Ihres 87509448 zur Identifikation.
presidio_de_core_news_lg,2969,PRIVATE_URL,104,118,protonmail.com,overlaps_other_reference_label,EMAIL," zu gewährleisten, veröffentlicht das Finanzamt monatlich einen Bericht per E‑Mail an NKO@protonmail.com und fordert jedes Unternehmen auf, seine Steueridentifikationsnummer (61-2061218) anzugeb"
presidio_de_core_news_lg,2971,PRIVATE_URL,302,314,tutanota.com,overlaps_other_reference_label,EMAIL,"n: Super! Schick mir bitte deine Lieblingsfarben und Stoffmuster per E‑Mail an emma-pufle@tutanota.com bis zum 01/02/1940.
Vitorio Hasebela: Mach ich, und ich füge auch meine Berufsbezeichnung"
presidio_de_core_news_lg,2973,PRIVATE_URL,257,269,tutanota.com,overlaps_other_reference_label,EMAIL,"en, um das Gerät in Ihrem Büro zu testen. Bitte bestätigen Sie den Termin per E‑Mail an S@tutanota.com und geben Sie dabei Ihre 6660 670630 an, damit wir die Garantiebedingungen prüfen können."
presidio_de_core_news_lg,2974,PRIVATE_URL,400,411,outlook.com,overlaps_other_reference_label,EMAIL,über +1 851-400.8487 erkannt wird. Bitte teilen Sie uns Ihre Erfahrungen per E‑Mail an FS@outlook.com mit.
presidio_de_core_news_lg,2978,PRIVATE_URL,151,160,yahoo.com,overlaps_other_reference_label,EMAIL,"ølner die Verwendung von vorportionierten Haferflocken‑Mischungen, die er per E‑Mail an E@yahoo.com verschickt, und ein tragbares Induktionskochfeld, das mit einem 12 V‑Adapter vom Rucksack"
presidio_de_core_news_lg,2979,PRIVATE_URL,201,210,yahoo.com,overlaps_other_reference_label,EMAIL,"echt (biologisch): M
Geschlechtsidentität: Nicht spezifiziert

Kontakt:
E‑Mail: arpinnzay@yahoo.com
Telefon: 011.401.499 0581

Adresse:
Ulmgasse 17
5020 Klagenfurt am Wörthersee St. Ruprech"
presidio_de_core_news_lg,2980,PRIVATE_URL,52,63,outlook.com,overlaps_other_reference_label,EMAIL,"2024-09-09T00:00:00 Zorancho De Zanet schreibt an S@outlook.com: ""Wir haben gerade die neueste Version unserer Tablet‑Foto‑Bearbeitungs‑Software veröffen"
presidio_de_core_news_lg,2980,PRIVATE_URL,345,356,hotmail.com,overlaps_other_reference_label,EMAIL,"d zur Echtzeit‑Filteranwendung und senden Sie Ihre Eindrücke bis zum März/76 an michebosc@hotmail.com."""
presidio_de_core_news_lg,2981,PRIVATE_URL,340,349,yahoo.com,overlaps_other_reference_label,EMAIL,attfinden wird. Bitte bestätigen Sie Ihre Teilnahme bis zum 10/01/1990 per E‑Mail an LW95@yahoo.com und geben Sie Ihre 09228085 für die Sicherheitsanmeldung an. Ihre Anwesenheit wird nicht 
presidio_de_core_news_lg,2984,PRIVATE_URL,348,355,aol.com,overlaps_other_reference_label,EMAIL,"dustriegelände 6. Aktuelle Anschrift: Lothringerstraße 796, 6091 7. Kontakt‑E‑Mail: 98VLS@aol.com 8. Telefon: 08366 121830 9. Führerschein‑Nummer (falls vorhanden): UONLJCVTVZ 10. Sozialv"
presidio_de_core_news_lg,2985,PRIVATE_URL,293,302,gmail.com,overlaps_other_reference_label,EMAIL,reie Inhalte zu erstellen; bitte senden Sie diese Infos an die Projekt‑Koordination (ID29@gmail.com).
presidio_de_core_news_lg,2991,PRIVATE_URL,353,360,aol.com,overlaps_other_reference_label,EMAIL,ikamente mit. Für Rückfragen stehen wir Ihnen unter +0.29.869 4641 oder per E‑Mail an CCV@aol.com zur Verfügung.
presidio_de_core_news_lg,2992,PRIVATE_URL,382,389,aol.com,overlaps_other_reference_label,EMAIL,"VWTOAGR) mitbringen. Sollten Sie Fragen zur Vorbereitung haben, schreiben Sie uns an AMLP@aol.com oder rufen Sie uns unter +67 08039.2257 an."
presidio_de_core_news_lg,2993,PRIVATE_URL,83,92,gmail.com,overlaps_other_reference_label,EMAIL,"Februar/94 schrieb Senator Giovanni-Battista Pii Widrig eine E‑Mail an raminmontas@gmail.com und bat um Klärung des Vorfalls im Hostel am 14. Juni 1941 in Linz. Der Bericht erwähnt, "
presidio_de_core_news_lg,2997,PRIVATE_URL,510,524,protonmail.com,overlaps_other_reference_label,EMAIL,"tkarte (4961994223655977) für eventuelle Rückerstattungen, bevor sie per E‑Mail an kapala@protonmail.com zurückgeschickt wird."
presidio_de_core_news_lg,2999,PRIVATE_URL,197,211,protonmail.com,overlaps_other_reference_label,EMAIL,) das Vertrauen in die Finanzverwaltung untergraben; bitte kontaktieren Sie sie unter H66@protonmail.com – das registrierte Geschlecht lautet F.
presidio_de_core_news_lg,3000,PRIVATE_URL,197,204,aol.com,overlaps_other_reference_label,EMAIL,o 48 Jahre alt. Als Geschlechterqueer Analyst bitte ich um die Unterlagen per E‑Mail an S@aol.com.
presidio_de_core_news_lg,3003,PRIVATE_URL,364,375,hotmail.com,overlaps_other_reference_label,EMAIL,ziehen. Für weitere Informationen oder individuelle Beratung kontaktieren Sie bitte C2014@hotmail.com oder rufen Sie 050-2308464  an. Wir danken allen Teilnehmenden für ihre Mitarbeit und fre
presidio_de_core_news_lg,3005,PRIVATE_URL,269,280,outlook.com,overlaps_other_reference_label,EMAIL,"re aktuellen Vitalparameter (Blutdruck, Herzfrequenz, Schrittzahl) per E‑Mail an wgöttges@outlook.com bis spätestens April 3., 1959.
Für die Zuordnung benötigen wir zusätzlich Ihr Geburtsdatu"
presidio_de_core_news_lg,3008,PRIVATE_URL,610,624,protonmail.com,overlaps_other_reference_label,EMAIL,itzen abfedert. Ansprechpartner für Medien ist Frau Hr David-Alexander Neu (E‑Mail: RBJ07@protonmail.com; Telefon: 0072.32 540-1293).
presidio_de_core_news_lg,3009,PRIVATE_URL,257,268,outlook.com,overlaps_other_reference_label,EMAIL,ation sowie Ernährungsberatung; bei Interesse kontaktieren Sie uns bitte per E‑Mail an 5E@outlook.com oder telefonisch unter +43 65.639 9149.
presidio_de_core_news_lg,3010,PRIVATE_URL,37,46,gmail.com,overlaps_other_reference_label,EMAIL,"Carel: 'Hey, hast du deine siyummuna@gmail.com für das neue Profil aktualisiert?'"
presidio_de_core_news_lg,3013,PRIVATE_URL,1094,1108,protonmail.com,overlaps_other_reference_label,EMAIL,"11/2016.
- Bildung eines Netzwerkes zur Wissensweitergabe, das über die E‑Mail‑Adresse OD@protonmail.com erreichbar ist.

Protokollführer*in: Jemuel Uzay Di Vincenzi"
presidio_de_core_news_lg,3014,PRIVATE_URL,163,170,aol.com,overlaps_other_reference_label,EMAIL,"

Kundendaten:
Name: Meist Rowena Dübner
Geburtsdatum: 01/07/1977
Geschlecht: M
E‑Mail: X@aol.com
Telefon: +434 331 172-0733
Adresse: B1b 4, 6080 Salzburg Schallmoos

Steuer- und Sozialda"
presidio_de_core_news_lg,3014,PRIVATE_URL,652,659,aol.com,overlaps_other_reference_label,EMAIL,"trag: 1.249,00 € (inkl. MwSt.)

Bitte senden Sie das ausgefüllte Formular per E‑Mail an G@aol.com oder per Fax an +43 1 234 5678. Nach Eingang Ihrer Bestellung erhalten Sie eine Auftragsb"
presidio_de_core_news_lg,3015,PRIVATE_URL,784,793,gmail.com,overlaps_other_reference_label,EMAIL," Klecks Schlagsahne und einem Spritzer Zitronensaft.

Kontakt für Rückfragen: jiaxihodzha@gmail.com | Telefon: +35-662.528.1818
Adresse des Testkitchens: Heinrich-Casper-Gasse 4a, 1100 Salz"
presidio_de_core_news_lg,3017,PRIVATE_URL,341,353,tutanota.com,overlaps_other_reference_label,EMAIL,nstimmigkeiten kontaktieren Sie bitte den Kunden unter (880)-3312881 oder per E‑Mail an K@tutanota.com.
presidio_de_core_news_lg,3019,PRIVATE_URL,214,226,tutanota.com,overlaps_other_reference_label,EMAIL,"-Fugger-Straße 48, Salzburg Itzling – 1020
Telefon: 007-147-253.2894
E‑Mail: ehrentfardey@tutanota.com
Bitte füllen Sie das Formular vollständig aus und senden Sie es an die angegebene Adresse"
presidio_de_core_news_lg,3020,PRIVATE_URL,337,344,aol.com,overlaps_other_reference_label,EMAIL,"sind: Alter (10 Jahre), Geschlecht (Androgyn), und Ihre bevorzugte Kontakt‑E‑Mail (1963ZB@aol.com). Zusätzlich benötigen wir für die rechtliche Absicherung Ihre Fahrerlaubnisnummer (QLTER"
presidio_de_core_news_lg,3020,PRIVATE_URL,581,590,gmail.com,overlaps_other_reference_label,EMAIL,"Sollten Sie Änderungen vornehmen wollen, senden Sie uns bitte eine kurze Nachricht an ABK@gmail.com oder rufen Sie uns unter (84)-5310.0147 an – wir stehen Ihnen gern zur Verfügung."
presidio_de_core_news_lg,3021,PRIVATE_URL,297,306,yahoo.com,overlaps_other_reference_label,EMAIL,atistische Zwecke verwendet und bleibt vertraulich. Bitte bestätigen Sie per E‑Mail an UA@yahoo.com den Erhalt dieses Schreibens und geben Sie ggf. weitere Kommentare zur emotionalen Intell
presidio_de_core_news_lg,3022,PRIVATE_URL,368,379,hotmail.com,overlaps_other_reference_label,EMAIL,"(Alter: 66 Jahre, Geschlecht: Weiblich), brachten ihre Cay Ferdy Cessens (E‑Mail: evheinl@hotmail.com) mit, um die Daten später zu verifizieren. Während des Aufstiegs wurden GPS‑Koordinaten n"
presidio_de_core_news_lg,3022,PRIVATE_URL,680,689,yahoo.com,overlaps_other_reference_label,EMAIL,"7MN2O gesichert wurden. Am Ende des Tages wurden die gesammelten Daten per E‑Mail an BB77@yahoo.com gesendet, Rückfragen können unter +43-14693 5544 geklärt werden."
presidio_de_core_news_lg,3023,PRIVATE_URL,751,760,gmail.com,overlaps_other_reference_label,EMAIL, ausgefüllte Formular bis spätestens 1961-08-10T00:00:00 an die zentrale E‑Mail-Adresse Z@gmail.com.
presidio_de_core_news_lg,3023,PRIVATE_URL,250,264,protonmail.com,overlaps_other_reference_label,EMAIL," Alter: 8 Jahre, Geschlecht: F, Geschlechtsidentität: Zwei-Geister
4. Kontakt: E‑Mail = Ö@protonmail.com; Telefon = +39-890-158.7085
5. Wohnort: Kärntner Straße 58A, 4020 Linz Waldegg
6. Identif"
presidio_de_core_news_lg,3025,PRIVATE_URL,228,235,aol.com,overlaps_other_reference_label,EMAIL,ewöhnliches Kostüm für das Festival aus; bitte senden Sie Ihre Bestellbestätigung an NJ09@aol.com und geben Sie Ihre 51-8079395 sowie Ihr Geburtsdatum September/13 an.
presidio_de_core_news_lg,3029,PRIVATE_URL,272,283,hotmail.com,overlaps_other_reference_label,EMAIL,"entität: Transgender
6. Anschrift: Kreuzweg 160, 6020 Salzburg Lehen Lehen
7. E‑Mail: ALP@hotmail.com
8. Telefon: 01-40.89 36-49
9. Staatsangehörigkeit (für Steuerzwecke): 89-6106357
10. Führ"
presidio_de_core_news_lg,3032,PRIVATE_URL,148,162,nephrologie.at,url_like_without_reference,,"rkus Sesseli\nVon: Inmaculada Micioni <P@hotmail.com>\nGesendet: 12/12/2012\nAn: dr.Zareh@nephrologie.at\n\nSehr geehrter Herr Dr. Pilivanov Smilenski Carobene,\nich habe den von Ihnen vorgeschl"
presidio_de_core_news_lg,3032,PRIVATE_URL,139,144,dr.Za,overlaps_other_reference_label,SURNAME," Baeva Márkus Sesseli\nVon: Inmaculada Micioni <P@hotmail.com>\nGesendet: 12/12/2012\nAn: dr.Zareh@nephrologie.at\n\nSehr geehrter Herr Dr. Pilivanov Smilenski Carobene,\nich habe den v"
presidio_de_core_news_lg,3032,PRIVATE_URL,99,110,hotmail.com,overlaps_other_reference_label,EMAIL,Rückmeldung zum CKD‑Ernährungsplan – Dr. Baeva Márkus Sesseli\nVon: Inmaculada Micioni <P@hotmail.com>\nGesendet: 12/12/2012\nAn: dr.Zareh@nephrologie.at\n\nSehr geehrter Herr Dr. Pilivanov S
presidio_de_core_news_lg,3034,PRIVATE_URL,389,398,gmail.com,overlaps_other_reference_label,EMAIL,"etzt, indem Sie Ihre K9595861 und Ihre Zahlungsinformationen (4423180199260) an lebhirczy@gmail.com senden."
presidio_de_core_news_lg,3037,PRIVATE_URL,271,278,aol.com,overlaps_other_reference_label,EMAIL,"Geschlecht (Sex): M – Geschlechtsidentität (Gender): Transgender
Kontakt‑E‑Mail: simuraro@aol.com
Telefonnummer (inkl. Ländervorwahl): 047-381-9048
Staatsangehörigkeit / Reisepass‑Nummer:"
presidio_de_core_news_lg,3038,PRIVATE_URL,38,49,outlook.com,overlaps_other_reference_label,EMAIL,"From: M@gmail.com
To: iseovikneswaran@outlook.com
Subject: Rückmeldung zum Near‑Miss‑Vorfall vom 14. Mai 1974

Hallo Shanjay Touseef,

viel"
presidio_de_core_news_lg,3038,PRIVATE_URL,8,17,gmail.com,overlaps_other_reference_label,EMAIL,"From: M@gmail.com
To: iseovikneswaran@outlook.com
Subject: Rückmeldung zum Near‑Miss‑Vorfall vom 14. Mai 19"
presidio_de_core_news_lg,3040,PRIVATE_URL,316,325,yahoo.com,overlaps_other_reference_label,EMAIL,"germeisterin
Geburtsdatum: 7. Februar 2009
Geschlecht: Männlich
Alter: 85
E‑Mail: phbabaj@yahoo.com
Telefon: +43-35226 6273
Adresse: Rennweg 738, 8010 Innsbruck

Einverständniserklärung:
Ic"
presidio_de_core_news_lg,3042,PRIVATE_URL,243,252,gmail.com,overlaps_other_reference_label,EMAIL,gang einzuladen. Bitte bestätigen Sie Ihre Teilnahme bis zum 26/07/2003 per E‑Mail an F41@gmail.com oder telefonisch unter 05605 697212.
presidio_de_core_news_lg,3045,PRIVATE_URL,246,258,tutanota.com,overlaps_other_reference_label,EMAIL,"ft: Brennerstraße 44, 8010 Wien KG Landstraße
6. Telefonnummer: 04890-01635 
7. E‑Mail: B@tutanota.com
Bitte das Formular bis zum Februar 11., 2022 an M@yahoo.com zurücksenden."
presidio_de_core_news_lg,3045,PRIVATE_URL,309,318,yahoo.com,overlaps_other_reference_label,EMAIL," 04890-01635 
7. E‑Mail: B@tutanota.com
Bitte das Formular bis zum Februar 11., 2022 an M@yahoo.com zurücksenden."
presidio_de_core_news_lg,3046,PRIVATE_URL,426,438,tutanota.com,overlaps_other_reference_label,EMAIL,"r: O3132303
- Kreditkarten‑Info (nur für Firmenkarten): 8296602203892796
Rückfragen an LP@tutanota.com oder telefonisch unter +43 25.647.3286."
presidio_de_core_news_lg,3049,PRIVATE_URL,212,223,hotmail.com,overlaps_other_reference_label,EMAIL,r Herzog-Friedrich-Straße 1931 statt. Bitte bestätigen Sie Ihre Teilnahme per E‑Mail an S@hotmail.com oder telefonisch unter 0143 53.823 8418.
presidio_de_core_news_lg,3050,PRIVATE_URL,217,231,protonmail.com,overlaps_other_reference_label,EMAIL, können Ihre Fortschritte in der App verfolgen. Bei Fragen kontaktieren Sie uns unter DIH@protonmail.com oder rufen Sie die Support-Hotline (784).4352579 an.
presidio_de_core_news_lg,3051,PRIVATE_URL,355,364,yahoo.com,overlaps_other_reference_label,EMAIL,"lzunehmen, bestätigen Sie bitte Ihre Kontaktdaten bis zum Dezember/56 per E‑Mail an S1938@yahoo.com oder telefonisch unter +26.601-777 5769. Wir danken Ihnen für Ihr Vertrauen und freuen un"
presidio_de_core_news_lg,3052,PRIVATE_URL,221,235,protonmail.com,overlaps_other_reference_label,EMAIL,"m Oktober/16 eine vollständige Bestandsliste vorlegen.
Bitte senden Sie diese Liste an NF@protonmail.com und bestätigen Sie den Erhalt telefonisch unter +43704.617-5931.
Die Adresse für die Abga"
presidio_de_core_news_lg,3053,PRIVATE_URL,334,348,protonmail.com,overlaps_other_reference_label,EMAIL," 2005-12-08T00:00:00 erforderlich.
Verantwortliche Personen: Dijana Müllenbach (E‑Mail: M@protonmail.com) und Mobina Gülüzar Nolan (Telefon: +833 13-169.2471).
Empfehlung: Aktualisieren Sie die "
presidio_de_core_news_lg,3054,PRIVATE_URL,366,372,St.Pet,overlaps_other_reference_label,CITY,"ail.com
Telefonnummer: +43.598-025 2492
Adresse der Flugzone: Pichlergasse 555, 4040 Linz St.Peter
Ausweisnummer: 97234657
Sozialversicherungsnummer: 2367 361207
Reisepassnummer: N854186"
presidio_de_core_news_lg,3054,PRIVATE_URL,269,283,protonmail.com,overlaps_other_reference_label,EMAIL,"chlecht (biologisch): Weiblich
Geschlechtsidentität: Geschlechterqueer
E‑Mail‑Adresse: JB@protonmail.com
Telefonnummer: +43.598-025 2492
Adresse der Flugzone: Pichlergasse 555, 4040 Linz St.Pete"
presidio_de_core_news_lg,3055,PRIVATE_URL,346,353,aol.com,overlaps_other_reference_label,EMAIL,"hoku Breitenreicher Ceric: Klar, hier meine Nummer: +23.00.294 9034 und meine E‑Mail: K87@aol.com.
Munir: Super, danke! Übrigens, mein Geburtsdatum ist der Mai 1., 1966 und meine Führersc"
presidio_de_core_news_lg,3056,PRIVATE_URL,658,667,gmail.com,overlaps_other_reference_label,EMAIL," 7165 580724
8. Steuer‑Identifikationsnummer: 18-1927657
9. E‑Mail für Rückfragen: 10APSG@gmail.com
10. Telefonnummer: +61-63 313 7457

Bitte senden Sie das ausgefüllte Formular bis zum Aug"
presidio_de_core_news_lg,3056,PRIVATE_URL,771,783,tutanota.com,overlaps_other_reference_label,EMAIL,"mmer: +61-63 313 7457

Bitte senden Sie das ausgefüllte Formular bis zum August/78 an MLR@tutanota.com zurück. Vielen Dank für Ihre wertvolle Teilnahme!"
presidio_de_core_news_lg,3057,PRIVATE_URL,1016,1025,yahoo.com,overlaps_other_reference_label,EMAIL,Ihnen Frau Matteus Osmaeva unter der Telefonnummer (751)-5524639 oder per E‑Mail an A2002@yahoo.com zur Verfügung. Vollständige Datensätze und Grafiken können nach Vorlage einer Vertraulich
presidio_de_core_news_lg,3058,PRIVATE_URL,131,143,tutanota.com,overlaps_other_reference_label,EMAIL,estätigen Sie Ihre Teilnahme am wöchentlichen Check‑in am 25/09/2020 per E‑Mail an TC1974@tutanota.com und teilen Sie uns Ihr Alter (49) mit.
presidio_de_core_news_lg,3063,PRIVATE_URL,209,220,outlook.com,overlaps_other_reference_label,EMAIL,"iliale in Wien KG Währing KG Währing verfügbar. Bitte melden Sie sich per E‑Mail an R1991@outlook.com oder rufen Sie uns unter +43 58 000 2903 an, um einen Probetag zu vereinbaren. Das Angebo"
presidio_de_core_news_lg,3064,PRIVATE_URL,332,344,tutanota.com,overlaps_other_reference_label,EMAIL, April/95 auf das untenstehende Konto überwiesen. Bei Fragen kontaktieren Sie uns unter S@tutanota.com oder +53.43-194.6253.
presidio_de_core_news_lg,3067,PRIVATE_URL,933,942,gmail.com,overlaps_other_reference_label,EMAIL,"Bitte senden Sie das ausgefüllte Formular per Fax an +43 1 555 1234 oder per E‑Mail an KL@gmail.com. Wir freuen uns darauf, Sie und Ihr[e] Kind im Workshop zu begrüßen!"
presidio_de_core_news_lg,3067,PRIVATE_URL,247,256,gmail.com,overlaps_other_reference_label,EMAIL,"tta
   • Geburtsdatum: 14. Oktober 2021
   • Geschlecht: F
2. Kontaktdaten
   • E‑Mail: F@gmail.com
   • Telefon: 0043-09 042-4871
   • Adresse: Adam-Müller-Guttenbrunn-Straße 20
   • PLZ /"
presidio_de_core_news_lg,3068,PRIVATE_URL,383,395,tutanota.com,overlaps_other_reference_label,EMAIL,"Zugriffsrechte korrekt zuzuordnen.
Bei Fragen wenden Sie sich bitte an meine E‑Mail R2007@tutanota.com oder rufen Sie mich unter (26).7663.9267 an."
presidio_de_core_news_lg,3069,PRIVATE_URL,69,78,gmail.com,overlaps_other_reference_label,EMAIL,"2001-08-24T00:00:00 Professorin Chadlia Bogalho De-Sassi (<alferrage@gmail.com>) schreibt: 'Sehr geehrte/r Meist Neamatullah Tersar,
ich bin derzeit an der Linz Keferfe"
presidio_de_core_news_lg,3070,PRIVATE_URL,431,445,protonmail.com,overlaps_other_reference_label,EMAIL,o zur Senkung der Kreditkartenauslastung. Bitte bestätigen Sie per E‑Mail an yoganabalkis@protonmail.com.
presidio_de_core_news_lg,3072,PRIVATE_URL,230,239,yahoo.com,overlaps_other_reference_label,EMAIL,"ief durchzuatmen und ein kurzes Stretch‑Programm durchzuführen – dabei können Sie Ihre LK@yahoo.com prüfen, um eventuell wichtige Benachrichtigungen zu Ihrem nächsten Zwischenstopp am Juli/"
presidio_de_core_news_lg,3073,PRIVATE_URL,444,456,tutanota.com,overlaps_other_reference_label,EMAIL," Für Rückfragen steht das Informationsbüro unter 0089 11.139-2241 oder per E‑Mail an FEWG@tutanota.com zur Verfügung.

Wir bitten alle Teilnehmer, sich vorab online anzumelden (Link: www.kultu"
presidio_de_core_news_lg,3073,PRIVATE_URL,537,568,www.kulturfestival.at/impfstand,url_like_without_reference,,"anota.com zur Verfügung.

Wir bitten alle Teilnehmer, sich vorab online anzumelden (Link: www.kulturfestival.at/impfstand) und dabei Ihren Namen, Ihr Geburtsdatum (31. Januar 1943) und Ihre Kontaktdaten anzugebe"
presidio_de_core_news_lg,3074,PRIVATE_URL,321,335,protonmail.com,overlaps_other_reference_label,EMAIL,"traße 1, 5020 statt und alle Interessierten können sich bis zum 15. Mai per E‑Mail an K21@protonmail.com anmelden."
presidio_de_core_news_lg,3075,PRIVATE_URL,325,334,yahoo.com,overlaps_other_reference_label,EMAIL,"' Mergimtar Tekletsion erwidert: 'Kein Problem, ich schicke dir den Link per E‑Mail an MG@yahoo.com und wir können das morgen besprechen.'"
presidio_de_core_news_lg,3080,PRIVATE_URL,202,213,hotmail.com,overlaps_other_reference_label,EMAIL,"tsdatum 2010-07-15T00:00:00, Geschlecht M. Senden Sie das ausgefüllte Formular an jemonev@hotmail.com bis zum 2025-07-31T00:00:00."
presidio_de_core_news_lg,3083,PRIVATE_URL,656,665,yahoo.com,overlaps_other_reference_label,EMAIL,ren. Für weitere Informationen und Anfragen nutzen Sie bitte die Kontaktadresse ogurchris@yahoo.com.
presidio_de_core_news_lg,3084,PRIVATE_URL,296,303,aol.com,overlaps_other_reference_label,EMAIL,"gm Aimée Spanderashvili Feistauer unter der Telefonnummer 8705.498 5573 oder per E‑Mail A@aol.com zur Verfügung. Ihre Angaben, einschließlich Ihres Geburtsdatums (06/10/1991) und Ihrer Pe"
presidio_de_core_news_lg,3087,PRIVATE_URL,155,162,aol.com,overlaps_other_reference_label,EMAIL,"ewsletter erscheint am Mai 30., 2000. Für Fragen stehen wir Ihnen jederzeit unter 2000NRP@aol.com zur Verfügung."
presidio_de_core_news_lg,3091,PRIVATE_URL,185,192,aol.com,overlaps_other_reference_label,EMAIL,rainingsmaterialien passend gestaltet werden können; Rückfragen schicken Sie bitte an ZZW@aol.com.
presidio_de_core_news_lg,3092,PRIVATE_URL,759,766,aol.com,overlaps_other_reference_label,EMAIL,äch zu kommen. Bitte bestätigen Sie Ihre Teilnahme bis zum 15. des Monats per E‑Mail an D@aol.com und geben Sie dabei Ihre Postleitzahl 5101 an.
presidio_de_core_news_lg,3095,PRIVATE_URL,151,162,outlook.com,overlaps_other_reference_label,EMAIL,ie maskierte Kontonummer 2201991411584105 angeben; Rückfragen können Sie per E‑Mail an KG@outlook.com oder telefonisch unter +06 53385-3176 stellen.
presidio_de_core_news_lg,3096,PRIVATE_URL,534,543,yahoo.com,overlaps_other_reference_label,EMAIL,"57.
Für Rückfragen erreichen Sie uns unter +04 429558395 oder per E‑Mail an mirceehtécham@yahoo.com."
presidio_de_core_news_lg,3097,PRIVATE_URL,69,78,gmail.com,overlaps_other_reference_label,EMAIL,"Subject: Renewable Energy Expense Claim
From: Herr Suaad Georgy <KOD@gmail.com>
Date: 24/03/1981

Dear Finance Team,
I would like to submit my expenses for the solar pa"
presidio_de_core_news_lg,3098,PRIVATE_URL,331,343,tutanota.com,overlaps_other_reference_label,EMAIL,"chtet, um die Stimmung der Originalzeit zu bewahren. In seinem Konzept‑dokument, das an S@tutanota.com gesendet wird, erklärt er, dass eine subtile 3‑D‑Rekonstruktion von Architekturen in Inns"
presidio_de_core_news_lg,3102,PRIVATE_URL,83,92,yahoo.com,overlaps_other_reference_label,EMAIL,"Subject: Quarterly Asset Performance Overview
From: Herr Françis Abdiaziz Kutny <B@yahoo.com>
Date: 1986-03-24T00:00:00

Dear Board Members,

Please find attached the latest asset pe"
presidio_de_core_news_lg,3104,PRIVATE_URL,147,156,gmail.com,overlaps_other_reference_label,EMAIL," Frau
Vorname: Salmaan
Nachname: Cicenoglu
Geburtsdatum: 27. Dezember 1942
E‑Mail: LK2005@gmail.com
Telefon: 04.9661-7686
Adresse: Ernst-Koref-Promenade 125, 1020 Linz Römerberg
Steuernumme"
presidio_de_core_news_lg,3105,PRIVATE_URL,433,444,hotmail.com,overlaps_other_reference_label,EMAIL,ine Abweichung von -15 hPa aufweist. Für Rückfragen erreichen Sie mich per E‑Mail unter R@hotmail.com oder telefonisch unter +43.357 454-3279.
presidio_de_core_news_lg,3106,PRIVATE_URL,469,480,outlook.com,overlaps_other_reference_label,EMAIL, Reformen profitierter waren. Bitte senden Sie mir Ihre Rückmeldung per E‑Mail an ljeguij@outlook.com oder telefonisch unter 0043 335-608 0914.
presidio_de_core_news_lg,3107,PRIVATE_URL,248,259,hotmail.com,overlaps_other_reference_label,EMAIL,s dem öffentlichen Dienst.\n2. Wie melde ich mich an? Senden Sie eine E‑Mail an maïallinh@hotmail.com mit Betreff 'Anmeldung' und geben Sie Ihren vollständigen Namen und Ihr Geburtsdatum (Mär
presidio_de_core_news_lg,3108,PRIVATE_URL,52,63,hotmail.com,overlaps_other_reference_label,EMAIL,"Die Abteilung für Compliance hat die E‑Mail von A84@hotmail.com am 15. September 1938 analysiert und festgestellt, dass Gunilla unzulässige Daten offenge"
presidio_de_core_news_lg,3111,PRIVATE_URL,418,432,protonmail.com,overlaps_other_reference_label,EMAIL,". Bitte aktualisieren Sie Ihre Kontaktdaten, insbesondere Ihre aktuelle E‑Mail-Adresse BN@protonmail.com und Telefonnummer +45.62.404-5185, im HR‑Portal. Die IT‑Support‑Hotline steht Ihnen von 0"
presidio_de_core_news_lg,3112,PRIVATE_URL,597,611,protonmail.com,overlaps_other_reference_label,EMAIL,"iliale ab. Bei Rückfragen erreichen Sie uns unter +43-75 640 9401 oder per E‑Mail an HSOM@protonmail.com.

Vielen Dank für Ihr Vertrauen,
Prof Petru Cillian Cutura
Apothekenleitung"
presidio_de_core_news_lg,3113,PRIVATE_URL,432,441,yahoo.com,overlaps_other_reference_label,EMAIL,r Sicherheitscheck erforderlich ist. Weitere Informationen erhalten Sie per E‑Mail an 3JB@yahoo.com.
presidio_de_core_news_lg,3114,PRIVATE_URL,518,529,hotmail.com,overlaps_other_reference_label,EMAIL,stverständlich verschlüsselt gespeichert. Bestätigungen erhalten Sie per E‑Mail an 08HSCP@hotmail.com.
presidio_de_core_news_lg,3115,PRIVATE_URL,424,431,aol.com,overlaps_other_reference_label,EMAIL,"Uhr, Treffpunkt am Eingang der Rosenhain 41. Rückfragen bitte an 009.034 897-9463 oder QM@aol.com."
presidio_de_core_news_lg,3117,PRIVATE_URL,345,354,gmail.com,overlaps_other_reference_label,EMAIL,"ntifikation): IPAGRT1GGJ
Nach vollständiger Eingabe senden Sie das Formular an amielruczk@gmail.com."
presidio_de_core_news_lg,3122,PRIVATE_URL,525,534,yahoo.com,overlaps_other_reference_label,EMAIL,"elle IP‑Adresse mit dem firmeneigenen VPN zu verbinden, das über die E‑Mailadresse KFBD25@yahoo.com aktiviert werden kann.  Bitte beachten Sie, dass alle Änderungen bis zum 17/06/1983 umges"
presidio_de_core_news_lg,3124,PRIVATE_URL,233,244,outlook.com,overlaps_other_reference_label,EMAIL," zu entwickeln. Wir werden die Fortschritte monatlich anhand von KPI‑Berichten, die an IO@outlook.com gesendet werden, evaluieren."
presidio_de_core_news_lg,3130,PRIVATE_URL,331,338,aol.com,overlaps_other_reference_label,EMAIL,"se 3369, 5020 Innsbruck Innenstadt und benötigen dafür Ihre aktuelle E‑Mail-Adresse 1973B@aol.com. Falls Sie eine Kostenübernahme durch Ihre Krankenkasse beantragen möchten, benötigen wir"
presidio_de_core_news_lg,3131,PRIVATE_URL,82,94,tutanota.com,overlaps_other_reference_label,EMAIL,Für Rückfragen erreichen Sie mich unter 0101.04657 9493 oder per E‑Mail an 1949SH@tutanota.com; die Koordination der Aufgaben erfolgt im Büro in Linz.
presidio_de_core_news_lg,3132,PRIVATE_URL,115,126,hotmail.com,overlaps_other_reference_label,EMAIL, von benutzerdefinierten digitalen Modi benötigen wir von Durdane Baritt die aktuelle S30@hotmail.com und das EOQMX04PKG zur Verifizierung.
presidio_de_core_news_lg,3134,PRIVATE_URL,187,194,aol.com,overlaps_other_reference_label,EMAIL,"ktuelle 5‑Jahres‑Zinskurve für EUR.
Vielen Dank!
Mac – Relationship Manager
E‑Mail: Y1939@aol.com"
presidio_de_core_news_lg,3137,PRIVATE_URL,135,144,gmail.com,overlaps_other_reference_label,EMAIL,"erthille Cocomazzi
Geburtsdatum: März 24., 1971
Geschlecht: Weiblich
E‑Mail: xandracardot@gmail.com
Telefon: +1476315.1772
Postleitzahl: 4020
Steuernummer: 61-2890888"
presidio_de_core_news_lg,3138,PRIVATE_URL,471,482,outlook.com,overlaps_other_reference_label,EMAIL,"nistrative Punkte
- Aktualisierung der Kontaktdaten: Telefon: 08-6096.5744; E‑Mail: F2017@outlook.com

Nächste Sitzung: in vier Wochen.

Protokollführer/in: _______________________"
presidio_de_core_news_lg,3143,PRIVATE_URL,85,96,outlook.com,overlaps_other_reference_label,EMAIL,"Die jüngste Studie, koordiniert von Frau Rosemay Lindijana Levkovits (E‑Mail: EM1945@outlook.com), vergleicht akustische Profile von 12 Vogelarten, wobei die Messungen an verschiedenen T"
presidio_de_core_news_lg,3145,PRIVATE_URL,58,67,gmail.com,overlaps_other_reference_label,EMAIL,"Bitte senden Sie Ihre Fragen zu Ernährung an delviböhling@gmail.com oder rufen Sie uns unter 07363.809632 an, um Missverständnisse über Proteinshakes zu klär"
presidio_de_core_news_lg,3148,PRIVATE_URL,832,844,tutanota.com,overlaps_other_reference_label,EMAIL,"h bin am 31/10/2021 geboren.'
06:27 Beesley Oberger: 'Meine Kontaktdaten: E‑Mail majdlion@tutanota.com, Telefon +87 60.916 6890. Wir treffen uns in Graz Straßgang in der Gramartstraße 6, Postl"
presidio_de_core_news_lg,3149,PRIVATE_URL,620,634,protonmail.com,overlaps_other_reference_label,EMAIL,"ie fertigen Gläser erhielten Etiketten, auf denen meine Kontaktdaten – E‑Mail ndricbouéry@protonmail.com und Telefon 01492.87.198 0564 – sowie die Postleitzahl 9020 des Versandlagers angegeben s"
presidio_de_core_news_lg,3150,PRIVATE_URL,212,221,yahoo.com,overlaps_other_reference_label,EMAIL,"964
Alter: 41 Jahre
Adresse: Martinstraße 1191, 9020 Innsbruck Amras
Kontakt: E‑Mail asid@yahoo.com – Telefon 016626165 1713
Steuernummer: 01-4745920
Hinweis: Bitte bewahren Sie die Karte a"
presidio_de_core_news_lg,3151,PRIVATE_URL,413,422,yahoo.com,overlaps_other_reference_label,EMAIL,"rsbetriebe kontaktieren.
Für aktuelle Informationen besuchen Sie unsere Webseite unter AD@yahoo.com oder rufen Sie uns an unter 07 61.30 82.29.
Alle Fahrgäste, die am Juli/07 von Innsbruck "
presidio_de_core_news_lg,3153,PRIVATE_URL,290,304,protonmail.com,overlaps_other_reference_label,EMAIL,ige Budget von 6278477534994625 reserviert und schicke dir die Einkaufsliste an reynetzer@protonmail.com.
presidio_de_core_news_lg,3154,PRIVATE_URL,326,337,outlook.com,overlaps_other_reference_label,EMAIL, Bitte bestätigen Sie Ihre Teilnahme bis spätestens 14. Juli 1960 per E‑Mail an pheianche@outlook.com oder telefonisch unter 0299 37836957. Für die Sicherheitsfreigabe benötigen wir außerdem 
presidio_de_core_news_lg,3161,PRIVATE_URL,700,714,protonmail.com,overlaps_other_reference_label,EMAIL,"s Recht, die Behandlung sofort zu beenden. Bitte geben Sie Ihre Kontaktdaten an: E‑Mail S@protonmail.com, Telefon 0127-183-266 0459. Unterschrift: ______________________   Datum: Mai/14"
presidio_de_core_news_lg,3163,PRIVATE_URL,149,163,protonmail.com,overlaps_other_reference_label,EMAIL,"ember 1960
• Ort: Seberinysteig 50c, 1070 Salzburg
• Ansprechpartner: Sen Mohammadtaha (L@protonmail.com | 0043-08320-5023)
• Altersempfehlung: ab 6 Jahren (siehe Männlich‑Spezifische Angebote)
"
presidio_de_core_news_lg,3165,PRIVATE_URL,122,133,outlook.com,overlaps_other_reference_label,EMAIL,"Workshop

Name: Carys Nagpal
Geburtsdatum: 10/02/1946
Geschlecht: Bigender
E‑Mail: 1951KB@outlook.com
Telefon: +22-599 210.4274
Adresse: Weihburggasse 50, 4020 Linz
Gewünschter Kursbeginn: 21"
presidio_de_core_news_lg,3169,PRIVATE_URL,157,171,protonmail.com,overlaps_other_reference_label,EMAIL,ste Ultraschalluntersuchung am 13/11/1953 gesetzt und die Terminbestätigung an sivanzuege@protonmail.com weitergeleitet.
presidio_de_core_news_lg,3170,PRIVATE_URL,311,322,outlook.com,overlaps_other_reference_label,EMAIL,"e 53021601. Die Ansprechperson für Rückfragen ist Sen Oreste Alibajro, erreichbar unter N@outlook.com oder telefonisch unter 012.612-057 2200. Der Ablaufplan sieht vor, dass die erste Konsult"
presidio_de_core_news_lg,3171,PRIVATE_URL,232,241,gmail.com,overlaps_other_reference_label,EMAIL,arbeitenden zu übermitteln. Die Dokumente sollen per verschlüsselter E‑Mail an aerdemoglu@gmail.com gesendet werden. Zusätzlich ist die Angabe des Geschlechts Geschlechtsfluid sowie des bio
presidio_de_core_news_lg,3175,PRIVATE_URL,608,620,tutanota.com,overlaps_other_reference_label,EMAIL,"programme. Bitte bestätigen Sie Ihre Teilnahme bis spätestens 18/08/2024 per E‑Mail an PN@tutanota.com oder telefonisch unter +34 50.655 2233. Für die Anreise empfehlen wir die Bahn, doch fall"
presidio_de_core_news_lg,3177,PRIVATE_URL,170,177,aol.com,overlaps_other_reference_label,EMAIL,"ener unerwartete Gebühren erleben; bitte stellen Sie sicher, dass Ihre Adresse jostfiloca@aol.com aktuell ist. Falls Sie Ihre Kontaktdaten ändern möchten, kontaktieren Sie uns unter 00828"
presidio_de_core_news_lg,3179,PRIVATE_URL,240,249,yahoo.com,overlaps_other_reference_label,EMAIL,"ännlich
Adresse: Ziehrerstraße 582, 5020 Wien
Telefon: 0103 08 400 9132
E‑Mail: biagibolg@yahoo.com
Versicherungsnummer: 8461 630302
Bitte kreuzen Sie alle Symptome an, die Sie seit der let"
presidio_de_core_news_lg,3181,PRIVATE_URL,291,302,outlook.com,overlaps_other_reference_label,EMAIL,"iblich / Geschlechtsidentität: Nicht spezifiziert
2. Kontaktinformationen:
   - E‑Mail: L@outlook.com
   - Telefon: +19-494135822
3. Finanzielle Angaben:
   - Sozialversicherungsnummer: 4196 "
presidio_de_core_news_lg,3184,PRIVATE_URL,87,96,gmail.com,overlaps_other_reference_label,EMAIL,"Zur Berechnung des Freizeit‑Abzugs benötigen wir Ihre Kontaktdaten: E‑Mail edelmrasulo@gmail.com, Telefon +51 47.302.0554 und Ihre Anschrift in der Gießaufgasse 346, 5020 Salzburg sowie "
presidio_de_core_news_lg,3189,PRIVATE_URL,111,122,hotmail.com,overlaps_other_reference_label,EMAIL,tieren Sie bitte Evert Oguzcan Maffini Nahaoui unter 09364 594112 oder per E‑Mail an ZE95@hotmail.com; geben Sie dabei Ihre 91694677 sowie das 12 in der Hohlweggasse im Linz Römerberg an.
presidio_de_core_news_lg,3193,PRIVATE_URL,468,477,yahoo.com,overlaps_other_reference_label,EMAIL,"Feiertage. Bitte bestätigen Sie Ihre Teilnahme bis zum Oktober 27., 2005 per E‑Mail an KN@yahoo.com oder telefonisch unter 5436-440 5672. Wir freuen uns auf einen inspirierenden Austausch m"
presidio_de_core_news_lg,3194,PRIVATE_URL,645,652,aol.com,overlaps_other_reference_label,EMAIL,"nutzen und empfehle jedem, an solchen Veranstaltungen teilzunehmen. Kontakt: secvancigero@aol.com / Telefon: +43-44924-5820."
presidio_de_core_news_lg,3197,PRIVATE_URL,304,311,aol.com,overlaps_other_reference_label,EMAIL,"ötigen, kontaktieren Sie Ihren Mentor unter +430.878-033.7210 oder per E‑Mail an shischis@aol.com. Wir wünschen Ihnen viel Erfolg und anhaltende Motivation!"
presidio_de_core_news_lg,3198,PRIVATE_URL,332,346,protonmail.com,overlaps_other_reference_label,EMAIL,"Kriterien getroffen wird. Für Rückfragen steht die Personalabteilung per E‑Mail unter K28@protonmail.com oder telefonisch unter 006.2606915  zur Verfügung. Die Richtlinie fordert zudem, dass Jah"
presidio_de_core_news_lg,3199,PRIVATE_URL,122,134,tutanota.com,overlaps_other_reference_label,EMAIL,acco hat den monatlichen Vertrauens‑Report per E‑Mail an alle Mitarbeitenden gesendet (XF@tutanota.com). Der Bericht enthält neben den wichtigsten Kennzahlen auch eine Zusammenfassung der letz
presidio_de_core_news_lg,3200,PRIVATE_URL,423,432,yahoo.com,overlaps_other_reference_label,EMAIL,"ikation in verteilten Teams besprochen, wobei insbesondere die Nutzung von haviseweisgram@yahoo.com und sicheren Dateifreigaben hervorgehoben wurde. Anschließend diskutierten wir die Notwen"
presidio_de_core_news_lg,3200,PRIVATE_URL,914,926,tutanota.com,overlaps_other_reference_label,EMAIL," wird. Die Sitzung wurde um 11:45 Uhr beendet, und ein Protokoll wird an alle via DAG1971@tutanota.com gesendet."
presidio_de_core_news_lg,3201,PRIVATE_URL,219,228,gmail.com,overlaps_other_reference_label,EMAIL,"lnehmen werden. Bitte senden Sie uns vorab Ihre Kontaktdaten, einschließlich E‑Mail 2002R@gmail.com und Telefonnummer +4379 131-9321, damit wir Ihnen das Trainingsmaterial zukommen lassen k"
presidio_de_core_news_lg,3202,PRIVATE_URL,100,112,tutanota.com,overlaps_other_reference_label,EMAIL,"nmeldung zum Wellness Leadership Training
Von: Senator Ionut-Claudiu Wafa Lles Brébart <S@tutanota.com>
Datum: 03/03/1976

Sehr geehrte*r Herr/Frau,
ich interessiere mich für das bevorstehende"
presidio_de_core_news_lg,3203,PRIVATE_URL,184,193,gmail.com,overlaps_other_reference_label,EMAIL, und wird am 05/11/2019 bearbeitet. Wir haben Ihre Kontaktdaten (E‑Mail: antosathiyendram@gmail.com; Telefon: 02652-799530) gespeichert. Bei Fragen kontaktieren Sie uns bitte unter +43.07.6
presidio_de_core_news_lg,3205,PRIVATE_URL,498,509,hotmail.com,overlaps_other_reference_label,EMAIL,"erzfrequenz kontrollieren möchten, tragen Sie Ihre Fitness‑Uhr, die mit Ihrem Konto 1977R@hotmail.com synchronisiert ist.\nZum Abschluss gönnen Sie sich ein kurzes Dehnungsritual, während Sie"
presidio_de_core_news_lg,3206,PRIVATE_URL,429,436,aol.com,overlaps_other_reference_label,EMAIL,"lls Sie später zum Arzttermin gehen.\nFalls Sie Fragen haben, schreiben Sie uns an 2001MM@aol.com oder rufen Sie uns unter +98 514115736 an.\nBleiben Sie aktiv und genießen Sie Ihren Tag!"
presidio_de_core_news_lg,3207,PRIVATE_URL,276,288,tutanota.com,overlaps_other_reference_label,EMAIL,"- Geburtsdatum: 22. Dezember 2007
   - Alter: 10
2. Kontaktdaten:
   - E‑Mail-Adresse: CD@tutanota.com
   - Telefon: 0043-72.351.4106
3. Adressangaben:
   - Straße und Hausnummer: Moosfeldstra"
presidio_de_core_news_lg,3207,PRIVATE_URL,807,818,outlook.com,overlaps_other_reference_label,EMAIL,"r
Bitte senden Sie das vollständig ausgefüllte Formular bis spätestens 31/01/1967 an APLH@outlook.com zurück.
Wir danken Ihnen für Ihr Interesse und freuen uns darauf, Sie in unserem interkul"
presidio_de_core_news_lg,3209,PRIVATE_URL,153,164,hotmail.com,overlaps_other_reference_label,EMAIL,ID: 07032508) am 11. September 1979 geboren ist und bei Problemen über die E‑Mail tmeninn@hotmail.com kontaktiert werden kann.
presidio_de_core_news_lg,3210,PRIVATE_URL,788,797,gmail.com,overlaps_other_reference_label,EMAIL,"k, Transfer zum Bahnhof. Bitte senden Sie Ihre Reisekostenabrechnung bis zum März/75 an D@gmail.com und fügen Sie Ihre Kreditkartendaten (5087984561864454) für die Rückerstattung hinzu."
presidio_de_core_news_lg,3212,PRIVATE_URL,185,199,protonmail.com,overlaps_other_reference_label,EMAIL,n neben dem Hafen von Wien Ottakring. Bitte bestätigen Sie Ihre Teilnahme per E‑Mail an K@protonmail.com oder telefonisch unter +438-739.956.8937; wir freuen uns auf Ihre energiegeladene Präsenz
presidio_de_core_news_lg,3216,PRIVATE_URL,59,70,hotmail.com,overlaps_other_reference_label,EMAIL,"Um das Förderprogramm zu nutzen, muss die Kontaktemail GAG@hotmail.com angegeben werden; danach wird ein Bestätigungscode an (24).0764.7165 gesendet."
presidio_de_core_news_lg,3219,PRIVATE_URL,393,400,aol.com,overlaps_other_reference_label,EMAIL,"lter (27) zur Altersbeschränkung. Bitte bestätigen Sie Ihre Teilnahme per E‑Mail an lpero@aol.com oder telefonisch unter +43.60.984.3906, damit wir die Teilnehmerliste finalisieren. Beach"
presidio_de_core_news_lg,3222,PRIVATE_URL,484,491,aol.com,overlaps_other_reference_label,EMAIL,estalter von 3 Jahren mit. Für Rückfragen kontaktieren Sie uns per E‑Mail an slavomcanzon@aol.com oder telefonisch unter +737-39.527.6676.
presidio_de_core_news_lg,3223,PRIVATE_URL,643,654,outlook.com,overlaps_other_reference_label,EMAIL,efügten ärztlichen Stellungnahme.\n\nBitte senden Sie den Bericht bis zum Mai/54 an 1954M@outlook.com zurück.
presidio_de_core_news_lg,3224,PRIVATE_URL,587,598,outlook.com,overlaps_other_reference_label,EMAIL,"vermeiden? Bitte senden Sie mir die detaillierten Vorgaben an meine E‑Mail‑Adresse (23WLR@outlook.com) oder rufen Sie mich unter +43.717263604 an, damit ich meine Reisepläne finalisieren kann"
presidio_de_core_news_lg,3225,PRIVATE_URL,463,470,aol.com,overlaps_other_reference_label,EMAIL,en. Für die Kommunikation verwenden wir ausschließlich Ihre offizielle E‑Mail‑Adresse (MS@aol.com) und Ihre Telefonnummer (023 8651876 ). Zusätzlich benötigen wir Ihre Identifikationsnumm
presidio_de_core_news_lg,3226,PRIVATE_URL,271,280,yahoo.com,overlaps_other_reference_label,EMAIL,iner kurzen Geschichte über die Entstehung des Gerichts bis zum 1948-03-22T00:00:00 an SD@yahoo.com zu senden. Zusätzlich benötigen wir Ihre Kontaktdaten – bitte geben Sie Ihre Telefonnumme
presidio_de_core_news_lg,3227,PRIVATE_URL,94,103,yahoo.com,overlaps_other_reference_label,EMAIL,"pt‑Einreichungsformular

Name: Amala Timia Hafizi Isozumi Qais
Titel: Senator
E‑Mail: DAP@yahoo.com
Telefon: 8321 508 4472
Geburtsdatum: 18. Mai 1958
Alter: 38
Geschlecht: Männlich / Geschl"
presidio_de_core_news_lg,3231,PRIVATE_URL,326,333,aol.com,overlaps_other_reference_label,EMAIL,"teilung von Bonus‑Zulagen. Das finale Dokument wird an die Personalabteilung (E‑Mail: R26@aol.com) sowie an die Finanzabteilung (Telefon: 06471.55352 ) gesendet, wobei die beigefügten Dat"
presidio_de_core_news_lg,3232,PRIVATE_URL,51,60,yahoo.com,overlaps_other_reference_label,EMAIL,"Bitte senden Sie Ihre Kontaktdaten, insbesondere C@yahoo.com und +43.279182549, damit wir Ihnen das aktuelle Programm und die Route per E‑Mail zukomme"
presidio_de_core_news_lg,3233,PRIVATE_URL,201,212,outlook.com,overlaps_other_reference_label,EMAIL,"rolle. Um den Vorgang abzuschließen, benötigen wir bitte Ihre aktuelle E‑Mail-Adresse (AF@outlook.com) sowie das Geburtsdatum (16/03/2003) zur Altersverifikation. Weiterhin bitten wir um Anga"
presidio_de_core_news_lg,3243,PRIVATE_URL,229,240,outlook.com,overlaps_other_reference_label,EMAIL,"bis zum 1982-03-05T00:00:00 an meine geschäftliche Adresse. Meine Kontakt‑E‑Mail lautet B@outlook.com und telefonisch bin ich unter (40).8695-6244 erreichbar."""
presidio_de_core_news_lg,3245,PRIVATE_URL,871,880,yahoo.com,overlaps_other_reference_label,EMAIL,"den, um die Sitzordnung zu planen; das gesamte Ereignis wurde in einem langen Brief an NS@yahoo.com zusammengefasst, um die kommenden Ereignisse im Königreich zu koordinieren."
presidio_de_core_news_lg,3247,PRIVATE_URL,349,363,protonmail.com,overlaps_other_reference_label,EMAIL,"___________  (Männlich / Geschlechtsfluid)
5. Kontakt‑E‑Mail: _______________________  (J@protonmail.com)
6. Mobil‑Telefon: _______________________  (+43880-338.7190)
7. Adresse der Unterkunft: "
presidio_de_core_news_lg,3249,PRIVATE_URL,268,277,gmail.com,overlaps_other_reference_label,EMAIL,"piegelnde Wasser besonders gut einfangen; bitte senden Sie Ihre Ausrüstungsliste an R2019@gmail.com und bestätigen Sie den Termin bis zum 1972-05-31T00:00:00.
Falls Sie zusätzliche Genehmig"
presidio_de_core_news_lg,3250,PRIVATE_URL,280,287,aol.com,overlaps_other_reference_label,EMAIL,"79241
Bitte füllen Sie das Formular bis zum Dezember 27., 2009 aus und senden Sie es an P@aol.com; die Freigabe des Trade‑Lifecycle‑Triggers erfolgt erst nach erfolgreicher Validierung."
presidio_de_core_news_lg,3252,PRIVATE_URL,382,391,gmail.com,overlaps_other_reference_label,EMAIL,n Sie Ihre Anmeldebestätigung inklusive 26703771 und FNH8DQVDTF bis zum Mai/94 an zwegink@gmail.com.
presidio_de_core_news_lg,3254,PRIVATE_URL,230,239,gmail.com,overlaps_other_reference_label,EMAIL,"ch‘ auf dem Formular vom September 23., 2014 vermerken; bei Fragen wenden Sie sich an 13M@gmail.com oder rufen Sie +471 81-905.9721 an, unser Büro befindet sich in der Münchner Bundesstraße"
presidio_de_core_news_lg,3255,PRIVATE_URL,385,394,gmail.com,overlaps_other_reference_label,EMAIL,urück. Für Rückfragen erreichen Sie mich unter +43 446 894-7495 oder per E‑Mail an 21MANA@gmail.com.
presidio_de_core_news_lg,3257,PRIVATE_URL,38,47,gmail.com,overlaps_other_reference_label,EMAIL,"Bitte bestätigen Sie per E‑Mail an CE@gmail.com oder telefonisch unter +55 325 743 4179, dass Sie die vorgeschriebene Abstand von 33 Mete"
presidio_de_core_news_lg,3260,PRIVATE_URL,205,212,aol.com,overlaps_other_reference_label,EMAIL,"83624026 sowie die zugehörige T5544779 über den sicheren Upload-Link, den wir Ihnen an GT@aol.com zugesandt haben."
presidio_de_core_news_lg,3264,PRIVATE_URL,194,203,gmail.com,overlaps_other_reference_label,EMAIL,"aktuelle Adresse: Straße Lagergasse 760, Postleitzahl 6020 und Ihre Kontakt‑E‑Mail mecohu@gmail.com."
presidio_de_core_news_lg,3266,PRIVATE_URL,128,137,yahoo.com,overlaps_other_reference_label,EMAIL,"aben, können Sie unser Support‑Team per Telefon unter 0041-75339347 oder via E‑Mail an CA@yahoo.com erreichen; unser Berater Subas Köz Akaydar steht Ihnen gerne zur Verfügung."
presidio_de_core_news_lg,3267,PRIVATE_URL,559,570,outlook.com,overlaps_other_reference_label,EMAIL,"n.""
Yinan: ""Ich schicke das finale Dokument bis zum Mai 24., 1994 an alle per E‑Mail (BBW@outlook.com)."""
presidio_de_core_news_lg,3268,PRIVATE_URL,400,411,hotmail.com,overlaps_other_reference_label,EMAIL,"en auf seiner persönlichen Webseite hinterlegt, erreichbar über die E‑Mail-Adresse 1957LF@hotmail.com. Das Unternehmen plant, ihn zu einem zweiten Interview am Februar/67 einzuladen, wobei di"
presidio_de_core_news_lg,3269,PRIVATE_URL,183,192,yahoo.com,overlaps_other_reference_label,EMAIL,"tum: 30/04/1950
Alter: 28
Geschlecht: Weiblich / Identität: Nicht-binär
E‑Mail-Adresse: M@yahoo.com
Telefonnummer (optional): +43-27-896.0696
Postanschrift: Richard-Knoller-Straße 38, 6020 "
presidio_de_core_news_lg,3270,PRIVATE_URL,369,380,outlook.com,overlaps_other_reference_label,EMAIL,"auf mit Angabe von 16. November 2021 und Ihrem Alter (46), Ihre Kontaktinformationen (05E@outlook.com, 01149 310.804-4384) sowie Ihre Anschrift (Pachmayrstraße 261, 6020 Linz). Bitte senden S"
presidio_de_core_news_lg,3271,PRIVATE_URL,304,311,aol.com,overlaps_other_reference_label,EMAIL,"straße 705, 9020 6161 Innsbruck Hungerburg Hungerburg
Telefon: +4352.496-0577
E‑Mail: NSM@aol.com
Versicherungsnummer (falls vorhanden): 5796 940404
Steuer‑Identifikationsnummer: 85-06441"
presidio_de_core_news_lg,3273,PRIVATE_URL,597,606,yahoo.com,overlaps_other_reference_label,EMAIL,ie deren Geburtsdatum (08/01/2008). Für Rückfragen steht die angegebene E‑Mail-Adresse OK@yahoo.com zur Verfügung.
presidio_de_core_news_lg,3275,PRIVATE_URL,186,200,protonmail.com,overlaps_other_reference_label,EMAIL," dass die 2203617033108586 den Wert von 86 € abdeckt?' 
Bitte sende die Unterlagen an T20@protonmail.com oder kontaktiere mich unter +430 51.114 5187."
presidio_de_core_news_lg,3277,PRIVATE_URL,63,77,protonmail.com,overlaps_other_reference_label,EMAIL,Für Rückfragen steht Ihnen unser Team per E‑Mail unter isidoep@protonmail.com oder telefonisch unter +43.694 952 9752 zur Verfügung. Unser Büro befindet sich in der Hö
presidio_de_core_news_lg,3281,PRIVATE_URL,104,118,protonmail.com,overlaps_other_reference_label,EMAIL," von Inthusha: ""Hey, ich habe gerade einen verdächtigen Anhang in einer E‑Mail von 1961DN@protonmail.com erhalten – soll ich ihn öffnen?"""
presidio_de_core_news_lg,3283,PRIVATE_URL,267,279,tutanota.com,overlaps_other_reference_label,EMAIL,rbach Harbach. Für Rückfragen erreichen Sie uns unter 04.67.02 93-53 oder per E‑Mail an E@tutanota.com.
presidio_de_core_news_lg,3285,PRIVATE_URL,135,144,gmail.com,overlaps_other_reference_label,EMAIL,n Ihre Direct-to-Disc Session gefallen hat. Bitte teilen Sie Ihr Feedback per E‑Mail an F@gmail.com oder rufen Sie uns unter +53-94-751-8694 an.
presidio_de_core_news_lg,3289,PRIVATE_URL,143,150,aol.com,overlaps_other_reference_label,EMAIL,s‑Strategien erfolgt am besten per Telefon unter +4327493 0418 oder per E‑Mail an 1941LSS@aol.com.
presidio_de_core_news_lg,3291,PRIVATE_URL,120,131,outlook.com,overlaps_other_reference_label,EMAIL,"en eine erste Projektbeschreibung für die ergonomische Bürogestaltung. In der E‑Mail an B@outlook.com finden Sie die geplanten Meilensteine und das Konzept, das wir am Dezember/87 finalisiere"
presidio_de_core_news_lg,3294,PRIVATE_URL,327,334,aol.com,overlaps_other_reference_label,EMAIL,lständigen. Bei Rückfragen erreichen Sie uns unter +4371831-0644 oder per E‑Mail an J1972@aol.com.
presidio_de_core_news_lg,3295,PRIVATE_URL,333,342,yahoo.com,overlaps_other_reference_label,EMAIL,"7
   - Postleitzahl: 5020
   - Stadt: Salzburg
6. Kontaktinformationen:
   - E‑Mail: 17SK@yahoo.com
   - Telefon: 00 17 72.40 37
7. Ausweisdokumente (bitte beilegen):
   - Personalausweis‑N"
presidio_de_core_news_lg,3297,PRIVATE_URL,496,503,aol.com,overlaps_other_reference_label,EMAIL,"nn helfen; Ihr Arzt kann das mit Ihrer 8182 870627 prüfen.
Weitere Fragen senden Sie an L@aol.com – wir antworten innerhalb von 24 Stunden."
presidio_de_core_news_lg,3299,PRIVATE_URL,154,168,protonmail.com,overlaps_other_reference_label,EMAIL,epass K0773184 sowie ggf. ein Visum; bitte teilen Sie uns das Ablaufdatum per E‑Mail an D@protonmail.com mit.
presidio_de_core_news_lg,3301,PRIVATE_URL,89,101,tutanota.com,overlaps_other_reference_label,EMAIL,"Sehr geehrte/r Sen abou Mansour Steigrad Prenka, bitte prüfen Sie Ihre E‑Mail-Adresse KC@tutanota.com regelmäßig, um Phishing‑Versuche zu erkennen."
presidio_de_core_news_lg,3304,PRIVATE_URL,457,469,tutanota.com,overlaps_other_reference_label,EMAIL,"dentifizieren (Zwei-Geister). Bitte senden Sie Ihre Kontaktdaten, einschließlich E‑Mail T@tutanota.com und Telefon +11 08493.2239, sowie Ihre Identifikationsnummern (Personalausweis 97782831, "
presidio_de_core_news_lg,3307,PRIVATE_URL,88,99,outlook.com,overlaps_other_reference_label,EMAIL,"Kurzanleitung für das Impf‑Informationstool:
1. Login mit Ihrer E‑Mail veneligertsch-ge@outlook.com und Ihrem Passwort.
2. Geben Sie Ihre Sozialversicherungsnummer (4419 510510) ein.
3. Sel"
presidio_de_core_news_lg,3308,PRIVATE_URL,449,460,outlook.com,overlaps_other_reference_label,EMAIL," können.
Bitte senden Sie Ihre Kontaktdaten – inklusive 70948765 und ggf. L3045388 – an P@outlook.com, damit wir Ihnen alle nötigen Infos zuschicken."
presidio_de_core_news_lg,3309,PRIVATE_URL,461,470,yahoo.com,overlaps_other_reference_label,EMAIL, Ihnen unser Kundenservice unter der Nummer +439.178.813.1570 oder per E‑Mail an bediboui@yahoo.com zur Verfügung.
presidio_de_core_news_lg,3310,PRIVATE_URL,347,358,outlook.com,overlaps_other_reference_label,EMAIL,"chrift ist Montessoristraße 12 in Salzburg Neu-Maxglan, und ich bin erreichbar unter TLZB@outlook.com oder +45.83-274-8827. Falls Sie weitere Fragen haben, können Sie mir auch meine L0198492 "
presidio_de_core_news_lg,3312,PRIVATE_URL,526,535,gmail.com,overlaps_other_reference_label,EMAIL,icht hat. Für weiterführende Informationen kontaktieren Sie ihn bitte per E‑Mail an 14YJH@gmail.com oder telefonisch unter +43-01-827-7315.
presidio_de_core_news_lg,3313,PRIVATE_URL,210,219,yahoo.com,overlaps_other_reference_label,EMAIL," Geburtsdatum: 2000-12-19T00:00:00
   Geschlecht: Weiblich

2. Kontaktdaten
   E‑Mail: BZ@yahoo.com
   Telefon: +4310585.2494
   Adresse:
   Straße: Auenweg
   Hausnummer: 60
   Postleitzah"
presidio_de_core_news_lg,3313,PRIVATE_URL,816,827,outlook.com,overlaps_other_reference_label,EMAIL,"_   Datum: 2. Mai 1936

Bitte senden Sie das ausgefüllte Formular bis zum 06/04/1970 an S@outlook.com zurück."
presidio_de_core_news_lg,3314,PRIVATE_URL,360,371,hotmail.com,overlaps_other_reference_label,EMAIL,"rieren.
Dinia: Stimmt, könnt ihr bitte eure Verfügbarkeiten per E‑Mail an thiviyermusmula@hotmail.com schicken, damit wir den Termin festlegen können?
Gabriela-Andreea Pazmandy Haltmeyer: Ich"
presidio_de_core_news_lg,3316,PRIVATE_URL,165,179,protonmail.com,overlaps_other_reference_label,EMAIL,"ive Tool ein, um das Problem zu analysieren, während er gleichzeitig eine Meldung an MJ26@protonmail.com sendet."
presidio_de_core_news_lg,3318,PRIVATE_URL,23,34,hotmail.com,overlaps_other_reference_label,EMAIL,In einem Brief an 28FR@hotmail.com beschreibt Herr Sivamany Derya Reichow seine Suche nach Sinn und verweist dabei auf das a
presidio_de_core_news_lg,3321,PRIVATE_URL,168,175,aol.com,overlaps_other_reference_label,EMAIL,ung der Türklinken am 01/09/1998 durchgeführt wird; melden Sie sich bei Fragen unter MEAC@aol.com oder 03.18 78.86.68.
presidio_de_core_news_lg,3322,PRIVATE_URL,146,160,protonmail.com,overlaps_other_reference_label,EMAIL,"ür die Reise?
Ma Pathmarajah: Ja, das Schreiben ist fertig, ich habe es an deine E‑Mail H@protonmail.com geschickt.
Modestas: Super, dann packe ich meine Kreditkarte 6259565945881401 für die Buc"
presidio_de_core_news_lg,3326,PRIVATE_URL,78,87,gmail.com,overlaps_other_reference_label,EMAIL,Nach Abschluss der Beobachtungen senden Sie Ihren ausführlichen Bericht an JM@gmail.com und fügen Sie die gesammelten Daten im Anhang bei. Zur Dokumentation fügen Sie bitte Ihre
presidio_de_core_news_lg,3328,PRIVATE_URL,688,697,yahoo.com,overlaps_other_reference_label,EMAIL,"en auftreten, informiere ich die verantwortliche Stelle unverzüglich per E‑Mail an TM1965@yahoo.com oder telefonisch unter +5 128.626 1902. Diese Erklärung gilt ab dem November 20., 1980 un"
presidio_de_core_news_lg,3334,PRIVATE_URL,348,355,aol.com,overlaps_other_reference_label,EMAIL," lagern; falls du das Rezept für das Krautpesto brauchst, schick mir bitte deine kalkneis@aol.com und ich antworte mit den genauen Mengenangaben. Außerdem lohnt es sich, das 6020 nach jed"
presidio_de_core_news_lg,3335,PRIVATE_URL,287,296,gmail.com,overlaps_other_reference_label,EMAIL,"ereits seine NHTYDUIBXE hinterlegt? Falls nicht, schickt sie bitte schnellstmöglich an JS@gmail.com."
presidio_de_core_news_lg,3336,PRIVATE_URL,247,254,aol.com,overlaps_other_reference_label,EMAIL,"ht aufgeführt).
- Verpflegung: Bestellung von Snacks und Getränken, Rechnung an dilyfonda@aol.com.
- Sicherheit: Anwesenheit des Sicherheitsbeauftragten, dessen Sozialversicherungsnummer "
presidio_de_core_news_lg,3337,PRIVATE_URL,257,266,gmail.com,overlaps_other_reference_label,EMAIL," Weiblich – Geschlechtsidentität: Zwei-Geister
Kontakt: Telefon +8 46.006 6253 – E‑Mail K@gmail.com
Bitte unterschreiben Sie, um die Teilnahmebedingungen zu akzeptieren, und geben Sie ggf. "
presidio_de_core_news_lg,3338,PRIVATE_URL,224,231,aol.com,overlaps_other_reference_label,EMAIL,"marte Sparstrategien für Schüler*innen"". Bitte bestätige deine Teilnahme per E‑Mail an RC@aol.com und gib deine Altersangabe (2) sowie deine bevorzugte Kontakt‑Nummer (+43.04.834-2475) an"
presidio_de_core_news_lg,3344,PRIVATE_URL,253,265,tutanota.com,overlaps_other_reference_label,EMAIL,"11., 1940) sowie Ihr Alter (17) an. Weiterhin benötigen wir Ihre Kontaktdaten: E‑Mail (YM@tutanota.com), Telefon (0090-33.593.8190) und Ihre Adresse (Itzlinger Hauptstraße 79, 6020 Salzburg)."
presidio_de_core_news_lg,3345,PRIVATE_URL,253,260,aol.com,overlaps_other_reference_label,EMAIL,"rk bevorzugen Sie? ______________________
Bitte senden Sie das ausgefüllte Formular an KA@aol.com."
presidio_de_core_news_lg,3346,PRIVATE_URL,479,485,www.cr,url_like_without_reference,,erden. Die komplette Kampagne läuft bis zum 03/05/1969 und kann bequem über die Plattform www.crowdfund‑academia.com unterstützt werden. Für Rückfragen stehen wir Ihnen unter H@tutanota.
presidio_de_core_news_lg,3346,PRIVATE_URL,566,578,tutanota.com,overlaps_other_reference_label,EMAIL,"rm www.crowdfund‑academia.com unterstützt werden. Für Rückfragen stehen wir Ihnen unter H@tutanota.com oder telefonisch unter 089 0723-9751 zur Verfügung; wir freuen uns, gemeinsam mit Ihnen d"
presidio_de_core_news_lg,3346,PRIVATE_URL,493,505,academia.com,url_like_without_reference,,plette Kampagne läuft bis zum 03/05/1969 und kann bequem über die Plattform www.crowdfund‑academia.com unterstützt werden. Für Rückfragen stehen wir Ihnen unter H@tutanota.com oder telefonisch
presidio_de_core_news_lg,3348,PRIVATE_URL,68,89,Innsbruck.example.com,overlaps_other_reference_label,CITY,"Von: Halah Gabriel <zuhirzsedè@gmail.com>
An: Personalabteilung <hr@Innsbruck.example.com>
Betreff: Anfrage zur Stress‑Intensitäts‑Skala im Rahmen der jährlichen Mitarbeitenden‑Ge"
presidio_de_core_news_lg,3348,PRIVATE_URL,31,40,gmail.com,overlaps_other_reference_label,EMAIL,"Von: Halah Gabriel <zuhirzsedè@gmail.com>
An: Personalabteilung <hr@Innsbruck.example.com>
Betreff: Anfrage zur Stress‑Intensitäts"
presidio_de_core_news_lg,3349,PRIVATE_URL,315,327,tutanota.com,overlaps_other_reference_label,EMAIL,"ee Viktring
6. Staatsangehörigkeits‑Identifikationsnummer: 14756474
7. E‑Mail-Adresse: JM@tutanota.com
8. Telefonnummer: 056 7542 7104
9. Gewünschtes Startdatum des Projekts: 15/01/1989
10. Ku"
presidio_de_core_news_lg,3350,PRIVATE_URL,328,342,protonmail.com,overlaps_other_reference_label,EMAIL,"uns, interaktive Dashboards zu bauen. Welche Datenquellen sollen wir zuerst anbinden?""
MB@protonmail.com – Zilfi: ""Ich schlage vor, mit den Vertriebszahlen aus dem letzten Quartal zu starten. Da"
presidio_de_core_news_lg,3351,PRIVATE_URL,621,632,hotmail.com,overlaps_other_reference_label,EMAIL,"ht Transgender und biologisches Geschlecht F war, hinterließ zudem seine Kontaktadresse R@hotmail.com für weitere Rückfragen."
presidio_de_core_news_lg,3352,PRIVATE_URL,391,400,gmail.com,overlaps_other_reference_label,EMAIL," 4/1/3, 1010 Salzburg (PLZ 4020). Forscher können das Artefakt über die Kontaktadresse KM@gmail.com oder telefonisch unter 008 095-962 2248 einsehen."
presidio_de_core_news_lg,3353,PRIVATE_URL,166,175,yahoo.com,overlaps_other_reference_label,EMAIL,", 1940 an einem zertifizierten Reskilling‑Programm teilnehmen, das über die Plattform L24@yahoo.com gebucht werden kann."
presidio_de_core_news_lg,3354,PRIVATE_URL,92,101,yahoo.com,overlaps_other_reference_label,EMAIL,e Anmeldung für das Sea‑and‑Mountain‑Abenteuer‑Rennen ist offen; bitte senden Sie Ihre MJ@yahoo.com und Ihre YLLM493PVI bis zum Oktober/09.
presidio_de_core_news_lg,3355,PRIVATE_URL,3,12,gmail.com,overlaps_other_reference_label,EMAIL,"MB@gmail.com -> RSL2004@yahoo.com
Betreff: Visa‑Antrag für unbegleitete Minderjährige

Sehr geehrte/r "
presidio_de_core_news_lg,3355,PRIVATE_URL,24,33,yahoo.com,overlaps_other_reference_label,EMAIL,"MB@gmail.com -> RSL2004@yahoo.com
Betreff: Visa‑Antrag für unbegleitete Minderjährige

Sehr geehrte/r Prof Niederst Liesenb"
presidio_de_core_news_lg,3358,PRIVATE_URL,503,512,gmail.com,overlaps_other_reference_label,EMAIL,gten Unterlagen und bestätigen Sie Ihre Zustimmung bis zum 03/09/1949 per E‑Mail an 27ISV@gmail.com oder telefonisch unter +66.446 833 3081.
presidio_de_core_news_lg,3359,PRIVATE_URL,354,361,aol.com,overlaps_other_reference_label,EMAIL,"haben und über einen integrierten Bewegungssensor verfügen, den wir über unsere App (SG22@aol.com) konfigurieren können.'
Emiliya Loélie (09:20): 'Perfekt, dann lass uns das Installations"
presidio_de_core_news_lg,3365,PRIVATE_URL,261,270,gmail.com,overlaps_other_reference_label,EMAIL,nnsbruck. Für Rückfragen erreichen Sie mich unter +74-84-362 7573 oder via E‑Mail an 01YM@gmail.com; die Zahlungsabwicklung erfolgt über die hinterlegte 3899014911047754 (letzte vier Stelle
presidio_de_core_news_lg,3366,PRIVATE_URL,119,133,protonmail.com,overlaps_other_reference_label,EMAIL,"operationsspiels ist die Möglichkeit, externe Berater einzubeziehen, die über ihre kufinz@protonmail.com und 07.78 91.90-64 kontaktiert werden können, um zusätzliche Perspektiven zu liefern. Die"
presidio_de_core_news_lg,3367,PRIVATE_URL,335,341,St.Pet,overlaps_other_reference_label,CITY,"gt 14 Tage, wobei das Tier in einem zugelassenen Tierheim in der Nähe des Flughafens Linz St.Peter untergebracht werden muss."
presidio_de_core_news_lg,3368,PRIVATE_URL,250,259,gmail.com,overlaps_other_reference_label,EMAIL,"chipt und registriert werden. Der Besitzer, Jan-Frederik Baldaccini, muss per E‑Mail an V@gmail.com einen Scan des mikrochip‑Registrierungsdokuments senden."
presidio_de_core_news_lg,3369,PRIVATE_URL,318,332,protonmail.com,overlaps_other_reference_label,EMAIL,er örtlichen Tierklagebehörde (22807130) zusammen mit einer gültigen E‑Mail‑Adresse (66KS@protonmail.com) zwingend erforderlich.
presidio_de_core_news_lg,3371,PRIVATE_URL,67,78,outlook.com,overlaps_other_reference_label,EMAIL,"Kontaktieren Sie uns unter 0004-626.598 9916 oder per E‑Mail an ZS@outlook.com, wenn Sie Fragen zu Ihrer 5028 050718 haben."
presidio_de_core_news_lg,3373,PRIVATE_URL,409,420,outlook.com,overlaps_other_reference_label,EMAIL," Catering benötigen wir Ihre Präferenzen – teilen Sie uns bitte per E‑Mail an abdle colas@outlook.com mit, ob Sie vegetarisch (Nicht spezifiziert) oder vegan essen möchten. Darüber hinaus wir"
presidio_de_core_news_lg,3374,PRIVATE_URL,206,213,aol.com,overlaps_other_reference_label,EMAIL,"a‑Mountain‑Bike‑Event. Meine Kontaktdaten lauten: Telefon (700)-1076562, E‑Mail fitwiguin@aol.com. Die Anreise erfolgt per Zug nach Innsbruck; bitte stellen Sie sicher, dass mein Hotelres"
presidio_de_core_news_lg,3375,PRIVATE_URL,497,508,outlook.com,overlaps_other_reference_label,EMAIL,"mmer: 3156 530804
Steuernummer für Rechnungsstellung: 89-1077933
Kontakt‑E‑Mail: kaoulins@outlook.com – Telefon: +770-638.571 7892
Adresse: Petersgasse 12, 6020 Linz Kaplanhof
Zahlungsinforma"
presidio_de_core_news_lg,3376,PRIVATE_URL,501,513,tutanota.com,overlaps_other_reference_label,EMAIL,"ant, um mögliche Zollprobleme zu vermeiden. Interessenten können sich per E‑Mail an vloul@tutanota.com oder telefonisch unter 014389134-1977 melden, um ein persönliches Beratungsgespräch am Ja"
presidio_de_core_news_lg,3377,PRIVATE_URL,141,152,hotmail.com,overlaps_other_reference_label,EMAIL, Ihre Teilnahme an der internationalen Wettbewerbsreihe bis zum Juli/80 per E‑Mail an FHR@hotmail.com.
presidio_de_core_news_lg,3384,PRIVATE_URL,168,179,outlook.com,overlaps_other_reference_label,EMAIL,"Konto kündigen?** Sie können das Konto jederzeit schriftlich per E‑Mail an anusigutiérrez@outlook.com kündigen; Ihr Kündigungsschreiben muss Ihre Identifikationsnummer 14114823 enthalten, dam"
presidio_de_core_news_lg,3385,PRIVATE_URL,182,189,aol.com,overlaps_other_reference_label,EMAIL,eleitet von Bgm Emmanouela Miris Lebacq Emerllahi. Kontaktieren Sie uns jederzeit unter H@aol.com oder telefonisch unter +43-37 709 8737 für individuelle Lösungen.
presidio_de_core_news_lg,3386,PRIVATE_URL,116,123,aol.com,overlaps_other_reference_label,EMAIL,"iki‑Modul ausprobiert und wollte meine Erfahrungen teilen. Mein Nutzerprofil ist unter AO@aol.com registriert, und ich habe die Unternehmens‑ID OVRVRP1BB9 hinterlegt, um internen Content "
presidio_de_core_news_lg,3389,PRIVATE_URL,46,57,hotmail.com,overlaps_other_reference_label,EMAIL,"Kontakt: Telefon 00305-32.108 4456, E‑Mail AF@hotmail.com; Adresse: Flachenauergutstraße 38, Linz Innenstadt."
presidio_de_core_news_lg,3391,PRIVATE_URL,219,226,aol.com,overlaps_other_reference_label,EMAIL,"echt = Männlich, Telefonnummer = +437.769-060 6267; die Unterlagen senden Sie an uslevati@aol.com bis spätestens 19/09/1964, damit wir Ihnen Ihren Platz reservieren können."
presidio_de_core_news_lg,3392,PRIVATE_URL,544,551,aol.com,overlaps_other_reference_label,EMAIL,"thalten. Die Kommunikation mit dem Produktionsteam erfolgt über die offizielle E‑Mail NNB@aol.com; stellen Sie sicher, dass die Postleitzahl Ihres Hotels 9020 korrekt ist, um Lieferungen "
presidio_de_core_news_lg,3397,PRIVATE_URL,224,235,outlook.com,overlaps_other_reference_label,EMAIL, Wien Margareten stattfinden wird. Bitte bestätigen Sie Ihre Teilnahme per E‑Mail an 14LD@outlook.com und geben Sie Ihre aktuelle +439 24-118-6001 an.
presidio_de_core_news_lg,3398,PRIVATE_URL,61,75,protonmail.com,overlaps_other_reference_label,EMAIL,"Refije schlägt vor, dass wir wöchentliche Stand‑ups über K30@protonmail.com durchführen. Die Teilnehmerliste soll Flaka Piscetta Miljanovic und Nishanth Kaba enthalt"
presidio_de_core_news_lg,3399,PRIVATE_URL,300,307,aol.com,overlaps_other_reference_label,EMAIL,"ugeben, falls Sie möchten. Schicken Sie Ihre Antworten bis zum 1984-07-31T00:00:00 an PPG@aol.com."
presidio_de_core_news_lg,3402,PRIVATE_URL,5,14,gmail.com,overlaps_other_reference_label,EMAIL,99AU@gmail.com Bitte melden Sie jede beobachtete Nebenwirkung von Arzneimitteln in Kombination mit besti
presidio_de_core_news_lg,3403,PRIVATE_URL,29,43,protonmail.com,overlaps_other_reference_label,EMAIL,"Bitte senden Sie Ihre GK2008@protonmail.com und Ihre 002 361 8931, damit wir einen Termin für die Magnetfeldtherapie in der Teinfalts"
presidio_de_core_news_lg,3405,PRIVATE_URL,238,250,tutanota.com,overlaps_other_reference_label,EMAIL, von Kyros Sinniah fungieren werden. Bitte bestätigen Sie Ihre Teilnahme per E‑Mail an CZ@tutanota.com und teilen Sie uns Ihre aktuelle Telefonnummer: (10) 5983-5398 sowie Ihre Berufsbezeichnu
presidio_de_core_news_lg,3406,PRIVATE_URL,238,247,yahoo.com,overlaps_other_reference_label,EMAIL,"orin Ebadullah Zeïn Slade Gökcinar Sussigan – er/sie wird dich per E‑Mail unter srejaffar@yahoo.com kontaktieren.
Britta: Danke! Kann ich meine Daten (Geburtsdatum: 04/12/2022, Geschlecht: "
presidio_de_core_news_lg,3407,PRIVATE_URL,311,320,gmail.com,overlaps_other_reference_label,EMAIL," Bitte bestätigen Sie Ihre Teilnahme bis zum März 17., 1941 per E‑Mail an basslegentilhom@gmail.com oder telefonisch unter 02-91-37 00.23."
presidio_de_core_news_lg,3409,PRIVATE_URL,248,257,gmail.com,overlaps_other_reference_label,EMAIL,"end Epidemien zu senken; für weitere Informationen kontaktieren Sie bitte per E‑Mail an H@gmail.com oder telefonisch unter 088-718 8275, wobei der betroffene Patient 45 Jahre alt ist."
presidio_de_core_news_lg,3414,PRIVATE_URL,158,170,tutanota.com,overlaps_other_reference_label,EMAIL,"0:00:00 präsentierte Meister Athar dos Reis Shainov eine digitale Kopie, die per ananobri@tutanota.com verschickt wurde. Der Anhang enthielt neben einer Karte von Hinterwaldnerstraße 27/2 in L"
presidio_de_core_news_lg,3415,PRIVATE_URL,437,446,gmail.com,overlaps_other_reference_label,EMAIL,"ten. Interessierte können sich per Telefon unter 079.855 2552 oder per E‑Mail an hoclarke@gmail.com anmelden, um mehr über die Probenzeiten zu erfahren."
presidio_de_core_news_lg,3416,PRIVATE_URL,439,453,protonmail.com,overlaps_other_reference_label,EMAIL, Rückfragen stehen Ihnen die Telefonnummer +433-83 849.2570 oder die E‑Mail‑Adresse C1970@protonmail.com zur Verfügung. Das unterschriebene Dokument wird dann am Mai/43 in Ihrem Postfach an der 
presidio_de_core_news_lg,3417,PRIVATE_URL,589,598,yahoo.com,overlaps_other_reference_label,EMAIL,"er 43-3157890 sowie meine aktuelle Bankverbindung.

Bitte kontaktieren Sie mich unter KLN@yahoo.com oder telefonisch unter 019 905 8957, um das weitere Vorgehen zu besprechen.

Mit freundli"
presidio_de_core_news_lg,3419,PRIVATE_URL,126,135,gmail.com,overlaps_other_reference_label,EMAIL,rsonalausweises (34145512) sowie Ihres Führerscheins (5HTNPQSQSD) per E‑Mail an ataltarka@gmail.com.
presidio_de_core_news_lg,3422,PRIVATE_URL,255,266,hotmail.com,overlaps_other_reference_label,EMAIL," Wagner-Jauregg-Weg 24 in Linz Innenstadt; Rückmeldung bis zum Januar 20., 1978 an 1967SK@hotmail.com."
presidio_de_core_news_lg,3423,PRIVATE_URL,53,67,protonmail.com,overlaps_other_reference_label,EMAIL,"Für Termine kontaktieren Sie bitte per E‑Mail an 25C@protonmail.com oder telefonisch unter +4309166-9078; die Praxis befindet sich in der Lagergasse 28, 8010"
presidio_de_core_news_lg,3425,PRIVATE_URL,176,183,aol.com,overlaps_other_reference_label,EMAIL,"an,

vielen Dank für die Übermittlung Ihrer Unterlagen. Wir haben Ihre E‑Mail-Adresse (IT@aol.com) verifiziert und die telefonische Erreichbarkeit unter 016960372 0592 bestätigt. Ihr Wohn"
presidio_de_core_news_lg,3426,PRIVATE_URL,201,215,protonmail.com,overlaps_other_reference_label,EMAIL,"chname: Revolon
4. Geschlecht / Gender: Nicht-binär
5. Alter: 61
6. E‑Mail-Adresse: BWM08@protonmail.com
7. Wohnort: Innsbruck Innenstadt
8. Datum der Antragstellung: März/24

Bitte fügen Sie zu"
presidio_de_core_news_lg,3427,PRIVATE_URL,283,292,gmail.com,overlaps_other_reference_label,EMAIL,"st stattfindet.
Bitte bestätigen Sie Ihre Teilnahme bis zum 24/05/1940 per E‑Mail an ASNR@gmail.com oder telefonisch unter 03249 82624 .
Zur Vorbereitung benötigen wir Ihren vollständigen N"
presidio_de_core_news_lg,3428,PRIVATE_URL,475,482,aol.com,overlaps_other_reference_label,EMAIL,"echtsteil Weiblich im Unterricht.
Bitte bestätigen Sie Ihre Teilnahme per E‑Mail an ESQN4@aol.com bis zum 22/04/2003."
presidio_de_core_news_lg,3429,PRIVATE_URL,798,807,gmail.com,overlaps_other_reference_label,EMAIL,"teln.
4. Festlegung der nächsten Schulungstermine; Einladungen werden per E‑Mail an S1999@gmail.com und per Telefon an +43-672230090 verschickt.
5. Abschluss und Zusammenfassung: Nächste Ko"
presidio_de_core_news_lg,3430,PRIVATE_URL,450,462,tutanota.com,overlaps_other_reference_label,EMAIL," (09:22): ""Super, danke! Wer hat die aktuelle Liste der benötigten Qualifikationen?""
JB28@tutanota.com (09:25): ""Die Liste findest du im Anhang dieser Nachricht – dort sind auch die gewünschte"
presidio_de_core_news_lg,3430,PRIVATE_URL,680,689,yahoo.com,overlaps_other_reference_label,EMAIL,"L aufgeführt.""
Tamador (09:30): ""Alles klar, ich schicke meine Unterlagen heute noch an N@yahoo.com.""

Damit ist die Planung abgeschlossen und das Team kann sich auf die bevorstehenden Eins"
presidio_de_core_news_lg,3431,PRIVATE_URL,170,184,protonmail.com,overlaps_other_reference_label,EMAIL," am Juni 25., 2001. Die Buchungsnummer lautet 03032338 und wird Ihnen per E‑Mail an 1956W@protonmail.com zugesandt."
presidio_de_core_news_lg,3432,PRIVATE_URL,245,257,tutanota.com,overlaps_other_reference_label,EMAIL,"
Geburtsdatum: 3. November 2019 (Alter: 16 Jahre, Geschlecht: Agender)
Kontakt: E‑Mail DA@tutanota.com, Telefon +121.061-500 8372
Reisedaten: Abflug am 2011-10-20T00:00:00 von Innsbruck; Rückk"
presidio_de_core_news_lg,3433,PRIVATE_URL,607,621,protonmail.com,overlaps_other_reference_label,EMAIL,"die ihre Portfolios anpassen möchten, empfiehlt das Team, die Kontakt‑Details über 1964TE@protonmail.com zu nutzen und eventuelle Änderungen bis zum 1949-06-15T00:00:00 zu melden."
presidio_de_core_news_lg,3434,PRIVATE_URL,731,740,yahoo.com,overlaps_other_reference_label,EMAIL,n und weitere Empfehlungen steht das vollständige Dokument über die Plattform dnievergelt@yahoo.com zum Download bereit.
presidio_de_core_news_lg,3435,PRIVATE_URL,269,280,hotmail.com,overlaps_other_reference_label,EMAIL,"s sicherstellen, dass jede elektronische Verordnung über die offizielle E‑Mail-Adresse (B@hotmail.com) bestätigt und telefonisch über die Rufnummer (0107 621-187.2858) nachverfolgt wird. Das "
presidio_de_core_news_lg,3441,PRIVATE_URL,218,229,hotmail.com,overlaps_other_reference_label,EMAIL,Benutzername: Albatrit) erreichen können. Ein Zugriffspasswort wird Ihnen per E‑Mail an L@hotmail.com zugesendet.
presidio_de_core_news_lg,3442,PRIVATE_URL,78,89,example.com,url_like_without_reference,,"From: Kouadio Khedher Loussouarn-Yvon <WLG@aol.com>
To: Support-Team <support@example.com>
Subject: Anfrage zu Bookmark‑Vorlagen
Date: 1947-02-06T00:00:00

Sehr geehrtes Support‑T"
presidio_de_core_news_lg,3442,PRIVATE_URL,43,50,aol.com,overlaps_other_reference_label,EMAIL,"From: Kouadio Khedher Loussouarn-Yvon <WLG@aol.com>
To: Support-Team <support@example.com>
Subject: Anfrage zu Bookmark‑Vorlagen
Date: 1947-"
presidio_de_core_news_lg,3443,PRIVATE_URL,314,328,protonmail.com,overlaps_other_reference_label,EMAIL,"attfindet; bitte bestätigen Sie Ihre Teilnahme bis zum 19. Juni 1974 per E‑Mail an 24KSHJ@protonmail.com oder telefonisch unter 002.915 6306.
Für Rückfragen steht Ihnen unser Koordinator Mulue C"
presidio_de_core_news_lg,3445,PRIVATE_URL,701,712,outlook.com,overlaps_other_reference_label,EMAIL,"sein könnte.

Gopinath Fieg: Ich habe die notwendigen Unterlagen per E‑Mail an suajbmbech@outlook.com gesendet, lass mich wissen, wenn du weitere Informationen benötigst."
presidio_de_core_news_lg,3447,PRIVATE_URL,222,231,gmail.com,overlaps_other_reference_label,EMAIL,"zu klären, benötigen wir Ihre Bestätigung per Telefon (073 175-9182) oder per E‑Mail (28D@gmail.com) innerhalb von drei Werktagen."
presidio_de_core_news_lg,3448,PRIVATE_URL,374,385,hotmail.com,overlaps_other_reference_label,EMAIL,Rückfragen stehen Ihnen Gouv Komeil Burzanowski Etoupe Gromann unter der E‑Mail-Adresse A@hotmail.com zur Verfügung. Das Serum enthält 15 % reines Ascorbinsäure‑Extrakt und ist für alle Hautt
presidio_de_core_news_lg,3451,PRIVATE_URL,198,207,yahoo.com,overlaps_other_reference_label,EMAIL,"sse: 1689 Kapuzinergasse, 6020 Natters\nKontakt: Telefon 077.6922042 , E‑Mail driapiozzin@yahoo.com\nGewünschte Menge: 2 Flaschen à 30 ml\nZahlungsart: Kreditkarte (Nummer: 3198443496713261"
presidio_de_core_news_lg,3452,PRIVATE_URL,451,462,outlook.com,overlaps_other_reference_label,EMAIL,"n erlernen. Bitte bestätigen Sie Ihre Teilnahme bis zum 26/02/2022 per E‑Mail an nompsugu@outlook.com und geben Sie dabei Ihr Alter (35) sowie Ihr Geschlecht (Androgyn) an, damit wir passende"
presidio_de_core_news_lg,3454,PRIVATE_URL,322,331,yahoo.com,overlaps_other_reference_label,EMAIL,n Sie die hinterlegte Kreditkarte 2200201833651583. Eine Kopie der Rechnung wurde an DH20@yahoo.com gesendet. Bei Fragen zur Abrechnung kontaktieren Sie uns bitte umgehend.
presidio_de_core_news_lg,3457,PRIVATE_URL,464,476,tutanota.com,overlaps_other_reference_label,EMAIL," Ihre aktuelle Adresse: Winkelgasse 21, 5020 Linz Innenstadt sowie Ihre Kontakt‑E‑Mail (A@tutanota.com) und Telefonnummer (+28.49 778-8583). Bitte senden Sie die fehlenden Unterlagen, insbeson"
presidio_de_core_news_lg,3458,PRIVATE_URL,411,422,hotmail.com,overlaps_other_reference_label,EMAIL,"ten Tag jedes Monats auf Ihr Konto überwiesen wird. Sollten sich Ihre Kontaktdaten (J2010@hotmail.com oder +2-77 250 9448) ändern, informieren Sie uns bitte umgehend, damit wir die Auszahlung"
presidio_de_core_news_lg,3459,PRIVATE_URL,51,63,tutanota.com,overlaps_other_reference_label,EMAIL,Bitte bestätigen Sie Ihren Termin per E‑Mail an MS@tutanota.com oder telefonisch unter 010 95 629 5214; wir senden Ihnen zudem die Rechnung an 8053 Innsb
presidio_de_core_news_lg,3460,PRIVATE_URL,192,203,outlook.com,overlaps_other_reference_label,EMAIL,"valgeländes am 18/08/2014. Bitte senden Sie Ihre aktuellen Kontaktdaten, einschließlich M@outlook.com und +2.997-230-7819, sowie die Adresse Ihres Hauptsitzes: Schönbrunner Straße 30c, 8020 K"
presidio_de_core_news_lg,3461,PRIVATE_URL,213,224,outlook.com,overlaps_other_reference_label,EMAIL,"ins mehr berechnet.“ Der Kundenservice antwortet: „Bitte bestätigen Sie Ihre E‑Mail (25AH@outlook.com) und Telefonnummer (+4397 325-3307), damit wir das Problem prüfen können.“ Wir danken Ihn"
presidio_de_core_news_lg,3465,PRIVATE_URL,512,519,aol.com,overlaps_other_reference_label,EMAIL,"tbar ist. Am Ende des Interviews weist er darauf hin, dass Interessierte sich per 31APSSB@aol.com anmelden und die Anzahlung mit der 6257952520041084 tätigen können."
presidio_de_core_news_lg,3466,PRIVATE_URL,447,456,yahoo.com,overlaps_other_reference_label,EMAIL,ür ein friedliches und kreatives Europa“ sei. Für Medienanfragen kontaktieren Sie bitte M@yahoo.com oder rufen Sie +43.199.556.9970 an.
presidio_de_core_news_lg,3467,PRIVATE_URL,358,365,aol.com,overlaps_other_reference_label,EMAIL, wir in Salzburg ansässige Künstler einbinden. Bitte senden Sie Ihre Rückmeldung an 10SLM@aol.com oder besuchen Sie uns in der Fridellistraße 28 in 9020 Linz Dornach. Unser Lead‑Designer 
presidio_de_core_news_lg,3468,PRIVATE_URL,232,244,tutanota.com,overlaps_other_reference_label,EMAIL,": Männlich, Geschlechtsidentität: Androgyn. Kontakt: Telefon +434.444-155-9182, E‑Mail BA@tutanota.com (wird später verwendet). Bitte geben Sie Ihre Fahrerlaubnisnummer RIGVG4QA2C und Ihre Soz"
presidio_de_core_news_lg,3471,PRIVATE_URL,178,187,yahoo.com,overlaps_other_reference_label,EMAIL," Siep
Geburtsdatum: 08/08/1978
Alter: 47
Geschlecht: Andere / Bigender
Kontakt‑E‑Mail: AP@yahoo.com
Telefon: 0909.59077264
Adresse: Hamerlingstraße 23, 4040 Innsbruck Wilten Wilten

Kurzbes"
presidio_de_core_news_lg,3472,PRIVATE_URL,942,956,protonmail.com,overlaps_other_reference_label,EMAIL,"pe Rollenbilder in Schulen zu reduzieren?

Bitte senden Sie das ausgefüllte Formular an K@protonmail.com oder faxen Sie es an die Nummer 068 3779740 ."
presidio_de_core_news_lg,3472,PRIVATE_URL,127,136,yahoo.com,overlaps_other_reference_label,EMAIL," Februar 21., 2000
Alter: 9
Geschlecht (sexuell): M
Gender‑Identität: Männlich
E‑Mail: TK@yahoo.com
Telefon: +07 73 041 9743
Adresse: Fischer-von-Erlach-Straße 12, 1020 Innsbruck Hungerburg"
presidio_de_core_news_lg,3473,PRIVATE_URL,244,255,outlook.com,overlaps_other_reference_label,EMAIL,erneuerbare Energien. Für Rückfragen stehen meine Kontaktdaten bereit: E‑Mail jannginamau@outlook.com und Telefon 004.409.786.0450. Der Gipfel begann am 1960-07-18T00:00:00 und endete mit ein
presidio_de_core_news_lg,3474,PRIVATE_URL,291,303,tutanota.com,overlaps_other_reference_label,EMAIL,resse in der Postleitzahl 1040 zu ändern. Für humanitäre Hilfe erreichen Sie mich unter S@tutanota.com oder telefonisch unter +0.254-172 4580.
presidio_de_core_news_lg,3479,PRIVATE_URL,115,126,outlook.com,overlaps_other_reference_label,EMAIL,"hsten Schritte für Ihr Investitionsziel zu planen, benötigen wir bitte Ihre aktuelle AB11@outlook.com‑Adresse sowie Ihre bevorzugte Kontakt‑+48 86617-7617; unser Team wird dann umgehend einen"
presidio_de_core_news_lg,3482,PRIVATE_URL,240,252,tutanota.com,overlaps_other_reference_label,EMAIL," der Stadtgeschichte dient, an die Redaktion senden möchte, wobei er seine Kontaktdaten M@tutanota.com und 004353.531-6342 für Rückfragen hinterlässt; das Gedicht beginnt mit den Zeilen ‚Ich s"
presidio_de_core_news_lg,3483,PRIVATE_URL,57,68,hotmail.com,overlaps_other_reference_label,EMAIL,"Bitte senden Sie Ihre 43619398 sowie Ihre aktuelle A1960@hotmail.com an die Historische Gesellschaft, damit wir das Inventar des alten Fabrikgebäudes im 8010 "
presidio_de_core_news_lg,3486,PRIVATE_URL,299,310,outlook.com,overlaps_other_reference_label,EMAIL,thersee Waidmannsdorf Waidmannsdorf durchführen. Bitte bestätigen Sie per E‑Mail an 2020C@outlook.com oder telefonisch unter +43.69-360.0472.
presidio_de_core_news_lg,3487,PRIVATE_URL,220,227,aol.com,overlaps_other_reference_label,EMAIL,"lich; Anschrift: Leopoldstraße 3, 1120 Innsbruck Vill; Kontakt: 0139 87838633; E‑Mail: AZ@aol.com. Wir benötigen zudem die Kopie Ihres Personalausweises (ID‑Nummer: 12034574) zur Verifizi"
presidio_de_core_news_lg,3490,PRIVATE_URL,237,246,gmail.com,overlaps_other_reference_label,EMAIL,-Bereich. Könnten Sie mir bitte weitere Informationen an meine E‑Mail‑Adresse agshaymoyer@gmail.com senden und eventuell ein telefonisches Beratungsgespräch unter der Nummer 01678 647-588.3
presidio_de_core_news_lg,3491,PRIVATE_URL,228,240,tutanota.com,overlaps_other_reference_label,EMAIL,"ür die Bearbeitung meines Visums steht. Bitte bestätigen Sie die Zahlung per E‑Mail an TR@tutanota.com, damit wir den Antrag weiter bearbeiten können."
presidio_de_core_news_lg,3492,PRIVATE_URL,374,385,hotmail.com,overlaps_other_reference_label,EMAIL,en stehen Ihnen das Gesundheitsamt unter 0112.489-156.2619 oder per E‑Mail an renalkodraj@hotmail.com zur Verfügung.
presidio_de_core_news_lg,3495,PRIVATE_URL,626,637,hotmail.com,overlaps_other_reference_label,EMAIL, 5. Bei Fragen kontaktieren Sie das Finanzamt unter 07256.45593  oder per E‑Mail an X1981@hotmail.com.
presidio_de_core_news_lg,3496,PRIVATE_URL,599,613,protonmail.com,overlaps_other_reference_label,EMAIL,gen können. Weitere Informationen erhalten Interessenten über das Online‑Portal unter GDK@protonmail.com oder telefonisch unter +9 21 307.6451.
presidio_de_core_news_lg,3497,PRIVATE_URL,740,754,protonmail.com,overlaps_other_reference_label,EMAIL,"folgt anhand der eingereichten Rechnungen, die über das Online‑Portal (Login: faraukshini@protonmail.com) hochgeladen werden müssen.
**Frage:** Bis wann müssen die Unterlagen eingereicht werden"
presidio_de_core_news_lg,3499,PRIVATE_URL,220,231,hotmail.com,overlaps_other_reference_label,EMAIL, Jaxstraße in Salzburg stattfindet. Bitte bestätigen Sie Ihre Teilnahme per E‑Mail an NVY@hotmail.com.
presidio_de_core_news_lg,3502,PRIVATE_URL,204,215,hotmail.com,overlaps_other_reference_label,EMAIL,ls Herr bei einem mittelständischen Unternehmen; meine offizielle E‑Mailadresse lautet EM@hotmail.com und ich bin unter der Telefonnummer +26.491 025.6215 erreichbar. In meiner Freizeit wohne
presidio_de_core_news_lg,3506,PRIVATE_URL,287,298,hotmail.com,overlaps_other_reference_label,EMAIL,3/1981) und Ihr Alter von 62 Jahren. Bitte bestätigen Sie Ihre Bestellung per E‑Mail an H@hotmail.com oder telefonisch unter +435 39-420 1740.
presidio_de_core_news_lg,3508,PRIVATE_URL,301,312,outlook.com,overlaps_other_reference_label,EMAIL, Sie das ausgefüllte Dokument zusammen mit einer Kopie Ihres C5714741 oder 19135421 an AT@outlook.com.
presidio_de_core_news_lg,3509,PRIVATE_URL,201,210,yahoo.com,overlaps_other_reference_label,EMAIL,: Müssen wir unsere Führerscheinnummer (6AAIXUD3AP) angeben oder reicht die E‑Mail (S1941@yahoo.com) für die Benachrichtigung?
presidio_de_core_news_lg,3512,PRIVATE_URL,339,348,yahoo.com,overlaps_other_reference_label,EMAIL,"ltair van Staden (Alter: 83) dokumentiert wurden. Bitte senden Sie Ihre Rückfragen an M22@yahoo.com oder rufen Sie mich unter 001.782-681 6778 an; weitere Details finden Sie im Anhang, inkl"
presidio_de_core_news_lg,3513,PRIVATE_URL,253,264,hotmail.com,overlaps_other_reference_label,EMAIL," Sicherheit ist; daher ermutigen wir alle, ihre Ideen bis zum März/86 per E‑Mail an 91AYO@hotmail.com einzureichen."
presidio_de_core_news_lg,3515,PRIVATE_URL,560,571,hotmail.com,overlaps_other_reference_label,EMAIL,"ng meines Anliegens füge ich meine persönlichen Daten bei: meine E‑Mail-Adresse lautet SM@hotmail.com, meine Telefonnummer ist 07-4801 2906; meine Identifikationsnummer (40715417) lautet auße"
presidio_de_core_news_lg,3516,PRIVATE_URL,279,288,gmail.com,overlaps_other_reference_label,EMAIL,stattfindet. Bitte bestätigen Sie Ihre Teilnahme bis zum 02/02/2022 per E‑Mail an doroupi@gmail.com oder telefonisch unter +51 49 976.1194.
presidio_de_core_news_lg,3517,PRIVATE_URL,431,442,outlook.com,overlaps_other_reference_label,EMAIL,"g kulturelle Highlights bieten?
Zur Rückmeldung nutzen Sie bitte meine E‑Mail-Adresse 27F@outlook.com oder rufen Sie mich unter 0179-686 4746 an.
Vielen Dank im Voraus für Ihre Unterstützung!"
presidio_de_core_news_lg,3518,PRIVATE_URL,358,369,hotmail.com,overlaps_other_reference_label,EMAIL, the OIS curve referenced in the latest market data sheet that you sent to my email (12DM@hotmail.com) and confirm the correct day‑count convention.  If you require any additional information
presidio_de_core_news_lg,3519,PRIVATE_URL,327,338,hotmail.com,overlaps_other_reference_label,EMAIL,"rthersee Waidmannsdorf statt. Bitte bestätigen Sie Ihre Teilnahme per E-Mail an tucapilla@hotmail.com oder telefonisch unter (48).4933-1859. Wir werden die neuesten Schnittstellen, einschließ"
presidio_de_core_news_lg,3521,PRIVATE_URL,192,199,aol.com,overlaps_other_reference_label,EMAIL,ue Verschlüsselungsprotokolle beinhaltet. Bitte senden Sie Ihre aktuelle E‑Mail-Adresse K@aol.com und Ihre Telefonnummer +43.34-900.9811 an unser Projektteam. Die Installation erfolgt an 
presidio_de_core_news_lg,3524,PRIVATE_URL,366,378,tutanota.com,overlaps_other_reference_label,EMAIL,"lle Partner‑Wandergebiete. Bitte bestätigen Sie Ihre Anmeldung per E‑Mail an dannpugliano@tutanota.com oder telefonisch unter 0093.296-398-3245.
Mit freundlichen Grüßen,
Ihr Trail‑Team"
presidio_de_core_news_lg,3525,PRIVATE_URL,752,763,hotmail.com,overlaps_other_reference_label,EMAIL," geschäftlich): 45-5703667
Bitte senden Sie das ausgefüllte Formular per E‑Mail an DB1973@hotmail.com."
presidio_de_core_news_lg,3525,PRIVATE_URL,280,291,outlook.com,overlaps_other_reference_label,EMAIL,"8
   • Alter: 85
   • Geschlecht: M / Identität: Weiblich
2. Kontaktdaten:
   • E‑Mail: S@outlook.com
   • Telefon: +43.05 976-2194
   • Adresse: Boltzmannstraße 180, 4020 Linz Industriegelän"
presidio_de_core_news_lg,3527,PRIVATE_URL,32,39,aol.com,overlaps_other_reference_label,EMAIL,"Bitte senden Sie Ihre rinatebin@aol.com und Ihre 028.3192-8239, damit wir Ihnen das Atemprogramm zusenden können."
presidio_de_core_news_lg,3528,PRIVATE_URL,51,63,tutanota.com,overlaps_other_reference_label,EMAIL,"Fr Konstantino D'antico Tillinger schreibt an 98DA@tutanota.com:
""Sehr geehrte Damen und Herren, im Rahmen unseres neuen Projekts ‚Gourmet on Rails‘ plan"
presidio_de_core_news_lg,3528,PRIVATE_URL,794,801,aol.com,overlaps_other_reference_label,EMAIL,"sagiere – bitte senden Sie uns die Liste mit Jaouhar Faist, 2004-05-14T00:00:00, O und MK@aol.com bis spätestens August 10., 1995. Die Abrechnung erfolgt per Kreditkarte; geben Sie hierfü"
presidio_de_core_news_lg,3529,PRIVATE_URL,196,210,protonmail.com,overlaps_other_reference_label,EMAIL,d die beruflichen Ziele berücksichtigen. Bitte senden Sie Ihre Unterlagen an chayacastagn@protonmail.com bis zum 23/07/1978.
presidio_de_core_news_lg,3530,PRIVATE_URL,417,431,protonmail.com,overlaps_other_reference_label,EMAIL," Kinderbetreuung bei 3867529665442394 arrangieren können, und sende mir deine aktuelle 6F@protonmail.com Adresse für die Kalender‑Einladung."
presidio_de_core_news_lg,3534,PRIVATE_URL,133,144,outlook.com,overlaps_other_reference_label,EMAIL,Sie bis zum 16/12/2014 Ihren EPJ63UPCTY sowie Ihre Telefonnummer 08072 234842 an kemaprat@outlook.com senden.
presidio_de_core_news_lg,3535,PRIVATE_URL,173,182,gmail.com,overlaps_other_reference_label,EMAIL,"r finanziellen Heilung zu begleiten. Bitte bestätigen Sie Ihre Kontaktdaten: E‑Mail 1998I@gmail.com, Telefonnummer +43-15 202-8264 und Wohnadresse Andreas Hofer Weg 26a, 4040 Salzburg."
presidio_de_core_news_lg,3536,PRIVATE_URL,242,253,outlook.com,overlaps_other_reference_label,EMAIL,tte senden Sie uns Ihre aktuelle 74557767 sowie ein aktuelles Foto Ihrer Kostümteile an N@outlook.com.
presidio_de_core_news_lg,3538,PRIVATE_URL,22,33,outlook.com,overlaps_other_reference_label,EMAIL,"Prof Iseo Hirano (<ST@outlook.com>) schreibt: 'Sehr geehrte/r Hr Rimaas Prathuang Munzer, aufgrund der aktuellen Inflation "
presidio_de_core_news_lg,3538,PRIVATE_URL,257,268,hotmail.com,overlaps_other_reference_label,EMAIL,"espräch am August 28., 1996 anbieten. Bitte bestätigen Sie Ihre Teilnahme per E‑Mail an G@hotmail.com oder telefonisch unter +43.86994-0460.'"
presidio_de_core_news_lg,3539,PRIVATE_URL,198,207,yahoo.com,overlaps_other_reference_label,EMAIL,"60-03-22T00:00:00
3. Geschlecht / Gender: Andere / Zwei-Geister
4. Kontakt – E‑Mail: GC@yahoo.com
5. Kontakt – Telefon: 0030 97964.0204
6. Anschrift: Weihburggasse 3, 6020 Salzburg Lief"
presidio_de_core_news_lg,3540,PRIVATE_URL,775,787,tutanota.com,overlaps_other_reference_label,EMAIL," ist, wird erwähnt, dass die Heldin ihre Kontaktdaten, insbesondere die E‑Mail-Adresse CA@tutanota.com und die Telefonnummer +43-18 390.6247, für zukünftige Abenteuer hinterlassen hat."
presidio_de_core_news_lg,3542,PRIVATE_URL,677,688,outlook.com,overlaps_other_reference_label,EMAIL,"itels findet man einen Anhang, der die Kontaktinformationen des Katers enthält: E‑Mail 7S@outlook.com und Telefon +80.90.364-5395, damit er zukünftige Aufträge annehmen kann."
presidio_de_core_news_lg,3544,PRIVATE_URL,388,395,aol.com,overlaps_other_reference_label,EMAIL,enen Saatgutpackungen mit. Zur Koordination senden Sie bitte eine kurze Bestätigung an HT@aol.com oder rufen Sie mich unter +595.77 215 1560 an. Falls jemand besondere gesundheitliche Bed
presidio_de_core_news_lg,3545,PRIVATE_URL,46,55,yahoo.com,overlaps_other_reference_label,EMAIL,"Bitte senden Sie Ihre Menüvorschläge an 1962R@yahoo.com bis zum 17/08/1991. Falls Sie aus dem Ausland anreisen, benötigen wir die Kopie Ihres Rei"
presidio_de_core_news_lg,3546,PRIVATE_URL,493,504,hotmail.com,overlaps_other_reference_label,EMAIL,"nsnummer 41-0070985, Handelsregistereintrag 84698357 sowie meine Kontaktdaten – E‑Mail: G@hotmail.com, Telefon: 007 868-077 6955. Meine Anschrift lautet Morzger Straße 33, 4020 Wien Hernals. "
presidio_de_core_news_lg,3547,PRIVATE_URL,224,233,gmail.com,overlaps_other_reference_label,EMAIL,"hen Wartung unterzogen. Der Techniker, erreichbar unter 0119-21 778.9149 und per E‑Mail K@gmail.com, wird das Gerät mit der Seriennummer 33412304 prüfen und die Dichtungen austauschen. Der "
presidio_de_core_news_lg,3550,PRIVATE_URL,151,160,yahoo.com,overlaps_other_reference_label,EMAIL,"nutzt ihre 77-jährige Erfahrung, um ein Video‑Podcast‑Format zu entwickeln, das über 13KH@yahoo.com erreichbar ist."
presidio_de_core_news_lg,3554,PRIVATE_URL,385,396,outlook.com,overlaps_other_reference_label,EMAIL,iken vorstellen. Bitte bestätigen Sie Ihre Teilnahme bis zum 15/02/1986 per E‑Mail an 20D@outlook.com oder telefonisch unter +43.57.855-3833.\n\nIhre Adresse für die Versandinformationen:\nRe
presidio_de_core_news_lg,3555,PRIVATE_URL,295,306,outlook.com,overlaps_other_reference_label,EMAIL,och-Straße\nHausnummer: 1\nPLZ: 4040\nStadt: Graz Sankt Leonhard\n\nKontakt:\nE‑Mail: ACM@outlook.com\nTelefon: +2 50 056-8190\n\nIdentitätsnachweis (optional):\nPersonalausweis‑Nummer: 53778
presidio_de_core_news_lg,3558,PRIVATE_URL,286,297,hotmail.com,overlaps_other_reference_label,EMAIL,"Josef-Schlegel-Straße 29a, 5020 Graz Andritz, Telefon = 0043-69 180.6244, E‑Mail = doudot@hotmail.com, Vorfall‑Datum = 06/08/1996, Tier‑ID = 63810181."
presidio_de_core_news_lg,3562,PRIVATE_URL,221,232,hotmail.com,overlaps_other_reference_label,EMAIL,"nlage mit leicht erhöhtem Oberkörper schlafen sollte; bei Fragen kontaktieren Sie bitte B@hotmail.com oder wählen Sie +43-79-722 5560, und übermitteln Sie zur Bestätigung Ihre 98386332 sowie "
presidio_de_core_news_lg,3565,PRIVATE_URL,218,225,aol.com,overlaps_other_reference_label,EMAIL," Mahfoudh Ogu (Geburtsdatum: 5. April 1986, Alter: 34) sowie die Kontaktdaten (yvettuffle@aol.com, +43-249.552-2362) angeben."
presidio_de_core_news_lg,3566,PRIVATE_URL,303,310,aol.com,overlaps_other_reference_label,EMAIL,"t. Die Beschlüsse umfassen die Einführung eines monatlichen Feedback‑Tools (Zugang über J@aol.com), das jede/r Mitarbeitende ausfüllen muss, wobei wir zudem um die Angabe von 2448 981225 "
presidio_de_core_news_lg,3569,PRIVATE_URL,52,64,tutanota.com,overlaps_other_reference_label,EMAIL,Bitte senden Sie Ihre Anmeldung per E‑Mail an S2020@tutanota.com und geben Sie dabei Ihre 54321578 sowie Ihr Alter von 71 Jahren an.
presidio_de_core_news_lg,3570,PRIVATE_URL,326,337,hotmail.com,overlaps_other_reference_label,EMAIL,en von Ranger Vicko zu halten. Für Rückfragen erreichen Sie die Behörde per E‑Mail an B13@hotmail.com oder telefonisch unter +4369-089-2875; Ihre 0442 510613 wird für die Ausstellung einer No
presidio_de_core_news_lg,3571,PRIVATE_URL,455,466,hotmail.com,overlaps_other_reference_label,EMAIL,pension. Bitte bestätigen Sie Ihre Teilnahme bis zum 1949-10-31T00:00:00 per E‑Mail an FM@hotmail.com oder telefonisch unter 0512-10425770. Zur Sicherheit benötigen wir Kopien Ihres Reisepass
presidio_de_core_news_lg,3572,PRIVATE_URL,247,259,tutanota.com,overlaps_other_reference_label,EMAIL,"/ Geschlechtsidentität: Androgyn
Adresse: Schwarzstraße 2558, 4020 Wien
Kontakt: E‑Mail S@tutanota.com, Telefon +53.43-194.6253
Identifikationsnummer: 35117511	Sozialversicherungsnummer: 6828 "
presidio_de_core_news_lg,3573,PRIVATE_URL,337,348,outlook.com,overlaps_other_reference_label,EMAIL,"260218667170172) verarbeitet. Eine Bestätigung wurde an Ihre E‑Mail-Adresse (matholadotun@outlook.com) gesendet. Sollten Sie Fragen zur Lieferung haben, erreichen Sie unseren Kundenservice un"
presidio_de_core_news_lg,3575,PRIVATE_URL,59,70,outlook.com,overlaps_other_reference_label,EMAIL,"Ein exklusives Fan‑Newsletter wird an die E‑Mail‑Adresse D@outlook.com versendet, um die Anhänger über das Live‑Set am 1966-02-13T00:00:00 zu informieren."
presidio_de_core_news_lg,3578,PRIVATE_URL,442,456,protonmail.com,overlaps_other_reference_label,EMAIL," Datum per Post an:

Jakobsleiter 20
4020 Innsbruck

Eine digitale Kopie kann zudem an MS@protonmail.com gesendet werden. Sollten Sie Probleme beim Versand haben, kontaktieren Sie bitte das Prüf"
presidio_de_core_news_lg,3584,PRIVATE_URL,503,515,tutanota.com,overlaps_other_reference_label,EMAIL,"tenvertretung wenden, die unter der Telefonnummer 0143-016.258 3620 oder per E‑Mail an CC@tutanota.com erreichbar ist. Ihre persönlichen Daten, darunter Ihre 45229463 und ggf. Ihre H30XBN35O9,"
presidio_de_core_news_lg,3585,PRIVATE_URL,206,215,yahoo.com,overlaps_other_reference_label,EMAIL,bruck abhalten. Bitte bestätigen Sie Ihre Teilnahme bis zum Dezember/12 per E‑Mail an AHN@yahoo.com und geben Sie Ihre 5517 380704 an. Wir benötigen zudem Informationen zu Ihrem Bildungshin
presidio_de_core_news_lg,3586,PRIVATE_URL,100,114,protonmail.com,overlaps_other_reference_label,EMAIL,"Unternehmen einzubeziehen, wird ein Netzwerk aus 21-jährigen Innovatoren per E‑Mail (LC20@protonmail.com) und Telefon (004326.335.0862) koordiniert. Die Teilnahme erfordert die Vorlage eines gül"
presidio_de_core_news_lg,3588,PRIVATE_URL,390,401,hotmail.com,overlaps_other_reference_label,EMAIL,"Moosstraße 17, 6161 Innsbruck Saggen Saggen und wird zum Versand der Bestätigung an 14TCS@hotmail.com verwendet. Für Rückfragen steht Ihnen unser Service unter +43.315514821 zur Verfügung."
presidio_de_core_news_lg,3589,PRIVATE_URL,317,328,outlook.com,overlaps_other_reference_label,EMAIL,"meine Unterstützung an. Gleichzeitig informierte ich die betroffene Person per nurpetzman@outlook.com über das Geschehene und bat um Rückmeldung, während ich meine Kontaktnummer +43.74.728.19"
presidio_de_core_news_lg,3590,PRIVATE_URL,338,349,hotmail.com,overlaps_other_reference_label,EMAIL,le Veröffentlichungen erforderlich ist. Alle rechtlichen Dokumente werden per E‑Mail an J@hotmail.com gesendet. Die Einhaltung der Datenschutz‑Bestimmungen wird regelmäßig vom Team überprüft.
presidio_de_core_news_lg,3591,PRIVATE_URL,628,640,tutanota.com,overlaps_other_reference_label,EMAIL," Jahre) und ‚Kultureller Hintergrund‘ und geben Sie Feedback bis zum 4. Januar 1960 an DT@tutanota.com. 
Ihr Input ist entscheidend, damit wir ein Arbeitsumfeld schaffen, in dem jede*r sich si"
presidio_de_core_news_lg,3592,PRIVATE_URL,255,266,outlook.com,overlaps_other_reference_label,EMAIL,en Sie die vorgeschlagenen Mediationsstufen und senden Sie Ihr Feedback an vithumicciullo@outlook.com.
presidio_de_core_news_lg,3593,PRIVATE_URL,328,342,protonmail.com,overlaps_other_reference_label,EMAIL,"ung erfolgt innerhalb von sieben Tagen, und Sie erhalten eine Bestätigungs‑E‑Mail an 40MV@protonmail.com sowie eine Rechnung per Post an Bahnhofstraße 31, 6020 Salzburg Liefering Liefering."
presidio_de_core_news_lg,3597,PRIVATE_URL,110,124,protonmail.com,overlaps_other_reference_label,EMAIL,e Versicherungsnachweise (Versicherungsnummer: 8012 631122) bis zum 21. April 1977 an I30@protonmail.com.
presidio_de_core_news_lg,3601,PRIVATE_URL,326,335,yahoo.com,overlaps_other_reference_label,EMAIL,"01-14T00:00:00. Bitte aktualisieren Sie meine Kontaktdaten, insbesondere die E‑Mail 1972H@yahoo.com und die Telefonnummer +43-05 580 8328, damit wir das neue Trainingsprogramm in Linz koord"
presidio_de_core_news_lg,3604,PRIVATE_URL,252,261,gmail.com,overlaps_other_reference_label,EMAIL,"d das kommende Projekt ankündigt; die Leser werden gebeten, Fragen per E‑Mail an ssotirou@gmail.com zu richten und ggf. ihre Zustimmung zum neuen Finanzierungsplan über das bereitgestellte "
presidio_de_core_news_lg,3606,PRIVATE_URL,85,96,hotmail.com,overlaps_other_reference_label,EMAIL,"Bitte teilen Sie Ihre Meinung zur Asynchron‑Kommunikation per Umfrage (Link im 1957H@hotmail.com) bis zum Januar 7., 1978 mit."
presidio_de_core_news_lg,3610,PRIVATE_URL,562,571,gmail.com,overlaps_other_reference_label,EMAIL,"l (Tax-ID: 76-8666659).
- Einrichtung eines Kommunikationskanals via E‑Mail: akshlörinczi@gmail.com.
- Aktualisierung des Risiko‑Registers bis zum 18. August 1976."
presidio_de_core_news_lg,3611,PRIVATE_URL,194,205,outlook.com,overlaps_other_reference_label,EMAIL," kommenden Monat. Bitte bestätigen Sie die Angaben unter Ihrer E‑Mail‑Adresse kürsborodin@outlook.com bis zum 12. Januar 1952. Wir haben Ihr Alter von 86 Jahren berücksichtigt, um passende An"
presidio_de_core_news_lg,3612,PRIVATE_URL,127,138,outlook.com,overlaps_other_reference_label,EMAIL,"va erhält zusätzlich einen Bonus von 5 % auf jede Buchung, wenn die Kund*innen das Feld K@outlook.com im Online‑Formular ausfüllen."
presidio_de_core_news_lg,3613,PRIVATE_URL,339,348,gmail.com,overlaps_other_reference_label,EMAIL,"irinathan Bontoulgou, und dokumentierte seine Lernfortschritte per E‑Mail an seyideghighi@gmail.com. Zur Bewertung des Lernerfolgs wird ein Bericht mit persönlichen Daten wie Geburtsdatum D"
presidio_de_core_news_lg,3616,PRIVATE_URL,383,394,hotmail.com,overlaps_other_reference_label,EMAIL,"nissen in den Datensätzen. Bitte senden Sie uns weitere Details zu Ihrer Kontaktemail HMG@hotmail.com und Ihrer Telefonnummer +00 101 046.6620, damit wir die Analyse vertiefen können. Die Unt"
presidio_de_core_news_lg,3625,PRIVATE_URL,280,292,tutanota.com,overlaps_other_reference_label,EMAIL," Sex: F
Adresse: Mitterweg 27, 4020 Salzburg
Telefon: +43951.150 4817  E‑Mail: dritljakes@tutanota.com
Personalausweis‑Nummer: 11936066  Führerschein‑Nummer: 5FSDUE054K
Sozialversicherungs‑Num"
presidio_de_core_news_lg,3626,PRIVATE_URL,443,455,tutanota.com,overlaps_other_reference_label,EMAIL,"werden in einer gesicherten Datenbank gespeichert, zu der Sie über Ihre E‑Mail-Adresse (T@tutanota.com) Zugang erhalten. Die Studie wird in mehreren Städten, darunter Salzburg Itzling (PLZ 602"
presidio_de_core_news_lg,3627,PRIVATE_URL,40,49,yahoo.com,overlaps_other_reference_label,EMAIL,"King Camões Bajfus Gribble (mailto: TES@yahoo.com): ""Hey Team, ich wollte sicherstellen, dass alle ihre Unterlagen bis zum Dezember 10., 19"
presidio_de_core_news_lg,3628,PRIVATE_URL,29,38,yahoo.com,overlaps_other_reference_label,EMAIL,"Frau Vilma Bodo Lahbachi (<N@yahoo.com>)
Subject: Trade‑Analytics Dashboard Update – Action Required
Date: 29. Januar 1938

Dear"
presidio_de_core_news_lg,3629,PRIVATE_URL,56,70,protonmail.com,overlaps_other_reference_label,EMAIL,Bitte senden Sie Ihre Rückmeldung bis zum April/40 an W@protonmail.com; für die Transportlogistik benötigen wir außerdem Ihre 972VQD60Z6 zur Validierung der Gen
presidio_de_core_news_lg,3630,PRIVATE_URL,800,812,tutanota.com,overlaps_other_reference_label,EMAIL,". Für Rückfragen erreichen Sie mich jederzeit unter 034.8381520  oder per E‑Mail an 1956G@tutanota.com.

Vielen Dank im Voraus und beste Grüße,
Umberta Utharalingam"
presidio_de_core_news_lg,3631,PRIVATE_URL,1077,1089,tutanota.com,overlaps_other_reference_label,EMAIL,ung für die Feldbegehung am Januar/53 und Versand der Unterlagen an die E‑Mail-Adresse EL@tutanota.com.
presidio_de_core_news_lg,3632,PRIVATE_URL,642,653,outlook.com,overlaps_other_reference_label,EMAIL,"el.“
Zum Abschluss gibt er/sie seine/ihre Kontaktdaten für Interessierte weiter: E‑Mail J@outlook.com, Telefon 00239-630-568-9949."
presidio_de_core_news_lg,3634,PRIVATE_URL,153,164,hotmail.com,overlaps_other_reference_label,EMAIL," 2015 in Innsbruck in den Räumen Feschnigstraße 11. Die Anwesenden, erreichbar unter 30SK@hotmail.com und +439.991.702 7901, diskutierten Strategien zur Einbindung der indigenen Gemeinschaft "
presidio_de_core_news_lg,3642,PRIVATE_URL,459,468,gmail.com,overlaps_other_reference_label,EMAIL,"statistische Zwecke genutzt werden. Bitte senden Sie mir Ihre Rückmeldung per E‑Mail an D@gmail.com oder rufen Sie mich unter +43-33-066 0674 an, damit wir die Datenschutz‑Einwilligungen re"
presidio_de_core_news_lg,3643,PRIVATE_URL,825,836,outlook.com,overlaps_other_reference_label,EMAIL,"liche Belastung: _________ €

Bitte unterschreiben Sie den Antrag und senden Sie ihn an G@outlook.com oder per Post an:
Andrä-Blüml-Straße 53
4020 Wien

Datum: März 18., 2021
Unterschrift: __"
presidio_de_core_news_lg,3643,PRIVATE_URL,247,254,aol.com,overlaps_other_reference_label,EMAIL,"er: 61
   • Geschlecht (biologisch): F
   • Geschlechtsidentität: Bigender
   • E‑Mail: G@aol.com
   • Telefon: 004306340 3176

2. Adresse
   • Straße & Hausnummer: Sternwartestraße 8
   "
presidio_de_core_news_lg,3650,PRIVATE_URL,252,261,gmail.com,overlaps_other_reference_label,EMAIL,"östlingberg Pöstlingberg zu besuchen; bitte bestätigen Sie Ihre Teilnahme per E‑Mail an B@gmail.com oder telefonisch unter +43.92.920 4440.
Damit wir die richtige Menge an regionalen Produk"
presidio_de_core_news_lg,3654,PRIVATE_URL,106,117,outlook.com,overlaps_other_reference_label,EMAIL,"es Tauchgangs bitten wir Ilche Xhemshir Inchaurtieta um ein kurzes Feedback, das Sie an E@outlook.com senden können. Ihr Beitrag hilft uns, zukünftige Wracktauchevents noch sicherer und effiz"
presidio_de_core_news_lg,3656,PRIVATE_URL,188,195,aol.com,overlaps_other_reference_label,EMAIL,"ir sollten die Daten bis Freitag mit dem Team teilen, am besten per E‑Mail an minetguebey@aol.com.
09:20 Roohangiz: Kannst du mir deine aktuelle Telefonnummer geben? Ich habe nur 03727.71"
presidio_de_core_news_lg,3659,PRIVATE_URL,137,144,aol.com,overlaps_other_reference_label,EMAIL," über das Aufräumen macht, schreibt er eine humorvolle Nachricht an die Elternadresse KCT@aol.com."
presidio_de_core_news_lg,3661,PRIVATE_URL,313,322,yahoo.com,overlaps_other_reference_label,EMAIL,". 6092258931333963) abgebucht, und Sie erhalten eine Bestätigung an Ihre E‑Mail‑Adresse A@yahoo.com."
presidio_de_core_news_lg,3662,PRIVATE_URL,304,313,gmail.com,overlaps_other_reference_label,EMAIL,ntlicht wird. Bitte bestätigen Sie Ihre Teilnahme bis zum 15. Mai per E‑Mail an MAPSV1964@gmail.com und teilen Sie uns Ihr Alter (47) sowie Ihr Geschlecht (Zwei-Geister) mit.
presidio_de_core_news_lg,3663,PRIVATE_URL,244,251,aol.com,overlaps_other_reference_label,EMAIL,"tem eingepflegt. Bitte bestätigen Sie die Synchronisation, indem Sie auf die E‑Mail an SH@aol.com antworten oder den Aktivierungscode 3126042154165046189 innerhalb von 48 Stunden eingeben"
presidio_de_core_news_lg,3664,PRIVATE_URL,378,392,protonmail.com,overlaps_other_reference_label,EMAIL,"ung gegen die Unendlichkeit zu setzen. Währenddessen erhalten die Außenposten über JGNA15@protonmail.com und 8179-774-3679 kryptische Warnungen, und ein geheimer Befehl mit der Kennung K6W7SHP29"
presidio_de_core_news_lg,3667,PRIVATE_URL,451,462,outlook.com,overlaps_other_reference_label,EMAIL,oftwareentwicklern und Ingenieuren. Bitte bestätigen Sie Ihre Teilnahme per E‑Mail an S65@outlook.com und teilen Sie uns Ihre Verfügbarkeit sowie etwaige Sonderwünsche (z. B. barrierefreier Z
presidio_de_core_news_lg,3668,PRIVATE_URL,555,564,gmail.com,overlaps_other_reference_label,EMAIL,"lnehmer ihre 58 Jahre, ihr Geschlecht (F), sowie ihre Kontaktdaten (014329800 6577 und NB@gmail.com) angeben müssen."
presidio_de_core_news_lg,3669,PRIVATE_URL,257,269,tutanota.com,overlaps_other_reference_label,EMAIL,"te senden Sie Ihre aktualisierte 70906185 sowie Ihre P6841938 bis zum Juli 24., 1945 an A@tutanota.com. Für Rückfragen erreichen Sie uns unter 00328-94094  oder besuchen Sie das Büro in der Un"
presidio_de_core_news_lg,3673,PRIVATE_URL,420,429,gmail.com,overlaps_other_reference_label,EMAIL,Für Rückfragen stehen Ihnen die Koordinatorinnen unter 040-131-1797 oder per E‑Mail an MR@gmail.com zur Verfügung. Wir danken Ihnen für Ihr Engagement und Ihre Unterstützung.
presidio_de_core_news_lg,3675,PRIVATE_URL,236,250,protonmail.com,overlaps_other_reference_label,EMAIL,"u Sidi Argote und die Senator Marianna Panoudis, versenden Einladungen per E‑Mail an BQ52@protonmail.com und informieren die Besucher telefonisch über +43-42.038 4485. Teilnehmer sollen ihr D884"
presidio_de_core_news_lg,3676,PRIVATE_URL,394,406,tutanota.com,overlaps_other_reference_label,EMAIL,"inz statt.
Bitte bestätigen Sie Ihre Teilnahme bis spätestens 24/09/1982 per E‑Mail an HC@tutanota.com.
Sollten Sie Fragen haben, stehen wir Ihnen unter der Telefonnummer +438-690-302-2631 zur"
presidio_de_core_news_lg,3677,PRIVATE_URL,229,238,gmail.com,overlaps_other_reference_label,EMAIL,"Sie, ob die angegebene Adresse korrekt ist, und melden Sie eventuelle Änderungen an K1973@gmail.com.
Zusätzlich benötigen wir Ihr Einverständnis zur Nutzung von Firmenparkplätzen, hierfür i"
presidio_de_core_news_lg,3678,PRIVATE_URL,533,545,tutanota.com,overlaps_other_reference_label,EMAIL,estätigen Sie den Termin per Telefon unter +23 52-380-9812 oder per E‑Mail an svon martin@tutanota.com.
presidio_de_core_news_lg,3679,PRIVATE_URL,263,272,gmail.com,overlaps_other_reference_label,EMAIL,hr statt. Der Zugangscode lautet USBHH2PTIH und wird Ihnen vor dem Termin per E‑Mail an L@gmail.com zugesandt.
presidio_de_core_news_lg,3680,PRIVATE_URL,312,321,yahoo.com,overlaps_other_reference_label,EMAIL,", wiederaufgeforstetes Holz nutzen. Bitte senden Sie mir Ihre Bestätigung per E‑Mail an R@yahoo.com oder rufen Sie mich unter +43936.097.0766 an, damit wir Ihren Beitrag koordinieren können"
presidio_de_core_news_lg,3682,PRIVATE_URL,350,361,outlook.com,overlaps_other_reference_label,EMAIL,: 6161) zu erreichen. Bitte senden Sie uns Ihre Ideen und mögliche Bildmaterialien an CKM@outlook.com bis zum 15. des Monats. Für die statistische Auswertung benötigen wir außerdem Ihre Sozia
presidio_de_core_news_lg,3683,PRIVATE_URL,134,145,hotmail.com,overlaps_other_reference_label,EMAIL,"
1. Persönliche Daten: Vor‑ und Nachname: Near Charles-Henri Tames
   E‑Mail‑Adresse: RAA@hotmail.com
2. Identitätsnachweis: Bitte geben Sie Ihre Ausweisnummer an (00140283) und, falls vorhan"
presidio_de_core_news_lg,3684,PRIVATE_URL,125,134,gmail.com,overlaps_other_reference_label,EMAIL,"bruar/60

Teilnehmer*innen: Meist Méric Bordoloi, Aljbulena Purushoththaman (E‑Mail: JB20@gmail.com), weitere Mitglieder (siehe Unterlagen). Die Sitzung begann um 14:30 Uhr und behandelte f"
presidio_de_core_news_lg,3685,PRIVATE_URL,231,245,protonmail.com,overlaps_other_reference_label,EMAIL,40 % und wird von unserem Team unter der Leitung von Felisia François-Poncet (E‑Mail: 19V@protonmail.com) überwacht.
presidio_de_core_news_lg,3686,PRIVATE_URL,167,178,hotmail.com,overlaps_other_reference_label,EMAIL,"quarien‑Gravel‑ und Sandoptionen vorstellen zu dürfen; bitte senden Sie Ihre Auswahl an M@hotmail.com oder rufen Sie uns unter +42 49-915-0084 an, damit wir das passende Substrat für Ihr Aqua"
presidio_de_core_news_lg,3687,PRIVATE_URL,51,60,gmail.com,overlaps_other_reference_label,EMAIL,"Sen Elyssia Mcglohorn Hajam schreibt an shamatzelt@gmail.com bezüglich einer grenzüberschreitenden Zuwendungsvereinbarung, die am Oktober 27., 2005 in"
presidio_de_core_news_lg,3688,PRIVATE_URL,519,533,protonmail.com,overlaps_other_reference_label,EMAIL,senden Sie die genannten Dokumente bis spätestens 02/02/1996 an die E‑Mail‑Adresse SADY71@protonmail.com oder kontaktieren Sie uns telefonisch unter 0043.92-094.8669. Sollten Sie die Unterlagen 
presidio_de_core_news_lg,3690,PRIVATE_URL,123,132,gmail.com,overlaps_other_reference_label,EMAIL,"itte beachten Sie, dass ich Ihnen meine Kontaktdaten per E‑Mail zukommen lasse: siypakzat@gmail.com. Mein Reisepass, die Nummer H0494371, ist noch gültig, sodass ich jederzeit für internati"
presidio_de_core_news_lg,3693,PRIVATE_URL,980,986,St.Pet,overlaps_other_reference_label,CITY,"rfügung.

Mit freundlichen Grüßen,
Dr Liru Mayya Riesen-Nydegger
Mönchsberg 207
6020 Linz St.Peter
Geburtsdatum: 17/04/1998 (Alter: 45 Jahre, Geschlecht: F)"
presidio_de_core_news_lg,3693,PRIVATE_URL,696,710,protonmail.com,overlaps_other_reference_label,EMAIL,"e Dokumente bis spätestens 9. Dezember 1984 an meine geschäftliche E‑Mailadresse marbialy@protonmail.com oder teilen Sie mir mit, falls Sie eine gesicherte Übertragung über unser Firmenportal be"
presidio_de_core_news_lg,3695,PRIVATE_URL,60,74,protonmail.com,overlaps_other_reference_label,EMAIL,"Der Leitfaden, erstellt von Prof Havise Beza (E‑Mail: D1950@protonmail.com), empfiehlt die Verwendung von barrierefreien Formaten und berücksichtigt sowohl das biol"
presidio_de_core_news_lg,3697,PRIVATE_URL,119,131,tutanota.com,overlaps_other_reference_label,EMAIL,hre Anfrage zum ganzheitlichen Gartendesign. Bitte senden Sie Ihren 98252089 und Ihre S94@tutanota.com.
presidio_de_core_news_lg,3700,PRIVATE_URL,199,208,gmail.com,overlaps_other_reference_label,EMAIL,"isch): M
Geschlecht (identifiziert): Nicht-binär
Kontakt‑Telefon: +98 514115736
E‑Mail: D@gmail.com"
presidio_de_core_news_lg,3704,PRIVATE_URL,220,232,tutanota.com,overlaps_other_reference_label,EMAIL,"n mitteilen, dass wir ein spezielles Coaching‑Programm anbieten, das per E‑Mail an jricha@tutanota.com und telefonisch unter 06367.330930 koordiniert wird. Zusätzlich wird die steuerliche Iden"
presidio_de_core_news_lg,3707,PRIVATE_URL,927,938,hotmail.com,overlaps_other_reference_label,EMAIL,"m Compliance‑Risiken zu minimieren. Außerdem wird empfohlen, das Feedback per E‑Mail an Z@hotmail.com zu sammeln und in die nächste Strategie‑Runde einzubeziehen.
Anlagen: Tabelle A (Detailan"
presidio_de_core_news_lg,3710,PRIVATE_URL,248,257,gmail.com,overlaps_other_reference_label,EMAIL,"nz Hafenviertel begrüßen zu dürfen. Bitte bestätigen Sie Ihre Teilnahme per E‑Mail an 16T@gmail.com.
Beste Grüße,
Team Weiterbildung"
presidio_de_core_news_lg,3711,PRIVATE_URL,356,365,gmail.com,overlaps_other_reference_label,EMAIL,"stadt
8. Steuer‑ID: 59-9043845
Bitte das ausgefüllte Formular bis zum 11. Mai 1968 an 77A@gmail.com zurücksenden."
presidio_de_core_news_lg,3711,PRIVATE_URL,167,176,gmail.com,overlaps_other_reference_label,EMAIL,"ty
2. Geburtsdatum: 27/01/2015
3. Alter: 71
4. Geschlecht: Geschlechtsfluid
5. E‑Mail: MK@gmail.com
6. Telefon: +48-209901763
7. Adresse: 3596 Duschanbegasse, 4040 Wien Leopoldstadt Leopold"
presidio_de_core_news_lg,3713,PRIVATE_URL,61,73,tutanota.com,overlaps_other_reference_label,EMAIL,"Bitte lassen Sie uns Ihre Kontaktdaten zukommen – E‑Mail (LZ@tutanota.com), Telefon (0298-47756483), Geburtsdatum (4. September 1987), Sozialversicherungsnummer (4"
presidio_de_core_news_lg,3717,PRIVATE_URL,50,64,protonmail.com,overlaps_other_reference_label,EMAIL,"Bitte senden Sie Ihre Zugangsdaten, inklusive F96@protonmail.com und 05893 121740, bis spätestens 17/11/1954 an unser Support‑Team, damit wir Ihnen einen "
presidio_de_core_news_lg,3718,PRIVATE_URL,232,241,yahoo.com,overlaps_other_reference_label,EMAIL, in Innsbruck Innenstadt stattfindet. Bitte bestätigen Sie Ihre Teilnahme per E‑Mail an E@yahoo.com oder telefonisch unter 0222.10889276; die Ausstellung wird von interaktiven Skulpturen un
presidio_de_core_news_lg,3720,PRIVATE_URL,210,221,hotmail.com,overlaps_other_reference_label,EMAIL," M
Adresse: Adele-Obermayr-Straße 91, 6020 Linz Römerberg Römerberg
Kontakt‑E‑Mail: NAYSD@hotmail.com
Telefon: +43994.507.8649
Art des Tiers: __________
Datum der Begegnung: Mai/93
Kurzbeschr"
presidio_de_core_news_lg,3724,PRIVATE_URL,558,569,outlook.com,overlaps_other_reference_label,EMAIL,"e 64973065635785690 (nur die letzten vier Ziffern für die Verifizierung), Ihre aktuelle L@outlook.com und Ihre 11/09/1963 (für das Vertragsdatum). Darüber hinaus benötigen wir Ihre aktuelle 1"
presidio_de_core_news_lg,3725,PRIVATE_URL,187,196,yahoo.com,overlaps_other_reference_label,EMAIL,"41 verfügbar bleibt; kontaktieren Sie uns bitte unter 0478.88169448 oder per E‑Mail (MCMT@yahoo.com), falls Sie Fragen zu Ihrem AJFPLJVMI0 oder Ihrem Sozialversicherungscode (5282 710226) h"
presidio_de_core_news_lg,3726,PRIVATE_URL,329,340,hotmail.com,overlaps_other_reference_label,EMAIL," Dienste von Prof Shasivar Chmielecka Aparecido zur Verfügung, die Sie per E‑Mail unter L@hotmail.com kontaktieren können. Bitte beachten Sie, dass für die Reservierung ein gültiger P4349447 "
presidio_de_core_news_lg,3730,PRIVATE_URL,633,644,hotmail.com,overlaps_other_reference_label,EMAIL,"lplatzweg 45, 5020 Linz Römerberg Römerberg; Telefon: (146)-7664431; E‑Mail: thadshiseppo@hotmail.com. Ich bestätige, dass alle Angaben nach bestem Wissen und Gewissen gemacht wurden und erla"
presidio_de_core_news_lg,3731,PRIVATE_URL,182,189,aol.com,overlaps_other_reference_label,EMAIL,"im Alter von 84 Jahren, einige Tipps zur Optimierung Ihrer Ernährung per E‑Mail an 2011SA@aol.com zukommen lassen; unser nächster Info‑Workshop findet am 31. März 1969 in Salzburg Salzbur"
presidio_de_core_news_lg,3732,PRIVATE_URL,411,422,hotmail.com,overlaps_other_reference_label,EMAIL,"Haarausfall zu reduzieren. Bitte senden Sie Ihren 13070644 sowie ein aktuelles Foto an CD@hotmail.com, damit wir die optimale Dosierung für Sie bestimmen können. Falls Sie Fragen haben, errei"
presidio_de_core_news_lg,3738,PRIVATE_URL,96,113,trainingportal.at,url_like_without_reference,,"lastimil Vecko <1987GB@protonmail.com>
Gesendet: 06/08/1940
An: Team Trainingportal <team@trainingportal.at>
Betreff: Rückmeldung zum Role‑Specific Training – IT‑Support‑Mitarbeiter

Hallo zusammen"
presidio_de_core_news_lg,3738,PRIVATE_URL,29,43,protonmail.com,overlaps_other_reference_label,EMAIL,"Von: Vlastimil Vecko <1987GB@protonmail.com>
Gesendet: 06/08/1940
An: Team Trainingportal <team@trainingportal.at>
Betreff: Rückmeldu"
presidio_de_core_news_lg,3744,PRIVATE_URL,323,330,aol.com,overlaps_other_reference_label,EMAIL,204 970805) für die Anreise. Weitere Informationen erhalten Sie per E‑Mail an ribrowinska@aol.com.
presidio_de_core_news_lg,3746,PRIVATE_URL,217,231,protonmail.com,overlaps_other_reference_label,EMAIL," Teilnehmer erhält einen persönlichen Zugangscode, der an die E‑Mail-Adresse xilikicinski@protonmail.com gesendet wird und mit dem Namen Shardul Decman verknüpft ist.
Die Teilnehmerliste wird na"
presidio_de_core_news_lg,3747,PRIVATE_URL,539,550,outlook.com,overlaps_other_reference_label,EMAIL,"tte über die Kontaktperson Praise Dusca de Cubellis Von Zobeltitz Bönsel per E‑Mail an SJ@outlook.com mit.
Unser Support erreichen Sie montags bis freitags zwischen 9:00 und 17:00 Uhr unter ("
presidio_de_core_news_lg,3748,PRIVATE_URL,604,615,outlook.com,overlaps_other_reference_label,EMAIL,", ich habe meine Kontaktdaten bereits aktualisiert: Telefon (19) 4120 2347 und E‑Mail AMB@outlook.com.
Anupriya Curschmann-Ullmann Boutaty Stojisavlevic: Perfekt, dann können wir das ganze Pr"
presidio_de_core_news_lg,3752,PRIVATE_URL,56,67,outlook.com,overlaps_other_reference_label,EMAIL,"Bitte senden Sie Ihre Kontaktdaten, einschließlich SROS@outlook.com und 047.8010-3650, damit wir Sie über kommende Veranstaltungen informieren können."
presidio_de_core_news_lg,3753,PRIVATE_URL,66,77,hotmail.com,overlaps_other_reference_label,EMAIL,"Ein Forschungspapier, das von Srebrenko Djeri (Kontakt: guncakici@hotmail.com) eingereicht wurde, analysiert Daten von über 10.000 Haushalten. Die Ergebnisse zeigen, d"
presidio_de_core_news_lg,3754,PRIVATE_URL,432,446,protonmail.com,overlaps_other_reference_label,EMAIL,"stattfinden, Postleitzahl 4040. Bitte bestätigen Sie Ihre Anwesenheit per E‑Mail an IDSDZ@protonmail.com oder telefonisch unter 0043-763605743 bis zum 28. November 2009."
presidio_de_core_news_lg,3757,PRIVATE_URL,215,227,tutanota.com,overlaps_other_reference_label,EMAIL,"beantworten Sie kurz mit einer Skala von 1‑5 und hinterlassen Sie optional Ihre E‑Mail (D@tutanota.com), damit wir Ihnen ein Zertifikat senden können. Ihr Feedback hilft uns, das Angebot zu ve"
presidio_de_core_news_lg,3758,PRIVATE_URL,141,155,protonmail.com,overlaps_other_reference_label,EMAIL," für Print‑ und Digital‑Medien‑Mitarbeiter
Datum: 1936-06-12T00:00:00
E‑Mail: sivagnalama@protonmail.com
Telefon: +1.76-472.9010
Referenz‑ID: 11864185"
presidio_de_core_news_lg,3760,PRIVATE_URL,99,108,yahoo.com,overlaps_other_reference_label,EMAIL,"end bitten wir Sie, das Anmeldeformular bis zum 21/04/1993 auszufüllen und an schargnotke@yahoo.com zurückzusenden; dabei geben Sie bitte Ihre persönlichen Daten wie Barbarina Genilloud Moe"
presidio_de_core_news_lg,3762,PRIVATE_URL,379,391,tutanota.com,overlaps_other_reference_label,EMAIL," Angaben korrekt sind. Sollten Unstimmigkeiten auftreten, kontaktieren Sie bitte sofort P@tutanota.com oder rufen Sie die Nummer +431-531.087-3595 an, damit wir eine schnelle Korrektur vornehm"
presidio_de_core_news_lg,3764,PRIVATE_URL,533,542,gmail.com,overlaps_other_reference_label,EMAIL,"n Kreditkartennummer (6298427358673648) angegeben, während die Kontaktdaten per E‑Mail (S@gmail.com) und Telefon (+438-546 001-0264) hinterlegt wurden. Insgesamt bewertet Azahel das Trainin"
presidio_de_core_news_lg,3765,PRIVATE_URL,472,483,outlook.com,overlaps_other_reference_label,EMAIL," die Vorauszahlung. Bitte bestätigen Sie den Erhalt dieser Unterlagen per E‑Mail an AIG04@outlook.com und geben Sie an, ob Sie zusätzliche Einwilligungen für die Weitergabe Ihrer Zahnaufnahme"
presidio_de_core_news_lg,3766,PRIVATE_URL,420,429,gmail.com,overlaps_other_reference_label,EMAIL,"ummer 8267 700731 und Steueridentifikationsnummer 34-1136356 sowie meine E‑Mail-Adresse J@gmail.com zu verarbeiten. Die Studie wird vom Hauptsitz in der Industriezeile 2464, 6080 Linz Marka"
presidio_de_core_news_lg,3769,PRIVATE_URL,97,104,aol.com,overlaps_other_reference_label,EMAIL,"ehrte/r Assistent Edonis Kallala bittet Sie, bis zum 22/12/1959 eine Rückmeldung an 1942A@aol.com zu senden."
presidio_de_core_news_lg,3771,PRIVATE_URL,275,286,outlook.com,overlaps_other_reference_label,EMAIL, wird. Für Rückfragen steht Ihnen unser Team unter 014.969-6428 oder per E‑Mail an 1972LS@outlook.com zur Verfügung.
presidio_de_core_news_lg,3773,PRIVATE_URL,95,107,tutanota.com,overlaps_other_reference_label,EMAIL," Sie Fragen haben, können Sie sich direkt an unseren Kundenservice wenden, der unter 05ND@tutanota.com erreichbar ist oder per Fax an die Nummer 4J044VZIX2 (nur als Beispiel). Wir freuen uns d"
presidio_de_core_news_lg,3774,PRIVATE_URL,294,305,outlook.com,overlaps_other_reference_label,EMAIL, kontaktieren Sie die Tierklinik per Telefon unter 0113-47.372-1318 oder per E‑Mail an KC@outlook.com.
presidio_de_core_news_lg,3776,PRIVATE_URL,445,454,gmail.com,overlaps_other_reference_label,EMAIL,"647267 / 6273 590124
Bitte senden Sie das ausgefüllte Dokument bis zum Februar/75 an MA13@gmail.com."
presidio_de_core_news_lg,3780,PRIVATE_URL,377,386,yahoo.com,overlaps_other_reference_label,EMAIL,und dem App‑Store lukrativ sein kann. Für Rückfragen erreichen Sie ihn per E‑Mail unter J@yahoo.com oder telefonisch unter 039 131.0198.
presidio_de_core_news_lg,3782,PRIVATE_URL,275,287,tutanota.com,overlaps_other_reference_label,EMAIL,"offhaltiges Mittagessen zu wählen. Bitte bestätigen Sie Ihre Teilnahme per E‑Mail an KJ15@tutanota.com oder rufen Sie mich unter +314.123 630 4476 an, damit wir die optimale Kalorienzufuhr für"
presidio_de_core_news_lg,3786,PRIVATE_URL,81,93,tutanota.com,overlaps_other_reference_label,EMAIL,"Sollten Sie Ihr Profil aktualisieren wollen, senden Sie bitte ein Formular an AD@tutanota.com mit Ihrer neuen Adresse und Kontaktdaten. Wir bestätigen die Änderung innerhalb von 48 St"
presidio_de_core_news_lg,3787,PRIVATE_URL,1042,1053,outlook.com,overlaps_other_reference_label,EMAIL,lanen. Für Rückfragen steht das Team unter der Nummer 04.26.51-18-66 oder per E‑Mail an D@outlook.com bereit. Der abschließende Bericht wird bis zum 1980-01-19T00:00:00 veröffentlicht.
presidio_de_core_news_lg,3789,PRIVATE_URL,288,295,aol.com,overlaps_other_reference_label,EMAIL,"ertung (1‑5): ______
Bitte senden Sie das ausgefüllte Formular per E‑Mail an hafzbontemps@aol.com bis zum Januar 9., 2026."
presidio_de_core_news_lg,3791,PRIVATE_URL,96,110,protonmail.com,overlaps_other_reference_label,EMAIL,"rlauf:
Tamana Aiping: ""Könntest du mir bitte deine Kontaktdaten senden?""
05AP@aol.com: ""H@protonmail.com""
+431 494.216-0927: ""+2493177 9901"""
presidio_de_core_news_lg,3791,PRIVATE_URL,84,91,aol.com,overlaps_other_reference_label,EMAIL,"Chatverlauf:
Tamana Aiping: ""Könntest du mir bitte deine Kontaktdaten senden?""
05AP@aol.com: ""H@protonmail.com""
+431 494.216-0927: ""+2493177 9901"""
presidio_de_core_news_lg,3794,PRIVATE_URL,933,944,hotmail.com,overlaps_other_reference_label,EMAIL,Sicheri Smailbegovic Schifferer unter der Nummer 00437 418 754.8902 oder per E‑Mail an AC@hotmail.com jederzeit zur Verfügung.
presidio_de_core_news_lg,3795,PRIVATE_URL,952,959,aol.com,overlaps_other_reference_label,EMAIL,"en, Ihr Einfühlungsvermögen nachhaltig stärken und freuen uns auf Ihre Rückmeldung an SGS@aol.com oder telefonisch unter 055 593 8994."
presidio_de_core_news_lg,3800,PRIVATE_URL,365,372,aol.com,overlaps_other_reference_label,EMAIL,er Form gespeichert. Bei Fragen wenden Sie sich an die Personalabteilung per E‑Mail an SV@aol.com oder telefonisch unter 089.516.7185.
presidio_de_core_news_lg,3801,PRIVATE_URL,94,103,yahoo.com,overlaps_other_reference_label,EMAIL,"o Fanchette Lucicleide, willkommen in der Traveler Support Group! Bitte teilen Sie Ihre N@yahoo.com und Ihre Stadt Salzburg, damit wir Ihnen lokale Tipps schicken können."
presidio_de_core_news_lg,3802,PRIVATE_URL,268,282,protonmail.com,overlaps_other_reference_label,EMAIL,te credit account ending in 4428069230053. Please confirm receipt by replying to jcastell@protonmail.com or calling 5553.975-5670 before the end of the fiscal quarter.
presidio_de_core_news_lg,3803,PRIVATE_URL,392,399,aol.com,overlaps_other_reference_label,EMAIL,"2 to avoid late‑fee penalties, and any questions can be directed to our finance desk at K@aol.com or via fax at +43 28888-6407."
presidio_de_core_news_lg,3805,PRIVATE_URL,284,295,hotmail.com,overlaps_other_reference_label,EMAIL,g der 9AEYQIFI2P erforderlich sein. Bitte senden Sie Ihre aktualisierten Unterlagen an NE@hotmail.com.'
presidio_de_core_news_lg,3808,PRIVATE_URL,267,281,protonmail.com,overlaps_other_reference_label,EMAIL,"r: 57
6. Geschlecht (Sex): Männlich
7. Gender‑Identität: Nicht-binär
8. E‑Mail-Adresse: L@protonmail.com
9. Telefonnummer: +43 62-745.8123
10. Anschrift: Doktor-Adolf-Altmann-Straße 370, 5020 In"
presidio_de_core_news_lg,3808,PRIVATE_URL,656,668,tutanota.com,overlaps_other_reference_label,EMAIL,"itte prüfen Sie die Angaben sorgfältig und senden Sie das ausgefüllte Formular an 1975YLG@tutanota.com bis zum September 16., 1961."
presidio_de_core_news_lg,3809,PRIVATE_URL,78,87,yahoo.com,overlaps_other_reference_label,EMAIL,"Hallo Durk, dein Partner Yllzon Yenot hat das Anmeldeformular per E‑Mail an S@yahoo.com gesendet; wir benötigen noch dein Geburtsdatum (21. März 2003) und deine Telefonnummer (0"
presidio_de_core_news_lg,3810,PRIVATE_URL,48,62,protonmail.com,overlaps_other_reference_label,EMAIL,"Bitte senden Sie Ihre Kontaktdaten – E‑Mail: LA@protonmail.com, Telefon: 015 86-421 1600 – an das Global‑Village‑Team, um das Badge‑Programm zu aktivier"
presidio_de_core_news_lg,3815,PRIVATE_URL,232,239,aol.com,overlaps_other_reference_label,EMAIL,"er die neue Steuerungssoftware informiert. Ihre Kommunikation erfolgt per E‑Mail an 1965P@aol.com und, falls nötig, über das Mobiltelefon 0007-03944-1411. Für die Finanzabteilung ist zude"
presidio_de_core_news_lg,3816,PRIVATE_URL,215,224,yahoo.com,overlaps_other_reference_label,EMAIL," Fragen zu Ihrer Rechnung haben, wenden Sie sich bitte an unseren Kundenservice unter PHA@yahoo.com oder rufen Sie +4334.252.3151 an. Unsere Steueridentifikationsnummer lautet 87-0253531, d"
presidio_de_core_news_lg,3817,PRIVATE_URL,287,294,aol.com,overlaps_other_reference_label,EMAIL,"y Davyd Lijouom (Geburtsdatum : 2010-08-26T00:00:00, Alter : 36) per E‑Mail an gomvaz bar@aol.com oder telefonisch unter (56) 1396-3962.  Die Einreichung sollte die Standortangaben (Wien "
presidio_de_core_news_lg,3819,PRIVATE_URL,556,563,aol.com,overlaps_other_reference_label,EMAIL,n wenden Sie sich an unseren Kundenservice unter 0224 71037788 oder per E‑Mail an SJN1956@aol.com; unser Team steht Ihnen rund um die Uhr zur Verfügung.
presidio_de_core_news_lg,3822,PRIVATE_URL,288,297,yahoo.com,overlaps_other_reference_label,EMAIL,"m.
Falls du Fragen hast, melde dich unter der Hotline 0159.36962.0177 oder schreibe an TI@yahoo.com; dein Feedback wird anonym ausgewertet."
presidio_de_core_news_lg,3823,PRIVATE_URL,225,239,protonmail.com,overlaps_other_reference_label,EMAIL,hes to immersive 3D prototypes by 31/07/2008; please confirm your attendance via gricchio@protonmail.com or call 00366.74862 .
presidio_de_core_news_lg,3828,PRIVATE_URL,280,294,protonmail.com,overlaps_other_reference_label,EMAIL,"lter: 60
6. Geschlecht (biologisch): O
7. Geschlechtsidentität: Bigender
8. E‑Mail: HVBBD@protonmail.com
9. Telefon: 00430 400-520.3573
10. Anschrift: Adam-Müller-Guttenbrunn-Straße 3, 8010 Salz"
presidio_de_core_news_lg,3828,PRIVATE_URL,627,638,hotmail.com,overlaps_other_reference_label,EMAIL,"‑Nr.: Z7479670

Bitte senden Sie das ausgefüllte Formular bis zum September/61 an sevilja@hotmail.com zurück."
presidio_de_core_news_lg,3830,PRIVATE_URL,213,224,hotmail.com,overlaps_other_reference_label,EMAIL,viduellen Karrierezielen in Einklang zu bringen; bei Fragen wenden Sie sich bitte an 21BR@hotmail.com oder rufen Sie 0143274.797 5530 an.
presidio_de_core_news_lg,3832,PRIVATE_URL,365,374,yahoo.com,overlaps_other_reference_label,EMAIL,ft wurde von Frau Warin Turcin Camedda verfasst und per E‑Mail an die Behörde gesendet (P@yahoo.com).
presidio_de_core_news_lg,3833,PRIVATE_URL,571,578,aol.com,overlaps_other_reference_label,EMAIL,10T00:00:00. Wir danken Ihnen für Ihre Unterstützung und stehen für Rückfragen unter NLAD@aol.com jederzeit zur Verfügung.
presidio_de_core_news_lg,3833,PRIVATE_URL,403,414,outlook.com,overlaps_other_reference_label,EMAIL," prüfen Sie die aufgeführten Daten, insbesondere die angegebenen Kontaktinformationen (BZ@outlook.com und +431-202 180.1650), und geben Sie Rückmeldung bis zum 1972-07-10T00:00:00. Wir danken"
presidio_de_core_news_lg,3834,PRIVATE_URL,245,254,gmail.com,overlaps_other_reference_label,EMAIL,"logisches Geschlecht: Männlich; Geschlechtsidentität: Transgender. Kontakt‑E‑Mail: SG1969@gmail.com; Telefon: 0089 449-661 3103. Anschrift: Universumstraße 68, 9020 Linz Harbach Harbach. Bi"
presidio_de_core_news_lg,3835,PRIVATE_URL,126,135,yahoo.com,overlaps_other_reference_label,EMAIL,"hasanova, vielen Dank für die Übermittlung Ihrer Daten. Wir haben Ihre E‑Mail-Adresse (CL@yahoo.com) und Telefonnummer (+43-98.951 1924) erfolgreich gespeichert. Ihr Alter beträgt jetzt 49 "
presidio_de_core_news_lg,3838,PRIVATE_URL,42,51,gmail.com,overlaps_other_reference_label,EMAIL,"Bitte senden Sie Ihre Rückmeldung an 24MF@gmail.com bis zum 10/02/2013, damit wir die prognostizierten Entwicklungen für das Quartal bis 12/1"
presidio_de_core_news_lg,3839,PRIVATE_URL,393,400,aol.com,overlaps_other_reference_label,EMAIL,"7202 750801

Bitte senden Sie das ausgefüllte Formular bis zum 18. Juni 2009 an vitialuna@aol.com."
presidio_de_core_news_lg,3841,PRIVATE_URL,101,112,hotmail.com,overlaps_other_reference_label,EMAIL,zum Ablauf oder zu Ihren Aufgaben kontaktieren Sie bitte unseren Support per E‑Mail an AT@hotmail.com oder rufen Sie uns unter 00456 219363 an; wir stehen Ihnen jederzeit zur Verfügung.
presidio_de_core_news_lg,3843,PRIVATE_URL,176,185,yahoo.com,overlaps_other_reference_label,EMAIL,"itzungsdauer von 3 Minuten registriert, aber du kannst sie unter deinem Profil (baraywurl@yahoo.com) anpassen. Wenn du Fragen hast, melde dich unter +54-25529 0389 oder besuche das Büro in "
presidio_de_core_news_lg,3844,PRIVATE_URL,227,239,tutanota.com,overlaps_other_reference_label,EMAIL,et. Bitte bestätigen Sie Ihre Teilnahme bis zum 1962-05-08T00:00:00 per E‑Mail an hhirche@tutanota.com und teilen Sie uns Ihr Alter (44) sowie Ihr Geschlecht (Zwei-Geister) mit. Für die Regist
presidio_de_core_news_lg,3852,PRIVATE_URL,55,66,hotmail.com,overlaps_other_reference_label,EMAIL,Bitte senden Sie Ihre Zustimmung per E‑Mail an ckardel@hotmail.com und fügen Sie Ihre Identifikationsnummer 32909483 sowie Ihre aktuelle Telefonnummer 01609
presidio_de_core_news_lg,3858,PRIVATE_URL,269,278,gmail.com,overlaps_other_reference_label,EMAIL,"tprojekt in Salzburg. Bitte senden Sie Ihre Marktanalysen bis zum Dezember 2., 2012 an KM@gmail.com."""
presidio_de_core_news_lg,3859,PRIVATE_URL,376,385,yahoo.com,overlaps_other_reference_label,EMAIL,im Innsbruck Sankt Nikolaus Sankt Nikolaus Museum; weitere Schritte werden an iurdomeisen@yahoo.com kommuniziert. Die Teilnehmerzahl umfasst sowohl Männer (F) als auch Frauen (M).
presidio_de_core_news_lg,3861,PRIVATE_URL,319,328,yahoo.com,overlaps_other_reference_label,EMAIL," 14, 6020 Linz Dornach-Auhof Dornach-Auhof; Telefon: +7 561.168-3300; E‑Mail: nahglessing@yahoo.com; Führerschein‑Nummer (falls vorhanden): TWAN7VWTB2. Bitte senden Sie das ausgefüllte Form"
presidio_de_core_news_lg,3862,PRIVATE_URL,497,506,gmail.com,overlaps_other_reference_label,EMAIL,"______ Nicht spezifiziert
7. E‑Mail für Rückfragen: _________________________ wanjarosent@gmail.com
8. Telefonnummer: _________________________________ 000-649.729-8024
9. Wunschort (Straße"
presidio_de_core_news_lg,3862,PRIVATE_URL,794,806,tutanota.com,overlaps_other_reference_label,EMAIL,"(für Formalitäten): ___________________ 60-7480262

Bitte das ausgefüllte Formular an KRG@tutanota.com senden."
presidio_de_core_news_lg,3863,PRIVATE_URL,189,203,protonmail.com,overlaps_other_reference_label,EMAIL,"m: März/73
Alter: 89 Jahre
Geschlecht: Andere / Identität: Geschlechtsfluid
E‑Mail: S1995@protonmail.com
Telefon: +43.42231 3046
Reisepassnummer: V3000847
Steuernummer (falls zutreffend): 36-481"
presidio_de_core_news_lg,3863,PRIVATE_URL,354,363,gmail.com,overlaps_other_reference_label,EMAIL,"er (falls zutreffend): 36-4815056
Bitte senden Sie das ausgefüllte Formular an saekomarth@gmail.com."
presidio_de_core_news_lg,3864,PRIVATE_URL,162,169,aol.com,overlaps_other_reference_label,EMAIL,"m Juli/09 aktiviert wurde, und bestätigen Sie die hinterlegte E‑Mail‑Adresse saubid'etern@aol.com."
presidio_de_core_news_lg,3866,PRIVATE_URL,496,508,tutanota.com,overlaps_other_reference_label,EMAIL,"den. Zusätzlich fließen Ihre Kontaktdaten – Telefon 0043-49.097 6228 und E‑Mail rapaderem@tutanota.com – in die Kommunikations‑Optimierung ein, während die Kombination aus Kreditkartennummer 4"
presidio_de_core_news_lg,3868,PRIVATE_URL,37,48,hotmail.com,overlaps_other_reference_label,EMAIL,"Bitte senden Sie Ihre Daten an ZSMVS@hotmail.com, damit wir Ihre Anfrage abschließen können. Dazu benötigen wir Ihre 54162767 sowie Ihr Ge"
presidio_de_core_news_lg,3869,PRIVATE_URL,176,185,yahoo.com,overlaps_other_reference_label,EMAIL," S0TIC0SE32 finden. Falls Sie Anmerkungen zum Layout haben, senden Sie diese bitte an 19K@yahoo.com bis spätestens 03/07/1975."
presidio_de_core_news_lg,3870,PRIVATE_URL,845,852,aol.com,overlaps_other_reference_label,EMAIL,"st genau solche Themen adressiere und meine Hörer auffordere, ihre Fragen per E‑Mail an V@aol.com zu schicken.
Ich hoffe, dass offene Kommunikation wie diese das Vertrauen wiederherstellt"
presidio_de_core_news_lg,3871,PRIVATE_URL,524,533,yahoo.com,overlaps_other_reference_label,EMAIL,"ebnisse überprüfen kann.
Sie können die Unterlagen entweder per gesicherter E‑Mail an SFG@yahoo.com schicken oder über den gesicherten Upload‑Link, den wir Ihnen per Telefon unter 0043-2085"
presidio_de_core_news_lg,3879,PRIVATE_URL,273,282,yahoo.com,overlaps_other_reference_label,EMAIL,iance-Risiken zu minimieren. Die technische Spezifikation erhalten Sie per E‑Mail an HS59@yahoo.com.
presidio_de_core_news_lg,3882,PRIVATE_URL,74,86,tutanota.com,overlaps_other_reference_label,EMAIL,"Die Umfrage, durchgeführt am Dezember/49 und koordiniert durch bolmomesso@tutanota.com, ergab, dass 68 % der Befragten die Karikatur als Bigender einordnen, während 22 % sie al"
presidio_de_core_news_lg,3883,PRIVATE_URL,482,491,gmail.com,overlaps_other_reference_label,EMAIL,"sbetrag (monatlich): _______ €

Bitte senden Sie das ausgefüllte Formular an bhupinangold@gmail.com."
presidio_de_core_news_lg,3883,PRIVATE_URL,238,249,outlook.com,overlaps_other_reference_label,EMAIL,"Geschlecht (Sex): M
6. Geschlechtsidentität (Gender): Weiblich
7. Alter: 19
8. E‑Mail: AG@outlook.com
9. Telefon: +12.15.900-2863
10. Wohnadresse: Seestraße 1151, 6020 Linz St. Magdalena
11. "
presidio_de_core_news_lg,3884,PRIVATE_URL,466,475,yahoo.com,overlaps_other_reference_label,EMAIL,"Informationen oder um eine persönliche Beratung zu vereinbaren, schreiben Sie bitte an SF@yahoo.com oder rufen Sie uns unter +43 78.029-1319 an; wir senden Ihnen gerne die Produktdetails an"
presidio_de_core_news_lg,3885,PRIVATE_URL,286,312,https://archiv.example.com,url_like_without_reference,,"ugehörige Checkliste. Zur Rückmeldung nutzen Sie bitte das Online‑Formular, das Sie unter https://archiv.example.com erreichen, oder senden Sie ein Fax von +43-982544301 an die zentrale Stelle. Die Frist fü"
presidio_de_core_news_lg,3886,PRIVATE_URL,374,383,yahoo.com,overlaps_other_reference_label,EMAIL,"bert-Sattler-Gasse 3, 4040. Sollte es Fragen geben, erreichen Sie mich per E‑Mail unter J@yahoo.com oder telefonisch unter +56 89266.3818. Zur Sicherheit füge ich auch meine Ausweisdaten (Y"
presidio_de_core_news_lg,3887,PRIVATE_URL,149,158,gmail.com,overlaps_other_reference_label,EMAIL,"n
Nachname: Krakaj Bricca
Geschlecht (Sex): F / Identität (Gender): Nicht-binär
E‑Mail: D@gmail.com
Telefon: +16.720450187
Adresse: Museumstraße 1504, 5020 Innsbruck
Geburtsdatum: Dezember "
presidio_de_core_news_lg,3888,PRIVATE_URL,184,195,outlook.com,overlaps_other_reference_label,EMAIL,"uiding Verses'. Bitte senden Sie uns Ihre vollständigen Kontaktdaten, inklusive E‑Mail (M@outlook.com), Telefonnummer (+340 72-649 8157) und aktuelle Anschrift (Kalvarienbergstraße 229, 6020 "
presidio_de_core_news_lg,3889,PRIVATE_URL,119,133,protonmail.com,overlaps_other_reference_label,EMAIL,"das beigefügte Formular bis zum Oktober 31., 1959 auszufüllen und per E‑Mail an gevinwölm@protonmail.com zurückzusenden; bei Unklarheiten stehen Ihnen unser Team (Ratomir Mandelli, Dr) gerne zur"
presidio_de_core_news_lg,3890,PRIVATE_URL,272,283,outlook.com,overlaps_other_reference_label,EMAIL,"n energieeffizient betrieben wird. Bitte senden Sie Ihre aktuelle 01317587 sowie Ihren AR@outlook.com bis zum Mai 19., 1977 an die Verwaltung, damit wir die Zugangskontrolle und das Klimasteu"
presidio_de_core_news_lg,3891,PRIVATE_URL,143,154,hotmail.com,overlaps_other_reference_label,EMAIL," Gieri Yvon aus Plain, um Ihr Ikigai zu erkunden. Bitte senden Sie Ihr Feedback an MF1949@hotmail.com bis zum 1. März 1967."
presidio_de_core_news_lg,3892,PRIVATE_URL,199,211,tutanota.com,overlaps_other_reference_label,EMAIL,"020 Salzburg Schallmoos Schallmoos; bitte bestätigen Sie Ihre Teilnahme per E‑Mail an GLv@tutanota.com oder telefonisch unter 8097-536 4650, wobei wir zusätzlich Ihr Alter (17) und Geschlecht "
presidio_de_core_news_lg,3893,PRIVATE_URL,311,322,hotmail.com,overlaps_other_reference_label,EMAIL,". Sollten sich Ihre Daten (z. B. H0293942) geändert haben, bitte umgehend per Mail an JHT@hotmail.com informieren."
presidio_de_core_news_lg,3894,PRIVATE_URL,688,697,yahoo.com,overlaps_other_reference_label,EMAIL,"te senden Sie uns Ihre Rückmeldung bis zum Juli 20., 2006 an die Kontaktadresse umbenzoni@yahoo.com oder telefonisch unter 076 188 0819."
presidio_de_core_news_lg,3895,PRIVATE_URL,34,41,aol.com,overlaps_other_reference_label,EMAIL,Bitte senden Sie Ihre aktuelle AO@aol.com sowie Ihre 3102463027979845555 für die Teilnahmegebühr bis zum 01/01/1991 an die Personal
presidio_de_core_news_lg,3896,PRIVATE_URL,324,333,gmail.com,overlaps_other_reference_label,EMAIL,"929280) für den geplanten Service‑Provider vorweisen kann, sollte das Dokument an jmcquin@gmail.com senden, damit wir die Compliance‑Prüfung abschließen können."
presidio_de_core_news_lg,3898,PRIVATE_URL,175,186,hotmail.com,overlaps_other_reference_label,EMAIL,"onale Engagement‑Programm zu entdecken. Melden Sie sich über die E‑Mail-Adresse gbenanane@hotmail.com an, um einen Platz in der Stadt Graz Gries zu sichern. Erleben Sie, wie wir gemeinsam aut"
presidio_de_core_news_lg,3901,PRIVATE_URL,115,127,tutanota.com,overlaps_other_reference_label,EMAIL,mich jederzeit unter meiner Handynummer 005942316.2190 oder per E‑Mail an elisetcardamoni@tutanota.com; ich freue mich auf eine produktive Zusammenarbeit!
presidio_de_core_news_lg,3905,PRIVATE_URL,167,176,yahoo.com,overlaps_other_reference_label,EMAIL,"Prince! Wir würden uns freuen, wenn Sie uns Ihr Feedback bis zum 1996-10-19T00:00:00 an Y@yahoo.com senden."
presidio_de_core_news_lg,3906,PRIVATE_URL,363,372,gmail.com,overlaps_other_reference_label,EMAIL,ür die notwendigen internationalen Raumfahrtgenehmigungen und senden Sie die Daten an GBL@gmail.com.
presidio_de_core_news_lg,3908,PRIVATE_URL,555,562,aol.com,overlaps_other_reference_label,EMAIL,"lten, kontaktieren Sie bitte unser Schlafzentrum unter +8327829-9691 oder per E‑Mail an G@aol.com."
presidio_de_core_news_lg,3909,PRIVATE_URL,625,634,yahoo.com,overlaps_other_reference_label,EMAIL,"ein Förderprogramm für den Kauf von energieeffizienten Geräten anbietet, das über die 14S@yahoo.com beantragt werden kann."
presidio_de_core_news_lg,3910,PRIVATE_URL,838,847,gmail.com,overlaps_other_reference_label,EMAIL,"rollieren. Wir bitten Sie, Ihre Meinung zu diesem Thema bis zum 29. September 1963 an MSZ@gmail.com zu senden oder telefonisch unter +2 76 508-7851 zu hinterlassen, damit wir ein umfassende"
presidio_de_core_news_lg,3911,PRIVATE_URL,205,214,gmail.com,overlaps_other_reference_label,EMAIL,": 64 Jahre\nGeschlecht: F / Geschlechtsidentität: Geschlechterqueer\nE‑Mail: hansöhrneman@gmail.com\nTelefon: +06 357-461 4192\nAdresse: Spitalbergweg 68, 4020 Natters\nIch bestätige, dass "
presidio_de_core_news_lg,3912,PRIVATE_URL,78,92,protonmail.com,overlaps_other_reference_label,EMAIL,Bitte senden Sie Ihren unterschriebenen Vertrag bis zum 3. Februar 1978 an RH@protonmail.com; bei Rückfragen kontaktieren Sie uns unter 007.81.012 2896.
presidio_de_core_news_lg,3914,PRIVATE_URL,639,651,tutanota.com,overlaps_other_reference_label,EMAIL,"ühr von 5489022261644477 erheben, die Sie bequem per Karte oder Überweisung an lubaxarias@tutanota.com begleichen können."
presidio_de_core_news_lg,3915,PRIVATE_URL,524,533,yahoo.com,overlaps_other_reference_label,EMAIL," eventuelle Proberaum‑Gebühr hinzu. Das ausgefüllte Formular senden Sie bitte an maridjor@yahoo.com bis spätestens Januar 26., 2010."
presidio_de_core_news_lg,3918,PRIVATE_URL,109,121,tutanota.com,overlaps_other_reference_label,EMAIL,"mular: Name: Gurgen Duri; Geburtsdatum: 1994-04-20T00:00:00; Alter: 74; Kontakt: E‑Mail I@tutanota.com; Telefon: +35.04 558 3008; Adresse: Röcklbrunnstraße 42, 8020 Graz Jakomini Jakomini."
presidio_de_core_news_lg,3921,PRIVATE_URL,513,524,hotmail.com,overlaps_other_reference_label,EMAIL,"die Mäkinen Danfá verwaltet wird.
Bitte bestätigen Sie Ihre Teilnahme per E‑Mail an 1961S@hotmail.com und geben Sie Ihr Alter (14) sowie Ihr Geschlecht (Zwei-Geister) an.
Alle Materialien wer"
presidio_de_core_news_lg,3927,PRIVATE_URL,333,344,hotmail.com,overlaps_other_reference_label,EMAIL,ter (32) und Ihr Geschlecht (Weiblich) zur Anpassung der Ergonomie‑Parameter an surbillou@hotmail.com.
presidio_de_core_news_lg,3929,PRIVATE_URL,117,126,yahoo.com,overlaps_other_reference_label,EMAIL,aktperson erhält eine Benachrichtigung per SMS an 0469-25606346 sowie per E‑Mail an K2006@yahoo.com. Bitte prüfen Sie die Angaben zu Ihrem VWBOEGEDYA und geben Sie ggf. das aktuelle 3193557
presidio_de_core_news_lg,3931,PRIVATE_URL,163,172,gmail.com,overlaps_other_reference_label,EMAIL,"mber 4., 1937 für den Vision Care Plan. Ihr Kundenkonto, registriert unter der E‑Mail G02@gmail.com und dem Namen Güzel van Beest, ist nun aktiv."
presidio_de_core_news_lg,3932,PRIVATE_URL,303,314,hotmail.com,overlaps_other_reference_label,EMAIL," Wien Innere Stadt Innere Stadt abgestimmt ist. Bitte senden Sie Ihre Kontaktdaten an BCT@hotmail.com oder rufen Sie uns unter 03919.86178  an, um einen Termin zu vereinbaren."
presidio_de_core_news_lg,3933,PRIVATE_URL,741,752,outlook.com,overlaps_other_reference_label,EMAIL,rkshop zur emotionalen Intelligenz teilzunehmen. Bitte senden Sie Rückfragen an lirimvart@outlook.com oder telefonisch unter +238 227-298.9056.
presidio_de_core_news_lg,3934,PRIVATE_URL,397,408,outlook.com,overlaps_other_reference_label,EMAIL,ion über zukünftige Projekte; Rückmeldungen bitte bis zum 2018-10-25T00:00:00 an armezobo@outlook.com senden.
presidio_de_core_news_lg,3935,PRIVATE_URL,395,406,hotmail.com,overlaps_other_reference_label,EMAIL, sind – insbesondere die Telefonnummer +10-714-567 7813 und die E‑Mail-Adresse bavabraham@hotmail.com.
presidio_de_core_news_lg,3936,PRIVATE_URL,108,122,protonmail.com,overlaps_other_reference_label,EMAIL,hre Rückmeldung zu den vorgeschlagenen *Hosta*-Sorten an Yolina May-Lee Kdimati unter 01M@protonmail.com bis zum 1993-05-31T00:00:00.
presidio_de_core_news_lg,3937,PRIVATE_URL,185,196,hotmail.com,overlaps_other_reference_label,EMAIL,furt am Wörthersee St. Martin. Mehr Infos per Telefon: +01.33.938.1142 oder E‑Mail: lcras@hotmail.com.
presidio_de_core_news_lg,3938,PRIVATE_URL,246,260,protonmail.com,overlaps_other_reference_label,EMAIL,"n.
Name: Nephele Pouchèle
Geburtsdatum: Mai/13
Geschlecht: Weiblich
E‑Mail-Adresse: CBO13@protonmail.com
Telefon (für Notfälle): 0043 02.438.1637
Adresse des Wohnsitzes:
  Straße und Hausnummer:"
presidio_de_core_news_lg,3939,PRIVATE_URL,344,353,yahoo.com,overlaps_other_reference_label,EMAIL,", inklusive einer Kopie des 51475288 und des PZMLDFWMVQ, an die Personalabteilung unter C@yahoo.com."
presidio_de_core_news_lg,3942,PRIVATE_URL,403,412,yahoo.com,overlaps_other_reference_label,EMAIL,"______________
6. Letzte Immunstatus‑Messung (Datum): Februar/62
7. Kontakt‑E‑Mail: 1978C@yahoo.com
8. Telefonnummer (für Rückfragen): 0043.73.601-9109
Bitte senden Sie das ausgefüllte Form"
presidio_de_core_news_lg,3943,PRIVATE_URL,50,57,aol.com,overlaps_other_reference_label,EMAIL,Zur Kontaktaufnahme schrieb der Gouverneur AE1991@aol.com und hinterließ seine Telefonnummer 00927 133.922 5575 für Rückfragen.
presidio_de_core_news_lg,3947,PRIVATE_URL,78,89,outlook.com,overlaps_other_reference_label,EMAIL,"Bitte übermitteln Sie Ihre Kontaktdaten, darunter Armenda Kostopoulou, RK2020@outlook.com und +35.27.867.3641, sowie Ihre Adresse Favoritenstraße 1310, 6020 Salzburg Schallmoos; w"
presidio_de_core_news_lg,3948,PRIVATE_URL,668,677,yahoo.com,overlaps_other_reference_label,EMAIL,"nötigen wir zusätzliche Angaben zu Stresslevel und Koffeinkonsum, die per E‑Mail an W1960@yahoo.com gesendet werden sollen. Bitte geben Sie außerdem Ihre Steueridentifikationsnummer (76-015"
presidio_de_core_news_lg,3949,PRIVATE_URL,222,234,tutanota.com,overlaps_other_reference_label,EMAIL,"m: 15/12/2015 (Alter: 50)
Adresse: Münzgrabenstraße 27, 4060 Linz Kaplanhof
E‑Mail: 29ELL@tutanota.com
Telefon: 0166.977.871 0609

Bitte bewerten Sie den Workshop auf einer Skala von 1 bis 5 ("
presidio_de_core_news_lg,3951,PRIVATE_URL,104,113,yahoo.com,overlaps_other_reference_label,EMAIL,"n Tukue Pallone schlägt vor, ein nachhaltiges Geschäftsmodell zu etablieren, das über ELL@yahoo.com in Natters mit der Postleitzahl 1020 erreichbar ist; das Konzept berücksichtigt die Steue"
presidio_de_core_news_lg,3953,PRIVATE_URL,442,456,protonmail.com,overlaps_other_reference_label,EMAIL," Salzburg. Für Rückfragen erreichen Sie uns unter 0143927.432 1639 oder per E‑Mail an 11E@protonmail.com. Wir freuen uns darauf, Sie dort zu sehen!"
presidio_de_core_news_lg,3958,PRIVATE_URL,623,635,tutanota.com,overlaps_other_reference_label,EMAIL,"igt von (Titel, Name): Doktorin Reihane Kneschke Natolini
11. Kontakt für Rückfragen: S28@tutanota.com | +9173591.4051"
presidio_de_core_news_lg,3959,PRIVATE_URL,53,65,tutanota.com,overlaps_other_reference_label,EMAIL,"In der E‑Mail an Max-Olivier Oberhänsli (pyelavarthi@tutanota.com) vom Mai/71 betont Meister Chikezie die Notwendigkeit, die Ausgaben für KI‑Forschung bis "
presidio_de_core_news_lg,3960,PRIVATE_URL,472,483,hotmail.com,overlaps_other_reference_label,EMAIL,"otim: „Alles klar, ich buche das Boot für den 9. April 1995 und informiere das Team via M@hotmail.com.“"
presidio_de_core_news_lg,3961,PRIVATE_URL,329,343,protonmail.com,overlaps_other_reference_label,EMAIL,"nst in der Werkstatt von Zachäus gefertigt wurden. Besucher können sich per E‑Mail an 13L@protonmail.com wenden, um exklusive Führungen zu buchen, und erhalten bei Vorlage ihres 13972262 einen R"
presidio_de_core_news_lg,3962,PRIVATE_URL,99,113,protonmail.com,overlaps_other_reference_label,EMAIL,"lnehmerinnen und Teilnehmer, bitte melden Sie sich bis zum 15/08/2025 per E‑Mail an E1973@protonmail.com mit Ihrem vollständigen Namen Clarinda Federike Bensi und Ihrem Geburtsdatum 12/10/1976, "
presidio_de_core_news_lg,3962,PRIVATE_URL,463,477,protonmail.com,overlaps_other_reference_label,EMAIL, Auto. Bei Fragen kontaktieren Sie uns unter 0148.32 877.6474 oder schreiben Sie an Ü1946@protonmail.com.
presidio_de_core_news_lg,3964,PRIVATE_URL,428,437,gmail.com,overlaps_other_reference_label,EMAIL,"en. Falls Sie spezielle Ernährungswünsche haben, senden Sie diese bis zum 05/02/2012 an F@gmail.com."
presidio_de_core_news_lg,3965,PRIVATE_URL,285,292,aol.com,overlaps_other_reference_label,EMAIL,"ebieten konzentriert. Könnten Sie uns bitte Ihre Kontaktdaten, einschließlich E‑Mail (LPB@aol.com) und Telefon (0597 91530208), sowie Ihre aktuelle Anschrift (Ernst-Mach-Straße 78, 1120 L"
presidio_de_core_news_lg,3966,PRIVATE_URL,421,428,aol.com,overlaps_other_reference_label,EMAIL,Sie bitte Ihre Kreditkartennummer 346144446078256 und die zugehörige E‑Mail‑Adresse 2015G@aol.com an.
presidio_de_core_news_lg,3967,PRIVATE_URL,348,359,hotmail.com,overlaps_other_reference_label,EMAIL,"  Geschlecht: Weiblich   Geschlechtsidentität: Nicht-binär Kontakt: E‑Mail zyrjehalliwell@hotmail.com, Telefon 0141-056 055 0430; Anschrift: Canongasse 8a, 6020 Wien KG Alsergrund. Weitere An"
presidio_de_core_news_lg,3969,PRIVATE_URL,240,249,gmail.com,overlaps_other_reference_label,EMAIL,"n. Angaben zu Ihrer Person:
Name: Bgm Olina Shodatsang Schmaus Kanyagia
E‑Mail: majpallas@gmail.com
Telefon: +5.701.176.6439
Geburtsdatum: 30/01/1959 (Alter: 46 Jahre)
Biologisches Geschlec"
presidio_de_core_news_lg,3970,PRIVATE_URL,288,299,outlook.com,overlaps_other_reference_label,EMAIL,"r: Mantschehofgasse 113
   PLZ / Ort: 9020 Wien Landstraße
5. Kontakt:
   E‑Mail: malvent@outlook.com
   Telefon: +4302.883 2600
6. Steuer‑Nummer: 83-5057323
7. Letzte Spende (Datum & Betrag)"
presidio_de_core_news_lg,3970,PRIVATE_URL,477,486,gmail.com,overlaps_other_reference_label,EMAIL,"g): 17/04/1973 – €6259552291106943

Bitte senden Sie das ausgefüllte Formular an jirkryka@gmail.com oder per Post an die neue Adresse."
presidio_de_core_news_lg,3974,PRIVATE_URL,149,160,hotmail.com,overlaps_other_reference_label,EMAIL,"e‑Meeting zu organisieren; bitte senden Sie mir Ihre Kontaktdaten, insbesondere Ihre DT19@hotmail.com und Ihre +43619.318 3031."
presidio_de_core_news_lg,3978,PRIVATE_URL,240,252,tutanota.com,overlaps_other_reference_label,EMAIL,"orge bequem über unsere App verwalten können. Bitte bestätigen Sie Ihre E‑Mail-Adresse (T@tutanota.com) und geben Sie Ihre Steuer‑Identifikationsnummer (18-0129956) an, damit wir Ihr Konto kor"
presidio_de_core_news_lg,3979,PRIVATE_URL,239,251,tutanota.com,overlaps_other_reference_label,EMAIL,"ch / Androgyn
5. Staatsangehörigkeit (für Reisepass): Q7802244
6. Kontakt‑E‑Mail: yueatsi@tutanota.com
7. Mobilnummer: +330-427 575 9180
Bitte senden Sie das ausgefüllte Formular bis zum Mai/6"
presidio_de_core_news_lg,3979,PRIVATE_URL,389,400,hotmail.com,overlaps_other_reference_label,EMAIL,Sie das ausgefüllte Formular bis zum Mai/65 an die Koordinatorin Nikan Heather (E‑Mail: C@hotmail.com).
presidio_de_core_news_lg,3982,PRIVATE_URL,176,187,outlook.com,overlaps_other_reference_label,EMAIL,tivals aus Innsbruck Vill Vill am 01/08/1953. Für Rückfragen erreichen Sie mich unter LKC@outlook.com oder telefonisch unter 001.606 612 2343.
presidio_de_core_news_lg,3986,PRIVATE_URL,172,181,gmail.com,overlaps_other_reference_label,EMAIL, Wien zu kommen. Bitte bestätigen Sie Ihre Teilnahme bis zum April/99 per E‑Mail an A1994@gmail.com und geben Sie dabei Ihre Sozialversicherungsnummer 9453 981101 an.
presidio_de_core_news_lg,3987,PRIVATE_URL,723,730,aol.com,overlaps_other_reference_label,EMAIL,"cher, dass alle Ausgaben korrekt verbucht werden.
Ich stehe Ihnen für Rückfragen unter VH@aol.com oder (954) 6831119 zur Verfügung."
presidio_de_core_news_lg,3990,PRIVATE_URL,367,378,hotmail.com,overlaps_other_reference_label,EMAIL,"wicklung unseres Teams unverzichtbar. Bitte senden Sie Ihre Rückmeldungen an frezzekavica@hotmail.com und geben Sie dabei auch Ihr Alter (18) sowie Ihre Geschlechtsidentität (Transgender) an,"
presidio_de_core_news_lg,3991,PRIVATE_URL,114,128,protonmail.com,overlaps_other_reference_label,EMAIL,"Ich habe seltene Vintage‑Knöpfe aus Graz Gries gefunden. Schickt mir bitte Details an ERV@protonmail.com oder ruft mich an unter 02528.69733 ."""
presidio_de_core_news_lg,3992,PRIVATE_URL,712,726,protonmail.com,overlaps_other_reference_label,EMAIL,"Schritte umfassen die Schulung der Abteilungsleiter, die über das interne Portal an 1948M@protonmail.com und per Telefon unter +43-154 392.0837 koordiniert wird. Das Protokoll wird in der Cloud "
presidio_de_core_news_lg,3993,PRIVATE_URL,525,534,gmail.com,overlaps_other_reference_label,EMAIL,der Kostenprognose verwendet. Teilen Sie uns bitte Ihre bevorzugte Kontakt‑E‑Mail (1993MW@gmail.com) und Telefonnummer (01438 324 289.1774) mit. Die Umfrage ist bis zum 25/02/2020 offen; na
presidio_de_core_news_lg,3995,PRIVATE_URL,66,75,gmail.com,overlaps_other_reference_label,EMAIL,Bitte senden Sie Ihre Rückmeldung bis zum 02/09/1964 an novkaboll@gmail.com und geben Sie Ihre 21078150 sowie Ihr 22 an.
presidio_de_core_news_lg,3997,PRIVATE_URL,269,283,protonmail.com,overlaps_other_reference_label,EMAIL,"ie Personalabteilung zu senden. Sollten Sie Fragen haben, steht Ihnen unser Team unter KM@protonmail.com zur Verfügung."
presidio_de_core_news_lg,3998,PRIVATE_URL,232,239,aol.com,overlaps_other_reference_label,EMAIL,"tte senden Sie uns bis zum 30/03/1969 Ihre vollständigen Kontaktdaten, einschließlich RBM@aol.com, +43-70.226-9268 sowie die Kopie Ihres 16964608; für die sichere Unterbringung benötigen "
